# doc_id	para_idx	verses
# source=library/source_links.json
# threshold=build_graph.MIN_SCORE (default 0.25 unless graphs were rebuilt with --min-score)
gutenberg_lds:lucy_mack_smith	321	20
history_of_church:vol1	343	20
history_of_church:vol1	422	20
history_of_church:vol1	663	20
history_of_church:vol1	926	20
history_of_church:vol1	1202	20
history_of_church:vol1	1239	20
history_of_church:vol1	1415	20
history_of_church:vol1	2001	20
history_of_church:vol1	2025	20
history_of_church:vol1	2043	20
history_of_church:vol1	2095	20
history_of_church:vol1	2844	20
history_of_church:vol1	3011	20
journal_of_discourses:vol_22	435	20
times_and_seasons:times_and_seasons_1839_1846_1839_december_vol_04_no_02	68	20
times_and_seasons:times_and_seasons_1839_1846_1840_december_vol_02_no_04	136	20
times_and_seasons:times_and_seasons_1839_1846_1840_march_vol_01_no_05	11	20
times_and_seasons:times_and_seasons_1839_1846_1840_september_vol_01_no_11	292	20
times_and_seasons:times_and_seasons_1839_1846_1841_june_vol_02_no_15	1092	20
times_and_seasons:times_and_seasons_1839_1846_1841_june_vol_02_no_15	1173	20
history_of_church:vol1	710	19
history_of_church:vol1	798	19
history_of_church:vol1	1060	19
history_of_church:vol1	1371	19
history_of_church:vol1	1554	19
history_of_church:vol1	1670	19
history_of_church:vol1	1776	19
history_of_church:vol1	1857	19
history_of_church:vol1	2159	19
history_of_church:vol1	2240	19
history_of_church:vol1	2504	19
history_of_church:vol1	2541	19
history_of_church:vol1	3643	19
history_of_church:vol1	3957	19
joseph_smith_papers:lectures_on_faith	82	19
times_and_seasons:times_and_seasons_1839_1846_1839_july_vol_01_no_01	186	19
times_and_seasons:times_and_seasons_1839_1846_1840_april_vol_01_no_06	3	19
times_and_seasons:times_and_seasons_1839_1846_1840_april_vol_01_no_06	32	19
times_and_seasons:times_and_seasons_1839_1846_1840_april_vol_01_no_06	199	19
times_and_seasons:times_and_seasons_1839_1846_1840_april_vol_01_no_06	273	19
times_and_seasons:times_and_seasons_1839_1846_1840_april_vol_01_no_06	346	19
times_and_seasons:times_and_seasons_1839_1846_1840_february_vol_01_no_04	35	19
times_and_seasons:times_and_seasons_1839_1846_1840_january_vol_01_no_03	42	19
times_and_seasons:times_and_seasons_1839_1846_1840_january_vol_01_no_03	56	19
times_and_seasons:times_and_seasons_1839_1846_1840_march_vol_01_no_05	12	19
times_and_seasons:times_and_seasons_1839_1846_1840_september_vol_01_no_11	26	19
times_and_seasons:times_and_seasons_1839_1846_1840_september_vol_01_no_11	289	19
times_and_seasons:times_and_seasons_1839_1846_1841_april_vol_02_no_11	26	19
times_and_seasons:times_and_seasons_1839_1846_1841_june_vol_02_no_15	53	19
times_and_seasons:times_and_seasons_1839_1846_1841_june_vol_02_no_15	1081	19
times_and_seasons:times_and_seasons_1839_1846_1841_june_vol_02_no_15	2180	19
times_and_seasons:times_and_seasons_1839_1846_1841_june_vol_02_no_15	3897	19
times_and_seasons:times_and_seasons_1839_1846_1845_december_vol_06_no_19	52	19
history_of_church:vol1	268	18
history_of_church:vol1	320	18
history_of_church:vol1	972	18
history_of_church:vol1	1503	18
history_of_church:vol1	1628	18
history_of_church:vol1	1900	18
history_of_church:vol1	2748	18
history_of_church:vol1	3210	18
history_of_church:vol1	3228	18
history_of_church:vol1	3323	18
history_of_church:vol1	3671	18
millennial_star:millennial_star_1840_1859_1850_february_vol_17_no_05	3	18
millennial_star:millennial_star_1840_1859_1850_june_vol_18_no_20	7	18
millennial_star:millennial_star_1840_1859_1850_october_vol_18_no_42	11	18
millennial_star:millennial_star_1840_1859_1852_december_vol_14_no_44	480	18
millennial_star:millennial_star_1840_1859_1852_november_vol_14_no_04	11	18
times_and_seasons:times_and_seasons_1839_1846_1839_july_vol_01_no_01	58	18
times_and_seasons:times_and_seasons_1839_1846_1839_july_vol_01_no_01	136	18
times_and_seasons:times_and_seasons_1839_1846_1840_september_vol_01_no_11	290	18
times_and_seasons:times_and_seasons_1839_1846_1840_september_vol_01_no_11	294	18
times_and_seasons:times_and_seasons_1839_1846_1841_april_vol_02_no_11	2	18
times_and_seasons:times_and_seasons_1839_1846_1841_april_vol_02_no_11	19	18
times_and_seasons:times_and_seasons_1839_1846_1841_january_vol_02_no_06	18	18
times_and_seasons:times_and_seasons_1839_1846_1841_june_vol_02_no_15	30	18
times_and_seasons:times_and_seasons_1839_1846_1841_june_vol_02_no_15	38	18
times_and_seasons:times_and_seasons_1839_1846_1841_june_vol_02_no_15	41	18
times_and_seasons:times_and_seasons_1839_1846_1841_june_vol_02_no_15	491	18
times_and_seasons:times_and_seasons_1839_1846_1841_june_vol_02_no_15	1089	18
times_and_seasons:times_and_seasons_1839_1846_1841_june_vol_02_no_15	2408	18
times_and_seasons:times_and_seasons_1839_1846_1841_june_vol_02_no_15	3725	18
times_and_seasons:times_and_seasons_1839_1846_1841_june_vol_02_no_15	3900	18
times_and_seasons:times_and_seasons_1839_1846_1841_june_vol_02_no_15	3944	18
times_and_seasons:times_and_seasons_1839_1846_1844_november_vol_05_no_21	577	18
history_of_church:vol1	1327	17
history_of_church:vol1	1699	17
history_of_church:vol1	1744	17
history_of_church:vol1	2295	17
history_of_church:vol1	2413	17
millennial_star:millennial_star_1840_1859_1850_august_vol_21_no_33	272	17
millennial_star:millennial_star_1840_1859_1852_april_vol_14_no_09	8	17
millennial_star:millennial_star_1840_1859_1852_april_vol_14_no_09	12	17
millennial_star:millennial_star_1840_1859_1852_april_vol_14_no_09	413	17
millennial_star:millennial_star_1840_1859_1852_april_vol_14_no_09	470	17
millennial_star:millennial_star_1840_1859_1852_april_vol_14_no_09	487	17
millennial_star:millennial_star_1840_1859_1852_april_vol_14_no_09	611	17
millennial_star:millennial_star_1840_1859_1852_april_vol_14_no_09	712	17
millennial_star:millennial_star_1840_1859_1852_august_vol_14_no_25	17	17
millennial_star:millennial_star_1840_1859_1852_august_vol_14_no_26	43	17
millennial_star:millennial_star_1840_1859_1852_august_vol_14_no_26	70	17
millennial_star:millennial_star_1840_1859_1852_august_vol_14_no_27	12	17
millennial_star:millennial_star_1840_1859_1852_august_vol_14_no_27	110	17
millennial_star:millennial_star_1840_1859_1852_december_vol_14_no_44	15	17
millennial_star:millennial_star_1840_1859_1852_december_vol_14_no_44	421	17
millennial_star:millennial_star_1840_1859_1852_december_vol_14_no_44	431	17
millennial_star:millennial_star_1840_1859_1852_december_vol_14_no_44	663	17
millennial_star:millennial_star_1840_1859_1852_december_vol_14_no_44	1091	17
millennial_star:millennial_star_1840_1859_1852_july_vol_14_no_21	158	17
millennial_star:millennial_star_1840_1859_1852_november_vol_14_no_04	190	17
millennial_star:millennial_star_1840_1859_1852_november_vol_14_no_04	211	17
pioneer_journals:lucy_mack_smith_history	619	17
times_and_seasons:times_and_seasons_1839_1846_1839_july_vol_01_no_01	29	17
times_and_seasons:times_and_seasons_1839_1846_1839_july_vol_01_no_01	51	17
times_and_seasons:times_and_seasons_1839_1846_1839_july_vol_01_no_01	81	17
times_and_seasons:times_and_seasons_1839_1846_1841_february_vol_02_no_07	31	17
times_and_seasons:times_and_seasons_1839_1846_1841_january_vol_02_no_06	57	17
times_and_seasons:times_and_seasons_1839_1846_1841_june_vol_02_no_15	52	17
times_and_seasons:times_and_seasons_1839_1846_1841_june_vol_02_no_15	736	17
times_and_seasons:times_and_seasons_1839_1846_1841_june_vol_02_no_15	1177	17
times_and_seasons:times_and_seasons_1839_1846_1841_june_vol_02_no_15	1350	17
times_and_seasons:times_and_seasons_1839_1846_1841_june_vol_02_no_15	2395	17
times_and_seasons:times_and_seasons_1839_1846_1841_june_vol_02_no_15	2894	17
church_fathers:the_ante_nicene_fathers_translations_of_the_writings_of_the_fathers_down_to_a_d_325	232	16
history_of_church:vol1	1019	16
history_of_church:vol1	1882	16
history_of_church:vol1	2331	16
history_of_church:vol1	2689	16
history_of_church:vol1	3375	16
history_of_church:vol1	3404	16
journal_of_discourses:vol_06	701	16
millennial_star:millennial_star_1840_1859_1850_february_vol_17_no_05	10	16
millennial_star:millennial_star_1840_1859_1850_june_vol_18_no_20	83	16
millennial_star:millennial_star_1840_1859_1850_may_vol_18_no_22	631	16
millennial_star:millennial_star_1840_1859_1852_april_vol_14_no_09	7	16
millennial_star:millennial_star_1840_1859_1852_april_vol_14_no_09	64	16
millennial_star:millennial_star_1840_1859_1852_april_vol_14_no_09	91	16
millennial_star:millennial_star_1840_1859_1852_april_vol_14_no_09	94	16
millennial_star:millennial_star_1840_1859_1852_april_vol_14_no_09	158	16
millennial_star:millennial_star_1840_1859_1852_april_vol_14_no_09	324	16
millennial_star:millennial_star_1840_1859_1852_april_vol_14_no_09	602	16
millennial_star:millennial_star_1840_1859_1852_december_vol_14_no_43	75	16
millennial_star:millennial_star_1840_1859_1852_december_vol_14_no_44	10	16
millennial_star:millennial_star_1840_1859_1852_december_vol_14_no_44	176	16
millennial_star:millennial_star_1840_1859_1852_december_vol_14_no_44	647	16
millennial_star:millennial_star_1840_1859_1852_december_vol_14_no_44	742	16
millennial_star:millennial_star_1840_1859_1852_december_vol_14_no_44	1001	16
millennial_star:millennial_star_1840_1859_1852_june_vol_25_no_17	412	16
millennial_star:millennial_star_1840_1859_1859_december_vol_21_no_53	11286	16
pioneer_journals:wilford_woodruff_journals	2957	16
times_and_seasons:times_and_seasons_1839_1846_1839_december_vol_04_no_02	108	16
times_and_seasons:times_and_seasons_1839_1846_1840_april_vol_01_no_06	204	16
times_and_seasons:times_and_seasons_1839_1846_1840_april_vol_01_no_06	622	16
times_and_seasons:times_and_seasons_1839_1846_1840_december_vol_02_no_04	114	16
times_and_seasons:times_and_seasons_1839_1846_1840_february_vol_01_no_04	82	16
times_and_seasons:times_and_seasons_1839_1846_1840_february_vol_01_no_04	83	16
times_and_seasons:times_and_seasons_1839_1846_1840_march_vol_01_no_05	30	16
times_and_seasons:times_and_seasons_1839_1846_1840_september_vol_01_no_11	128	16
times_and_seasons:times_and_seasons_1839_1846_1841_april_vol_02_no_11	21	16
times_and_seasons:times_and_seasons_1839_1846_1841_june_vol_02_no_15	1172	16
times_and_seasons:times_and_seasons_1839_1846_1841_june_vol_02_no_15	1978	16
times_and_seasons:times_and_seasons_1839_1846_1841_june_vol_02_no_15	3010	16
times_and_seasons:times_and_seasons_1839_1846_1841_june_vol_02_no_15	3903	16
times_and_seasons:times_and_seasons_1839_1846_1844_july_vol_05_no_13	14	16
gutenberg_lds:jesus_the_christ_a_study_of_the_messiah_and_his_mission_according_to_holy_scriptures_both_ancient_and_modern	86	15
gutenberg_lds:jesus_the_christ_a_study_of_the_messiah_and_his_mission_according_to_holy_scriptures_both_ancient_and_modern	325	15
history_of_church:vol1	1043	15
history_of_church:vol1	2278	15
history_of_church:vol1	2461	15
history_of_church:vol1	3791	15
journal_of_discourses:vol_04	509	15
journal_of_discourses:vol_17	313	15
millennial_star:millennial_star_1840_1859_1850_august_vol_21_no_33	79	15
millennial_star:millennial_star_1840_1859_1850_august_vol_21_no_33	80	15
millennial_star:millennial_star_1840_1859_1850_august_vol_21_no_33	105	15
millennial_star:millennial_star_1840_1859_1850_august_vol_21_no_33	211	15
millennial_star:millennial_star_1840_1859_1850_august_vol_21_no_33	256	15
millennial_star:millennial_star_1840_1859_1850_june_vol_18_no_20	73	15
millennial_star:millennial_star_1840_1859_1850_may_vol_18_no_22	55	15
millennial_star:millennial_star_1840_1859_1850_may_vol_18_no_22	137	15
millennial_star:millennial_star_1840_1859_1852_april_vol_14_no_09	16	15
millennial_star:millennial_star_1840_1859_1852_april_vol_14_no_09	17	15
millennial_star:millennial_star_1840_1859_1852_april_vol_14_no_09	53	15
millennial_star:millennial_star_1840_1859_1852_april_vol_14_no_09	86	15
millennial_star:millennial_star_1840_1859_1852_april_vol_14_no_09	139	15
millennial_star:millennial_star_1840_1859_1852_april_vol_14_no_09	142	15
millennial_star:millennial_star_1840_1859_1852_april_vol_14_no_09	151	15
millennial_star:millennial_star_1840_1859_1852_april_vol_14_no_09	783	15
millennial_star:millennial_star_1840_1859_1852_april_vol_14_no_09	879	15
millennial_star:millennial_star_1840_1859_1852_april_vol_14_no_09	1060	15
millennial_star:millennial_star_1840_1859_1852_august_vol_14_no_27	8	15
millennial_star:millennial_star_1840_1859_1852_august_vol_14_no_27	50	15
millennial_star:millennial_star_1840_1859_1852_august_vol_14_no_27	63	15
millennial_star:millennial_star_1840_1859_1852_december_vol_14_no_44	38	15
millennial_star:millennial_star_1840_1859_1852_december_vol_14_no_44	42	15
millennial_star:millennial_star_1840_1859_1852_december_vol_14_no_44	155	15
millennial_star:millennial_star_1840_1859_1852_december_vol_14_no_44	167	15
millennial_star:millennial_star_1840_1859_1852_december_vol_14_no_44	262	15
millennial_star:millennial_star_1840_1859_1852_december_vol_14_no_44	487	15
millennial_star:millennial_star_1840_1859_1852_december_vol_14_no_44	646	15
millennial_star:millennial_star_1840_1859_1852_december_vol_14_no_44	729	15
millennial_star:millennial_star_1840_1859_1852_december_vol_14_no_44	981	15
millennial_star:millennial_star_1840_1859_1852_december_vol_14_no_44	1249	15
millennial_star:millennial_star_1840_1859_1852_july_vol_14_no_21	56	15
millennial_star:millennial_star_1840_1859_1852_july_vol_14_no_21	64	15
millennial_star:millennial_star_1840_1859_1852_june_vol_25_no_17	140	15
millennial_star:millennial_star_1840_1859_1852_november_vol_14_no_04	90	15
millennial_star:millennial_star_1840_1859_1852_november_vol_14_no_04	213	15
millennial_star:millennial_star_1840_1859_1852_november_vol_14_no_04	437	15
millennial_star:millennial_star_1840_1859_1859_december_vol_21_no_53	949	15
millennial_star:millennial_star_1840_1859_1859_december_vol_21_no_53	6355	15
millennial_star:millennial_star_1840_1859_1859_december_vol_21_no_53	15122	15
millennial_star:millennial_star_1840_1859_1859_december_vol_21_no_53	20868	15
times_and_seasons:times_and_seasons_1839_1846_1840_april_vol_01_no_06	472	15
times_and_seasons:times_and_seasons_1839_1846_1840_december_vol_02_no_04	33	15
times_and_seasons:times_and_seasons_1839_1846_1840_february_vol_01_no_04	28	15
times_and_seasons:times_and_seasons_1839_1846_1841_june_vol_02_no_15	55	15
times_and_seasons:times_and_seasons_1839_1846_1841_june_vol_02_no_15	2151	15
times_and_seasons:times_and_seasons_1839_1846_1841_june_vol_02_no_15	2871	15
times_and_seasons:times_and_seasons_1839_1846_1841_june_vol_02_no_15	3031	15
church_fathers:a_select_library_of_the_nicene_and_post_nicene_fathers_of_the_christian_church	586	14
gutenberg_lds:jesus_the_christ_a_study_of_the_messiah_and_his_mission_according_to_holy_scriptures_both_ancient_and_modern	409	14
history_of_church:vol1	522	14
history_of_church:vol1	992	14
millennial_star:millennial_star_1840_1859_1850_august_vol_21_no_33	35	14
millennial_star:millennial_star_1840_1859_1850_august_vol_21_no_33	77	14
millennial_star:millennial_star_1840_1859_1850_june_vol_18_no_20	25	14
millennial_star:millennial_star_1840_1859_1850_june_vol_18_no_20	115	14
millennial_star:millennial_star_1840_1859_1850_may_vol_18_no_22	147	14
millennial_star:millennial_star_1840_1859_1850_may_vol_18_no_22	224	14
millennial_star:millennial_star_1840_1859_1850_may_vol_18_no_22	405	14
millennial_star:millennial_star_1840_1859_1852_april_vol_14_no_09	4	14
millennial_star:millennial_star_1840_1859_1852_april_vol_14_no_09	52	14
millennial_star:millennial_star_1840_1859_1852_april_vol_14_no_09	79	14
millennial_star:millennial_star_1840_1859_1852_april_vol_14_no_09	195	14
millennial_star:millennial_star_1840_1859_1852_april_vol_14_no_09	326	14
millennial_star:millennial_star_1840_1859_1852_april_vol_14_no_09	496	14
millennial_star:millennial_star_1840_1859_1852_april_vol_14_no_09	986	14
millennial_star:millennial_star_1840_1859_1852_april_vol_14_no_09	994	14
millennial_star:millennial_star_1840_1859_1852_april_vol_14_no_09	1001	14
millennial_star:millennial_star_1840_1859_1852_august_vol_14_no_26	30	14
millennial_star:millennial_star_1840_1859_1852_august_vol_14_no_27	14	14
millennial_star:millennial_star_1840_1859_1852_december_vol_14_no_44	8	14
millennial_star:millennial_star_1840_1859_1852_december_vol_14_no_44	201	14
millennial_star:millennial_star_1840_1859_1852_december_vol_14_no_44	235	14
millennial_star:millennial_star_1840_1859_1852_december_vol_14_no_44	238	14
millennial_star:millennial_star_1840_1859_1852_december_vol_14_no_44	336	14
millennial_star:millennial_star_1840_1859_1852_december_vol_14_no_44	341	14
millennial_star:millennial_star_1840_1859_1852_december_vol_14_no_44	416	14
millennial_star:millennial_star_1840_1859_1852_december_vol_14_no_44	485	14
millennial_star:millennial_star_1840_1859_1852_december_vol_14_no_44	648	14
millennial_star:millennial_star_1840_1859_1852_december_vol_14_no_44	749	14
millennial_star:millennial_star_1840_1859_1852_december_vol_14_no_44	823	14
millennial_star:millennial_star_1840_1859_1852_december_vol_14_no_44	979	14
millennial_star:millennial_star_1840_1859_1852_december_vol_14_no_44	1008	14
millennial_star:millennial_star_1840_1859_1852_december_vol_14_no_44	1013	14
millennial_star:millennial_star_1840_1859_1852_december_vol_14_no_44	1080	14
millennial_star:millennial_star_1840_1859_1852_december_vol_14_no_44	1133	14
millennial_star:millennial_star_1840_1859_1852_december_vol_14_no_44	1247	14
millennial_star:millennial_star_1840_1859_1852_july_vol_14_no_21	4	14
millennial_star:millennial_star_1840_1859_1852_july_vol_14_no_21	174	14
millennial_star:millennial_star_1840_1859_1852_july_vol_14_no_21	547	14
millennial_star:millennial_star_1840_1859_1852_june_vol_25_no_17	49	14
millennial_star:millennial_star_1840_1859_1852_june_vol_25_no_17	108	14
millennial_star:millennial_star_1840_1859_1852_june_vol_25_no_17	341	14
millennial_star:millennial_star_1840_1859_1852_november_vol_14_no_04	207	14
millennial_star:millennial_star_1840_1859_1853_september_vol_15_no_36	307	14
millennial_star:millennial_star_1840_1859_1854_february_vol_16_no_05	526	14
millennial_star:millennial_star_1840_1859_1858_december_vol_20_no_51	85	14
millennial_star:millennial_star_1840_1859_1858_march_vol_20_no_12	1758	14
millennial_star:millennial_star_1840_1859_1859_december_vol_21_no_53	613	14
millennial_star:millennial_star_1840_1859_1859_december_vol_21_no_53	14637	14
times_and_seasons:times_and_seasons_1839_1846_1840_april_vol_01_no_06	22	14
times_and_seasons:times_and_seasons_1839_1846_1840_april_vol_01_no_06	463	14
times_and_seasons:times_and_seasons_1839_1846_1840_march_vol_01_no_05	10	14
times_and_seasons:times_and_seasons_1839_1846_1841_february_vol_02_no_07	2	14
times_and_seasons:times_and_seasons_1839_1846_1841_february_vol_02_no_07	49	14
times_and_seasons:times_and_seasons_1839_1846_1841_june_vol_02_no_15	2404	14
times_and_seasons:times_and_seasons_1839_1846_1841_june_vol_02_no_15	2729	14
times_and_seasons:times_and_seasons_1839_1846_1841_june_vol_02_no_15	2999	14
history_of_church:vol1	839	13
history_of_church:vol1	1169	13
history_of_church:vol1	3295	13
history_of_church:vol1	4094	13
journal_of_discourses:vol_01	590	13
journal_of_discourses:vol_04	113	13
journal_of_discourses:vol_14	290	13
journal_of_discourses:vol_19	483	13
journal_of_discourses:vol_21	632	13
millennial_star:millennial_star_1840_1859_1850_august_vol_21_no_33	168	13
millennial_star:millennial_star_1840_1859_1850_august_vol_21_no_33	215	13
millennial_star:millennial_star_1840_1859_1850_august_vol_21_no_33	255	13
millennial_star:millennial_star_1840_1859_1850_june_vol_18_no_20	12	13
millennial_star:millennial_star_1840_1859_1850_june_vol_18_no_20	74	13
millennial_star:millennial_star_1840_1859_1850_may_vol_18_no_22	50	13
millennial_star:millennial_star_1840_1859_1850_may_vol_18_no_22	51	13
millennial_star:millennial_star_1840_1859_1850_october_vol_18_no_42	112	13
millennial_star:millennial_star_1840_1859_1852_april_vol_14_no_09	3	13
millennial_star:millennial_star_1840_1859_1852_april_vol_14_no_09	13	13
millennial_star:millennial_star_1840_1859_1852_april_vol_14_no_09	23	13
millennial_star:millennial_star_1840_1859_1852_april_vol_14_no_09	41	13
millennial_star:millennial_star_1840_1859_1852_april_vol_14_no_09	149	13
millennial_star:millennial_star_1840_1859_1852_april_vol_14_no_09	150	13
millennial_star:millennial_star_1840_1859_1852_april_vol_14_no_09	488	13
millennial_star:millennial_star_1840_1859_1852_april_vol_14_no_09	490	13
millennial_star:millennial_star_1840_1859_1852_april_vol_14_no_09	495	13
millennial_star:millennial_star_1840_1859_1852_april_vol_14_no_09	532	13
millennial_star:millennial_star_1840_1859_1852_april_vol_14_no_09	564	13
millennial_star:millennial_star_1840_1859_1852_april_vol_14_no_09	939	13
millennial_star:millennial_star_1840_1859_1852_august_vol_14_no_25	90	13
millennial_star:millennial_star_1840_1859_1852_december_vol_14_no_44	58	13
millennial_star:millennial_star_1840_1859_1852_december_vol_14_no_44	71	13
millennial_star:millennial_star_1840_1859_1852_december_vol_14_no_44	245	13
millennial_star:millennial_star_1840_1859_1852_december_vol_14_no_44	298	13
millennial_star:millennial_star_1840_1859_1852_december_vol_14_no_44	540	13
millennial_star:millennial_star_1840_1859_1852_december_vol_14_no_44	803	13
millennial_star:millennial_star_1840_1859_1852_december_vol_14_no_44	910	13
millennial_star:millennial_star_1840_1859_1852_december_vol_14_no_44	951	13
millennial_star:millennial_star_1840_1859_1852_july_vol_14_no_21	48	13
millennial_star:millennial_star_1840_1859_1852_july_vol_14_no_21	454	13
millennial_star:millennial_star_1840_1859_1852_july_vol_14_no_21	507	13
millennial_star:millennial_star_1840_1859_1852_june_vol_25_no_17	142	13
millennial_star:millennial_star_1840_1859_1852_june_vol_25_no_17	179	13
millennial_star:millennial_star_1840_1859_1852_november_vol_14_no_04	221	13
millennial_star:millennial_star_1840_1859_1855_april_vol_17_no_16	929	13
millennial_star:millennial_star_1840_1859_1856_september_vol_18_no_36	54	13
millennial_star:millennial_star_1840_1859_1857_december_vol_19_no_50	38	13
millennial_star:millennial_star_1840_1859_1858_august_vol_18_no_31	41	13
millennial_star:millennial_star_1840_1859_1859_december_vol_21_no_53	3352	13
times_and_seasons:times_and_seasons_1839_1846_1840_april_vol_01_no_06	186	13
times_and_seasons:times_and_seasons_1839_1846_1840_april_vol_01_no_06	317	13
times_and_seasons:times_and_seasons_1839_1846_1840_september_vol_01_no_11	27	13
times_and_seasons:times_and_seasons_1839_1846_1841_april_vol_02_no_11	325	13
times_and_seasons:times_and_seasons_1839_1846_1841_june_vol_02_no_15	1250	13
times_and_seasons:times_and_seasons_1839_1846_1841_june_vol_02_no_15	2884	13
times_and_seasons:times_and_seasons_1839_1846_1841_june_vol_02_no_15	2914	13
times_and_seasons:times_and_seasons_1839_1846_1841_june_vol_02_no_15	3610	13
times_and_seasons:times_and_seasons_1839_1846_1841_june_vol_02_no_15	3627	13
times_and_seasons:times_and_seasons_1839_1846_1844_january_vol_05_no_02	513	13
church_fathers:a_select_library_of_the_nicene_and_post_nicene_fathers_of_the_christian_church	39	12
church_fathers:the_anti_pelagian_writings_volume_6_first_series_of_the_nicene_and_post_nicene_fathers	437	12
gutenberg_lds:jesus_the_christ_a_study_of_the_messiah_and_his_mission_according_to_holy_scriptures_both_ancient_and_modern	431	12
history_of_church:vol1	462	12
history_of_church:vol1	548	12
history_of_church:vol1	853	12
history_of_church:vol1	1402	12
history_of_church:vol1	2226	12
history_of_church:vol1	2657	12
journal_of_discourses:vol_02	614	12
millennial_star:millennial_star_1840_1859_1850_august_vol_21_no_33	7	12
millennial_star:millennial_star_1840_1859_1850_august_vol_21_no_33	305	12
millennial_star:millennial_star_1840_1859_1850_february_vol_17_no_05	43	12
millennial_star:millennial_star_1840_1859_1850_june_vol_18_no_20	112	12
millennial_star:millennial_star_1840_1859_1850_may_vol_18_no_22	33	12
millennial_star:millennial_star_1840_1859_1850_may_vol_18_no_22	39	12
millennial_star:millennial_star_1840_1859_1850_may_vol_18_no_22	46	12
millennial_star:millennial_star_1840_1859_1850_may_vol_18_no_22	76	12
millennial_star:millennial_star_1840_1859_1850_may_vol_18_no_22	205	12
millennial_star:millennial_star_1840_1859_1850_may_vol_18_no_22	207	12
millennial_star:millennial_star_1840_1859_1850_may_vol_18_no_22	360	12
millennial_star:millennial_star_1840_1859_1850_may_vol_18_no_22	401	12
millennial_star:millennial_star_1840_1859_1850_may_vol_18_no_22	515	12
millennial_star:millennial_star_1840_1859_1850_may_vol_18_no_22	625	12
millennial_star:millennial_star_1840_1859_1850_may_vol_18_no_22	628	12
millennial_star:millennial_star_1840_1859_1852_april_vol_14_no_09	45	12
millennial_star:millennial_star_1840_1859_1852_april_vol_14_no_09	56	12
millennial_star:millennial_star_1840_1859_1852_april_vol_14_no_09	58	12
millennial_star:millennial_star_1840_1859_1852_april_vol_14_no_09	189	12
millennial_star:millennial_star_1840_1859_1852_april_vol_14_no_09	307	12
millennial_star:millennial_star_1840_1859_1852_april_vol_14_no_09	620	12
millennial_star:millennial_star_1840_1859_1852_april_vol_14_no_09	908	12
millennial_star:millennial_star_1840_1859_1852_april_vol_14_no_09	940	12
millennial_star:millennial_star_1840_1859_1852_august_vol_14_no_27	83	12
millennial_star:millennial_star_1840_1859_1852_august_vol_14_no_27	88	12
millennial_star:millennial_star_1840_1859_1852_august_vol_14_no_27	95	12
millennial_star:millennial_star_1840_1859_1852_december_vol_14_no_44	211	12
millennial_star:millennial_star_1840_1859_1852_december_vol_14_no_44	224	12
millennial_star:millennial_star_1840_1859_1852_december_vol_14_no_44	254	12
millennial_star:millennial_star_1840_1859_1852_december_vol_14_no_44	266	12
millennial_star:millennial_star_1840_1859_1852_december_vol_14_no_44	332	12
millennial_star:millennial_star_1840_1859_1852_december_vol_14_no_44	405	12
millennial_star:millennial_star_1840_1859_1852_december_vol_14_no_44	655	12
millennial_star:millennial_star_1840_1859_1852_december_vol_14_no_44	756	12
millennial_star:millennial_star_1840_1859_1852_december_vol_14_no_44	862	12
millennial_star:millennial_star_1840_1859_1852_december_vol_14_no_44	864	12
millennial_star:millennial_star_1840_1859_1852_july_vol_14_no_21	159	12
millennial_star:millennial_star_1840_1859_1852_july_vol_14_no_21	470	12
millennial_star:millennial_star_1840_1859_1852_june_vol_25_no_17	81	12
millennial_star:millennial_star_1840_1859_1852_june_vol_25_no_17	267	12
millennial_star:millennial_star_1840_1859_1852_november_vol_14_no_04	14	12
millennial_star:millennial_star_1840_1859_1853_april_vol_15_no_17	871	12
millennial_star:millennial_star_1840_1859_1856_february_vol_18_no_07	24	12
millennial_star:millennial_star_1840_1859_1858_september_vol_20_no_36	130	12
millennial_star:millennial_star_1840_1859_1859_december_vol_21_no_53	642	12
millennial_star:millennial_star_1840_1859_1859_december_vol_21_no_53	1448	12
millennial_star:millennial_star_1840_1859_1859_december_vol_21_no_53	3142	12
millennial_star:millennial_star_1840_1859_1859_december_vol_21_no_53	3367	12
millennial_star:millennial_star_1840_1859_1859_december_vol_21_no_53	3967	12
millennial_star:millennial_star_1840_1859_1859_december_vol_21_no_53	7987	12
millennial_star:millennial_star_1840_1859_1859_december_vol_21_no_53	11467	12
times_and_seasons:times_and_seasons_1839_1846_1839_december_vol_04_no_02	17	12
times_and_seasons:times_and_seasons_1839_1846_1839_july_vol_01_no_01	85	12
times_and_seasons:times_and_seasons_1839_1846_1840_april_vol_01_no_06	76	12
times_and_seasons:times_and_seasons_1839_1846_1840_april_vol_01_no_06	410	12
times_and_seasons:times_and_seasons_1839_1846_1841_june_vol_02_no_15	899	12
times_and_seasons:times_and_seasons_1839_1846_1841_june_vol_02_no_15	2243	12
times_and_seasons:times_and_seasons_1839_1846_1841_june_vol_02_no_15	2257	12
times_and_seasons:times_and_seasons_1839_1846_1842_july_vol_03_no_17	2496	12
times_and_seasons:times_and_seasons_1839_1846_1842_july_vol_03_no_17	2558	12
gutenberg_lds:parley_pratt	420	11
history_of_church:vol1	65	11
history_of_church:vol1	501	11
history_of_church:vol1	510	11
history_of_church:vol1	1112	11
history_of_church:vol1	1124	11
history_of_church:vol1	2449	11
history_of_church:vol1	2960	11
joseph_smith_papers:history_vol_a1	251	11
joseph_smith_papers:lectures_on_faith	99	11
joseph_smith_papers:lectures_on_faith	240	11
journal_of_discourses:vol_06	716	11
journal_of_discourses:vol_14	291	11
journal_of_discourses:vol_20	159	11
journal_of_discourses:vol_25	603	11
journal_of_discourses:vol_26	127	11
millennial_star:millennial_star_1840_1859_1850_august_vol_21_no_33	29	11
millennial_star:millennial_star_1840_1859_1850_august_vol_21_no_33	212	11
millennial_star:millennial_star_1840_1859_1850_february_vol_17_no_05	54	11
millennial_star:millennial_star_1840_1859_1850_february_vol_17_no_05	60	11
millennial_star:millennial_star_1840_1859_1850_february_vol_17_no_05	65	11
millennial_star:millennial_star_1840_1859_1850_may_vol_18_no_22	240	11
millennial_star:millennial_star_1840_1859_1850_may_vol_18_no_22	638	11
millennial_star:millennial_star_1840_1859_1850_october_vol_18_no_42	5	11
millennial_star:millennial_star_1840_1859_1850_october_vol_18_no_42	96	11
millennial_star:millennial_star_1840_1859_1852_april_vol_14_no_09	72	11
millennial_star:millennial_star_1840_1859_1852_april_vol_14_no_09	222	11
millennial_star:millennial_star_1840_1859_1852_april_vol_14_no_09	446	11
millennial_star:millennial_star_1840_1859_1852_april_vol_14_no_09	924	11
millennial_star:millennial_star_1840_1859_1852_august_vol_14_no_25	88	11
millennial_star:millennial_star_1840_1859_1852_august_vol_14_no_25	101	11
millennial_star:millennial_star_1840_1859_1852_august_vol_14_no_26	53	11
millennial_star:millennial_star_1840_1859_1852_august_vol_14_no_27	71	11
millennial_star:millennial_star_1840_1859_1852_august_vol_14_no_27	105	11
millennial_star:millennial_star_1840_1859_1852_december_vol_14_no_43	5	11
millennial_star:millennial_star_1840_1859_1852_december_vol_14_no_43	40	11
millennial_star:millennial_star_1840_1859_1852_december_vol_14_no_44	7	11
millennial_star:millennial_star_1840_1859_1852_december_vol_14_no_44	9	11
millennial_star:millennial_star_1840_1859_1852_december_vol_14_no_44	46	11
millennial_star:millennial_star_1840_1859_1852_december_vol_14_no_44	270	11
millennial_star:millennial_star_1840_1859_1852_december_vol_14_no_44	500	11
millennial_star:millennial_star_1840_1859_1852_december_vol_14_no_44	549	11
millennial_star:millennial_star_1840_1859_1852_december_vol_14_no_44	631	11
millennial_star:millennial_star_1840_1859_1852_december_vol_14_no_44	696	11
millennial_star:millennial_star_1840_1859_1852_december_vol_14_no_44	723	11
millennial_star:millennial_star_1840_1859_1852_december_vol_14_no_44	764	11
millennial_star:millennial_star_1840_1859_1852_december_vol_14_no_44	814	11
millennial_star:millennial_star_1840_1859_1852_december_vol_14_no_44	858	11
millennial_star:millennial_star_1840_1859_1852_december_vol_14_no_44	878	11
millennial_star:millennial_star_1840_1859_1852_december_vol_14_no_44	902	11
millennial_star:millennial_star_1840_1859_1852_december_vol_14_no_44	925	11
millennial_star:millennial_star_1840_1859_1852_december_vol_14_no_44	994	11
millennial_star:millennial_star_1840_1859_1852_december_vol_14_no_44	1357	11
millennial_star:millennial_star_1840_1859_1852_july_vol_14_no_21	37	11
millennial_star:millennial_star_1840_1859_1852_july_vol_14_no_21	55	11
millennial_star:millennial_star_1840_1859_1852_july_vol_14_no_21	455	11
millennial_star:millennial_star_1840_1859_1852_july_vol_14_no_21	469	11
millennial_star:millennial_star_1840_1859_1852_june_vol_25_no_17	20	11
millennial_star:millennial_star_1840_1859_1852_june_vol_25_no_17	206	11
millennial_star:millennial_star_1840_1859_1852_june_vol_25_no_17	309	11
millennial_star:millennial_star_1840_1859_1852_june_vol_25_no_17	385	11
millennial_star:millennial_star_1840_1859_1852_june_vol_25_no_17	420	11
millennial_star:millennial_star_1840_1859_1854_february_vol_16_no_05	2372	11
millennial_star:millennial_star_1840_1859_1855_march_vol_17_no_12	231	11
millennial_star:millennial_star_1840_1859_1856_may_vol_18_no_20	6	11
millennial_star:millennial_star_1840_1859_1857_march_vol_19_no_11	19	11
millennial_star:millennial_star_1840_1859_1859_december_vol_21_no_53	1904	11
millennial_star:millennial_star_1840_1859_1859_december_vol_21_no_53	4480	11
millennial_star:millennial_star_1840_1859_1859_december_vol_21_no_53	6391	11
millennial_star:millennial_star_1840_1859_1859_december_vol_21_no_53	14517	11
times_and_seasons:times_and_seasons_1839_1846_1840_april_vol_01_no_06	15	11
times_and_seasons:times_and_seasons_1839_1846_1840_december_vol_02_no_04	38	11
times_and_seasons:times_and_seasons_1839_1846_1841_june_vol_02_no_15	481	11
times_and_seasons:times_and_seasons_1839_1846_1841_june_vol_02_no_15	1548	11
church_fathers:a_select_library_of_the_nicene_and_post_nicene_fathers_of_the_christian_church	51	10
church_fathers:a_select_library_of_the_nicene_and_post_nicene_fathers_of_the_christian_church	90	10
history_of_church:vol1	1830	10
joseph_smith_papers:history_vol_a1	2	10
joseph_smith_papers:history_vol_a1	89	10
joseph_smith_papers:lectures_on_faith	97	10
journal_of_discourses:vol_06	703	10
journal_of_discourses:vol_08	816	10
journal_of_discourses:vol_09	304	10
journal_of_discourses:vol_15	339	10
journal_of_discourses:vol_25	269	10
millennial_star:millennial_star_1840_1859_1850_august_vol_21_no_33	2	10
millennial_star:millennial_star_1840_1859_1850_august_vol_21_no_33	210	10
millennial_star:millennial_star_1840_1859_1850_august_vol_21_no_33	300	10
millennial_star:millennial_star_1840_1859_1850_june_vol_18_no_20	119	10
millennial_star:millennial_star_1840_1859_1850_june_vol_18_no_20	129	10
millennial_star:millennial_star_1840_1859_1850_may_vol_18_no_22	28	10
millennial_star:millennial_star_1840_1859_1850_may_vol_18_no_22	94	10
millennial_star:millennial_star_1840_1859_1850_october_vol_18_no_42	31	10
millennial_star:millennial_star_1840_1859_1852_april_vol_14_no_09	146	10
millennial_star:millennial_star_1840_1859_1852_april_vol_14_no_09	226	10
millennial_star:millennial_star_1840_1859_1852_april_vol_14_no_09	506	10
millennial_star:millennial_star_1840_1859_1852_april_vol_14_no_09	628	10
millennial_star:millennial_star_1840_1859_1852_april_vol_14_no_09	1020	10
millennial_star:millennial_star_1840_1859_1852_august_vol_14_no_27	90	10
millennial_star:millennial_star_1840_1859_1852_december_vol_14_no_44	37	10
millennial_star:millennial_star_1840_1859_1852_december_vol_14_no_44	81	10
millennial_star:millennial_star_1840_1859_1852_december_vol_14_no_44	193	10
millennial_star:millennial_star_1840_1859_1852_december_vol_14_no_44	228	10
millennial_star:millennial_star_1840_1859_1852_december_vol_14_no_44	233	10
millennial_star:millennial_star_1840_1859_1852_december_vol_14_no_44	355	10
millennial_star:millennial_star_1840_1859_1852_december_vol_14_no_44	392	10
millennial_star:millennial_star_1840_1859_1852_december_vol_14_no_44	492	10
millennial_star:millennial_star_1840_1859_1852_december_vol_14_no_44	510	10
millennial_star:millennial_star_1840_1859_1852_december_vol_14_no_44	530	10
millennial_star:millennial_star_1840_1859_1852_december_vol_14_no_44	617	10
millennial_star:millennial_star_1840_1859_1852_december_vol_14_no_44	677	10
millennial_star:millennial_star_1840_1859_1852_december_vol_14_no_44	718	10
millennial_star:millennial_star_1840_1859_1852_december_vol_14_no_44	909	10
millennial_star:millennial_star_1840_1859_1852_december_vol_14_no_44	974	10
millennial_star:millennial_star_1840_1859_1852_december_vol_14_no_44	982	10
millennial_star:millennial_star_1840_1859_1852_december_vol_14_no_44	1113	10
millennial_star:millennial_star_1840_1859_1852_december_vol_14_no_44	1149	10
millennial_star:millennial_star_1840_1859_1852_july_vol_14_no_21	157	10
millennial_star:millennial_star_1840_1859_1852_july_vol_14_no_21	464	10
millennial_star:millennial_star_1840_1859_1852_june_vol_25_no_17	38	10
millennial_star:millennial_star_1840_1859_1852_june_vol_25_no_17	262	10
millennial_star:millennial_star_1840_1859_1852_november_vol_14_no_04	234	10
millennial_star:millennial_star_1840_1859_1853_april_vol_15_no_17	792	10
millennial_star:millennial_star_1840_1859_1853_august_vol_15_no_35	103	10
millennial_star:millennial_star_1840_1859_1855_october_vol_17_no_43	30	10
millennial_star:millennial_star_1840_1859_1856_august_vol_18_no_34	122	10
millennial_star:millennial_star_1840_1859_1856_november_vol_18_no_47	15	10
millennial_star:millennial_star_1840_1859_1857_april_vol_19_no_17	1972	10
millennial_star:millennial_star_1840_1859_1857_april_vol_19_no_17	2179	10
millennial_star:millennial_star_1840_1859_1859_december_vol_21_no_53	279	10
millennial_star:millennial_star_1840_1859_1859_december_vol_21_no_53	4535	10
millennial_star:millennial_star_1840_1859_1859_december_vol_21_no_53	5734	10
millennial_star:millennial_star_1840_1859_1859_december_vol_21_no_53	11879	10
millennial_star:millennial_star_1840_1859_1859_december_vol_21_no_53	14814	10
times_and_seasons:times_and_seasons_1839_1846_1839_july_vol_01_no_01	76	10
times_and_seasons:times_and_seasons_1839_1846_1840_april_vol_01_no_06	200	10
times_and_seasons:times_and_seasons_1839_1846_1841_june_vol_02_no_15	600	10
times_and_seasons:times_and_seasons_1839_1846_1841_june_vol_02_no_15	2403	10
times_and_seasons:times_and_seasons_1839_1846_1841_june_vol_02_no_15	3664	10
times_and_seasons:times_and_seasons_1839_1846_1841_june_vol_02_no_15	3942	10
times_and_seasons:times_and_seasons_1839_1846_1842_july_vol_03_no_17	300	10
times_and_seasons:times_and_seasons_1839_1846_1842_july_vol_03_no_17	4616	10
times_and_seasons:times_and_seasons_1839_1846_1844_november_vol_05_no_21	1542	10
times_and_seasons:times_and_seasons_1839_1846_1844_october_vol_05_no_19	181	10
church_fathers:a_select_library_of_the_nicene_and_post_nicene_fathers_of_the_christian_church	76	9
church_fathers:a_select_library_of_the_nicene_and_post_nicene_fathers_of_the_christian_church	669	9
church_fathers:the_anti_pelagian_writings_volume_6_first_series_of_the_nicene_and_post_nicene_fathers	248	9
church_fathers:the_anti_pelagian_writings_volume_6_first_series_of_the_nicene_and_post_nicene_fathers	455	9
gutenberg_lds:brigham_young_discourses	1319	9
gutenberg_lds:jesus_the_christ_a_study_of_the_messiah_and_his_mission_according_to_holy_scriptures_both_ancient_and_modern	658	9
gutenberg_lds:parley_pratt	281	9
history_of_church:vol1	290	9
history_of_church:vol1	2083	9
history_of_church:vol1	3002	9
history_of_church:vol1	3425	9
history_of_church:vol1	3951	9
joseph_smith_papers:journal_1841_1842	73	9
journal_of_discourses:vol_03	185	9
journal_of_discourses:vol_16	319	9
journal_of_discourses:vol_16	462	9
journal_of_discourses:vol_18	828	9
journal_of_discourses:vol_19	485	9
journal_of_discourses:vol_25	643	9
millennial_star:millennial_star_1840_1859_1850_august_vol_21_no_33	217	9
millennial_star:millennial_star_1840_1859_1850_february_vol_17_no_05	66	9
millennial_star:millennial_star_1840_1859_1850_february_vol_17_no_05	80	9
millennial_star:millennial_star_1840_1859_1850_february_vol_17_no_05	85	9
millennial_star:millennial_star_1840_1859_1850_june_vol_18_no_20	6	9
millennial_star:millennial_star_1840_1859_1850_may_vol_18_no_22	93	9
millennial_star:millennial_star_1840_1859_1850_october_vol_18_no_42	22	9
millennial_star:millennial_star_1840_1859_1852_april_vol_14_no_09	60	9
millennial_star:millennial_star_1840_1859_1852_april_vol_14_no_09	68	9
millennial_star:millennial_star_1840_1859_1852_april_vol_14_no_09	173	9
millennial_star:millennial_star_1840_1859_1852_april_vol_14_no_09	221	9
millennial_star:millennial_star_1840_1859_1852_april_vol_14_no_09	312	9
millennial_star:millennial_star_1840_1859_1852_april_vol_14_no_09	859	9
millennial_star:millennial_star_1840_1859_1852_april_vol_14_no_09	1058	9
millennial_star:millennial_star_1840_1859_1852_april_vol_14_no_09	1076	9
millennial_star:millennial_star_1840_1859_1852_august_vol_14_no_27	101	9
millennial_star:millennial_star_1840_1859_1852_december_vol_14_no_44	16	9
millennial_star:millennial_star_1840_1859_1852_december_vol_14_no_44	328	9
millennial_star:millennial_star_1840_1859_1852_december_vol_14_no_44	382	9
millennial_star:millennial_star_1840_1859_1852_december_vol_14_no_44	395	9
millennial_star:millennial_star_1840_1859_1852_december_vol_14_no_44	442	9
millennial_star:millennial_star_1840_1859_1852_december_vol_14_no_44	523	9
millennial_star:millennial_star_1840_1859_1852_december_vol_14_no_44	600	9
millennial_star:millennial_star_1840_1859_1852_december_vol_14_no_44	645	9
millennial_star:millennial_star_1840_1859_1852_december_vol_14_no_44	690	9
millennial_star:millennial_star_1840_1859_1852_december_vol_14_no_44	732	9
millennial_star:millennial_star_1840_1859_1852_december_vol_14_no_44	768	9
millennial_star:millennial_star_1840_1859_1852_december_vol_14_no_44	841	9
millennial_star:millennial_star_1840_1859_1852_december_vol_14_no_44	916	9
millennial_star:millennial_star_1840_1859_1852_december_vol_14_no_44	1015	9
millennial_star:millennial_star_1840_1859_1852_december_vol_14_no_44	1141	9
millennial_star:millennial_star_1840_1859_1852_december_vol_14_no_44	1168	9
millennial_star:millennial_star_1840_1859_1852_july_vol_14_no_21	42	9
millennial_star:millennial_star_1840_1859_1852_july_vol_14_no_21	183	9
millennial_star:millennial_star_1840_1859_1852_july_vol_14_no_21	195	9
millennial_star:millennial_star_1840_1859_1852_july_vol_14_no_21	385	9
millennial_star:millennial_star_1840_1859_1852_june_vol_25_no_17	107	9
millennial_star:millennial_star_1840_1859_1852_june_vol_25_no_17	189	9
millennial_star:millennial_star_1840_1859_1857_april_vol_19_no_17	743	9
millennial_star:millennial_star_1840_1859_1858_march_vol_20_no_12	1428	9
millennial_star:millennial_star_1840_1859_1858_march_vol_20_no_12	1759	9
millennial_star:millennial_star_1840_1859_1859_december_vol_21_no_53	311	9
pioneer_journals:wilford_woodruff_journals	2452	9
pioneer_journals:wilford_woodruff_journals	2938	9
pioneer_journals:wilford_woodruff_journals	2949	9
times_and_seasons:times_and_seasons_1839_1846_1840_december_vol_02_no_04	82	9
times_and_seasons:times_and_seasons_1839_1846_1840_september_vol_01_no_11	295	9
times_and_seasons:times_and_seasons_1839_1846_1840_september_vol_01_no_11	296	9
times_and_seasons:times_and_seasons_1839_1846_1841_april_vol_02_no_11	356	9
times_and_seasons:times_and_seasons_1839_1846_1841_january_vol_02_no_05	13	9
times_and_seasons:times_and_seasons_1839_1846_1841_june_vol_02_no_15	440	9
times_and_seasons:times_and_seasons_1839_1846_1841_june_vol_02_no_15	811	9
times_and_seasons:times_and_seasons_1839_1846_1841_june_vol_02_no_15	942	9
times_and_seasons:times_and_seasons_1839_1846_1841_june_vol_02_no_15	1703	9
times_and_seasons:times_and_seasons_1839_1846_1841_june_vol_02_no_15	2156	9
times_and_seasons:times_and_seasons_1839_1846_1841_june_vol_02_no_15	2179	9
times_and_seasons:times_and_seasons_1839_1846_1841_june_vol_02_no_15	2689	9
times_and_seasons:times_and_seasons_1839_1846_1841_june_vol_02_no_15	3102	9
times_and_seasons:times_and_seasons_1839_1846_1841_june_vol_02_no_15	3186	9
times_and_seasons:times_and_seasons_1839_1846_1841_june_vol_02_no_15	3346	9
times_and_seasons:times_and_seasons_1839_1846_1844_january_vol_05_no_02	266	9
church_fathers:the_ante_nicene_fathers_translations_of_the_writings_of_the_fathers_down_to_a_d_325	470	8
general_conference:general_conference_2017_10_the_living_bread_which_came_down_from_heaven	1	8
gutenberg_lds:brigham_young_discourses	1852	8
gutenberg_lds:brigham_young_discourses	2278	8
gutenberg_lds:jesus_the_christ_a_study_of_the_messiah_and_his_mission_according_to_holy_scriptures_both_ancient_and_modern	417	8
history_of_church:vol1	246	8
history_of_church:vol1	288	8
history_of_church:vol1	603	8
history_of_church:vol1	1021	8
history_of_church:vol1	1188	8
history_of_church:vol1	2403	8
history_of_church:vol1	2496	8
history_of_church:vol1	3275	8
history_of_church:vol1	3958	8
joseph_smith_papers:lectures_on_faith	163	8
joseph_smith_papers:lectures_on_faith	235	8
journal_of_discourses:vol_03	187	8
journal_of_discourses:vol_04	232	8
journal_of_discourses:vol_07	289	8
journal_of_discourses:vol_14	139	8
journal_of_discourses:vol_14	183	8
journal_of_discourses:vol_16	125	8
journal_of_discourses:vol_16	774	8
journal_of_discourses:vol_18	702	8
journal_of_discourses:vol_19	234	8
journal_of_discourses:vol_23	646	8
millennial_star:millennial_star_1840_1859_1850_august_vol_21_no_33	270	8
millennial_star:millennial_star_1840_1859_1850_february_vol_17_no_05	8	8
millennial_star:millennial_star_1840_1859_1850_june_vol_18_no_20	153	8
millennial_star:millennial_star_1840_1859_1850_may_vol_18_no_22	22	8
millennial_star:millennial_star_1840_1859_1850_may_vol_18_no_22	273	8
millennial_star:millennial_star_1840_1859_1850_october_vol_18_no_42	8	8
millennial_star:millennial_star_1840_1859_1850_october_vol_18_no_42	24	8
millennial_star:millennial_star_1840_1859_1850_october_vol_18_no_42	138	8
millennial_star:millennial_star_1840_1859_1852_april_vol_14_no_09	84	8
millennial_star:millennial_star_1840_1859_1852_april_vol_14_no_09	144	8
millennial_star:millennial_star_1840_1859_1852_april_vol_14_no_09	604	8
millennial_star:millennial_star_1840_1859_1852_august_vol_14_no_26	42	8
millennial_star:millennial_star_1840_1859_1852_august_vol_14_no_26	75	8
millennial_star:millennial_star_1840_1859_1852_december_vol_14_no_43	18	8
millennial_star:millennial_star_1840_1859_1852_december_vol_14_no_43	86	8
millennial_star:millennial_star_1840_1859_1852_december_vol_14_no_44	318	8
millennial_star:millennial_star_1840_1859_1852_december_vol_14_no_44	669	8
millennial_star:millennial_star_1840_1859_1852_december_vol_14_no_44	751	8
millennial_star:millennial_star_1840_1859_1852_december_vol_14_no_44	869	8
millennial_star:millennial_star_1840_1859_1852_december_vol_14_no_44	907	8
millennial_star:millennial_star_1840_1859_1852_december_vol_14_no_44	921	8
millennial_star:millennial_star_1840_1859_1852_december_vol_14_no_44	1101	8
millennial_star:millennial_star_1840_1859_1852_july_vol_14_no_21	117	8
millennial_star:millennial_star_1840_1859_1852_june_vol_25_no_17	42	8
millennial_star:millennial_star_1840_1859_1852_june_vol_25_no_17	54	8
millennial_star:millennial_star_1840_1859_1852_june_vol_25_no_17	188	8
millennial_star:millennial_star_1840_1859_1852_june_vol_25_no_17	348	8
millennial_star:millennial_star_1840_1859_1852_november_vol_14_no_04	42	8
millennial_star:millennial_star_1840_1859_1853_november_vol_15_no_04	363	8
millennial_star:millennial_star_1840_1859_1854_november_vol_16_no_04_03	137	8
millennial_star:millennial_star_1840_1859_1855_august_vol_17_no_31	6	8
millennial_star:millennial_star_1840_1859_1855_august_vol_17_no_34	143	8
millennial_star:millennial_star_1840_1859_1856_may_vol_18_no_20	182	8
millennial_star:millennial_star_1840_1859_1856_september_vol_18_no_37	361	8
millennial_star:millennial_star_1840_1859_1858_august_vol_20_no_34	139	8
millennial_star:millennial_star_1840_1859_1858_december_vol_20_no_52	194	8
millennial_star:millennial_star_1840_1859_1858_september_vol_20_no_38	321	8
millennial_star:millennial_star_1840_1859_1859_april_vol_21_no_16	26	8
millennial_star:millennial_star_1840_1859_1859_december_vol_21_no_53	3490	8
millennial_star:millennial_star_1840_1859_1859_december_vol_21_no_53	12353	8
millennial_star:millennial_star_1840_1859_1859_december_vol_21_no_53	15623	8
millennial_star:millennial_star_1840_1859_1859_december_vol_21_no_53	20259	8
millennial_star:millennial_star_1840_1859_1859_december_vol_21_no_53	20303	8
times_and_seasons:times_and_seasons_1839_1846_1839_july_vol_01_no_01	80	8
times_and_seasons:times_and_seasons_1839_1846_1840_april_vol_01_no_06	201	8
times_and_seasons:times_and_seasons_1839_1846_1840_february_vol_01_no_04	58	8
times_and_seasons:times_and_seasons_1839_1846_1840_september_vol_01_no_11	280	8
times_and_seasons:times_and_seasons_1839_1846_1840_september_vol_01_no_11	500	8
times_and_seasons:times_and_seasons_1839_1846_1840_september_vol_01_no_11	519	8
times_and_seasons:times_and_seasons_1839_1846_1841_april_vol_02_no_11	20	8
times_and_seasons:times_and_seasons_1839_1846_1841_april_vol_02_no_11	34	8
times_and_seasons:times_and_seasons_1839_1846_1841_april_vol_02_no_11	44	8
times_and_seasons:times_and_seasons_1839_1846_1841_february_vol_02_no_07	9	8
times_and_seasons:times_and_seasons_1839_1846_1841_february_vol_02_no_07	30	8
times_and_seasons:times_and_seasons_1839_1846_1841_june_vol_02_no_15	1696	8
times_and_seasons:times_and_seasons_1839_1846_1841_june_vol_02_no_15	2548	8
times_and_seasons:times_and_seasons_1839_1846_1841_june_vol_02_no_15	3049	8
times_and_seasons:times_and_seasons_1839_1846_1841_june_vol_02_no_15	3168	8
times_and_seasons:times_and_seasons_1839_1846_1841_june_vol_02_no_15	3225	8
times_and_seasons:times_and_seasons_1839_1846_1841_june_vol_02_no_15	3261	8
times_and_seasons:times_and_seasons_1839_1846_1841_march_vol_02_no_09	7	8
times_and_seasons:times_and_seasons_1839_1846_1842_july_vol_03_no_17	2296	8
times_and_seasons:times_and_seasons_1839_1846_1842_july_vol_03_no_17	4009	8
times_and_seasons:times_and_seasons_1839_1846_1844_november_vol_05_no_21	2488	8
church_fathers:a_select_library_of_the_nicene_and_post_nicene_fathers_of_the_christian_church	453	7
church_fathers:a_select_library_of_the_nicene_and_post_nicene_fathers_of_the_christian_church	486	7
church_fathers:the_anti_pelagian_writings_volume_6_first_series_of_the_nicene_and_post_nicene_fathers	434	7
church_fathers:the_apostolic_fathers	54	7
gutenberg_lds:brigham_young_discourses	571	7
gutenberg_lds:brigham_young_discourses	1185	7
gutenberg_lds:brigham_young_discourses	1694	7
gutenberg_lds:jesus_the_christ_a_study_of_the_messiah_and_his_mission_according_to_holy_scriptures_both_ancient_and_modern	337	7
gutenberg_lds:jesus_the_christ_a_study_of_the_messiah_and_his_mission_according_to_holy_scriptures_both_ancient_and_modern	677	7
gutenberg_lds:parley_pratt	1748	7
history_of_church:vol1	66	7
history_of_church:vol1	85	7
history_of_church:vol1	226	7
history_of_church:vol1	414	7
history_of_church:vol1	629	7
history_of_church:vol1	859	7
history_of_church:vol1	1230	7
history_of_church:vol1	1539	7
history_of_church:vol1	1821	7
history_of_church:vol1	1849	7
history_of_church:vol1	2720	7
joseph_smith_papers:lectures_on_faith	226	7
journal_of_discourses:vol_01	799	7
journal_of_discourses:vol_09	310	7
journal_of_discourses:vol_13	227	7
journal_of_discourses:vol_15	67	7
journal_of_discourses:vol_15	347	7
journal_of_discourses:vol_16	758	7
journal_of_discourses:vol_17	132	7
journal_of_discourses:vol_17	689	7
journal_of_discourses:vol_18	68	7
journal_of_discourses:vol_24	515	7
journal_of_discourses:vol_26	469	7
millennial_star:millennial_star_1840_1859_1850_august_vol_21_no_33	81	7
millennial_star:millennial_star_1840_1859_1850_august_vol_21_no_33	176	7
millennial_star:millennial_star_1840_1859_1850_august_vol_21_no_33	245	7
millennial_star:millennial_star_1840_1859_1850_june_vol_18_no_20	127	7
millennial_star:millennial_star_1840_1859_1850_may_vol_18_no_22	37	7
millennial_star:millennial_star_1840_1859_1850_may_vol_18_no_22	90	7
millennial_star:millennial_star_1840_1859_1850_may_vol_18_no_22	119	7
millennial_star:millennial_star_1840_1859_1850_may_vol_18_no_22	228	7
millennial_star:millennial_star_1840_1859_1850_may_vol_18_no_22	242	7
millennial_star:millennial_star_1840_1859_1852_april_vol_14_no_09	710	7
millennial_star:millennial_star_1840_1859_1852_april_vol_14_no_09	881	7
millennial_star:millennial_star_1840_1859_1852_april_vol_14_no_09	910	7
millennial_star:millennial_star_1840_1859_1852_august_vol_14_no_26	32	7
millennial_star:millennial_star_1840_1859_1852_december_vol_14_no_44	159	7
millennial_star:millennial_star_1840_1859_1852_december_vol_14_no_44	292	7
millennial_star:millennial_star_1840_1859_1852_december_vol_14_no_44	412	7
millennial_star:millennial_star_1840_1859_1852_december_vol_14_no_44	414	7
millennial_star:millennial_star_1840_1859_1852_december_vol_14_no_44	626	7
millennial_star:millennial_star_1840_1859_1852_december_vol_14_no_44	789	7
millennial_star:millennial_star_1840_1859_1852_december_vol_14_no_44	1420	7
millennial_star:millennial_star_1840_1859_1852_july_vol_14_no_21	194	7
millennial_star:millennial_star_1840_1859_1852_july_vol_14_no_21	481	7
millennial_star:millennial_star_1840_1859_1852_july_vol_14_no_21	532	7
millennial_star:millennial_star_1840_1859_1852_june_vol_25_no_17	261	7
millennial_star:millennial_star_1840_1859_1852_november_vol_14_no_04	313	7
millennial_star:millennial_star_1840_1859_1853_june_vol_02_no_25	850	7
millennial_star:millennial_star_1840_1859_1856_april_vol_18_no_16	366	7
millennial_star:millennial_star_1840_1859_1856_december_vol_18_no_51	400	7
millennial_star:millennial_star_1840_1859_1856_september_vol_18_no_37	318	7
millennial_star:millennial_star_1840_1859_1857_april_vol_19_no_15	126	7
millennial_star:millennial_star_1840_1859_1857_april_vol_19_no_17	4	7
millennial_star:millennial_star_1840_1859_1857_december_vol_19_no_50	67	7
millennial_star:millennial_star_1840_1859_1859_april_vol_21_no_17	385	7
millennial_star:millennial_star_1840_1859_1859_december_vol_21_no_53	801	7
millennial_star:millennial_star_1840_1859_1859_december_vol_21_no_53	11698	7
millennial_star:millennial_star_1840_1859_1859_december_vol_21_no_53	14880	7
millennial_star:millennial_star_1840_1859_1859_december_vol_21_no_53	20837	7
pioneer_journals:wilford_woodruff_journals	2728	7
times_and_seasons:times_and_seasons_1839_1846_1839_july_vol_01_no_01	181	7
times_and_seasons:times_and_seasons_1839_1846_1840_april_vol_01_no_06	631	7
times_and_seasons:times_and_seasons_1839_1846_1840_december_vol_02_no_04	9	7
times_and_seasons:times_and_seasons_1839_1846_1840_february_vol_01_no_04	32	7
times_and_seasons:times_and_seasons_1839_1846_1840_january_vol_01_no_03	38	7
times_and_seasons:times_and_seasons_1839_1846_1840_january_vol_01_no_03	59	7
times_and_seasons:times_and_seasons_1839_1846_1840_september_vol_01_no_11	159	7
times_and_seasons:times_and_seasons_1839_1846_1840_september_vol_01_no_11	349	7
times_and_seasons:times_and_seasons_1839_1846_1841_april_vol_02_no_11	175	7
times_and_seasons:times_and_seasons_1839_1846_1841_april_vol_02_no_11	522	7
times_and_seasons:times_and_seasons_1839_1846_1841_february_vol_02_no_07	97	7
times_and_seasons:times_and_seasons_1839_1846_1841_january_vol_02_no_06	26	7
times_and_seasons:times_and_seasons_1839_1846_1841_june_vol_02_no_15	19	7
times_and_seasons:times_and_seasons_1839_1846_1841_june_vol_02_no_15	105	7
times_and_seasons:times_and_seasons_1839_1846_1841_june_vol_02_no_15	248	7
times_and_seasons:times_and_seasons_1839_1846_1841_june_vol_02_no_15	896	7
times_and_seasons:times_and_seasons_1839_1846_1841_june_vol_02_no_15	1372	7
times_and_seasons:times_and_seasons_1839_1846_1841_june_vol_02_no_15	1993	7
times_and_seasons:times_and_seasons_1839_1846_1841_june_vol_02_no_15	2311	7
times_and_seasons:times_and_seasons_1839_1846_1841_june_vol_02_no_15	2705	7
times_and_seasons:times_and_seasons_1839_1846_1841_june_vol_02_no_15	3954	7
times_and_seasons:times_and_seasons_1839_1846_1841_march_vol_02_no_09	205	7
times_and_seasons:times_and_seasons_1839_1846_1842_july_vol_03_no_17	2002	7
times_and_seasons:times_and_seasons_1839_1846_1842_july_vol_03_no_17	4002	7
times_and_seasons:times_and_seasons_1839_1846_1842_july_vol_03_no_17	4468	7
times_and_seasons:times_and_seasons_1839_1846_1844_november_vol_05_no_21	329	7
times_and_seasons:times_and_seasons_1839_1846_1844_november_vol_05_no_21	805	7
church_fathers:the_ante_nicene_fathers_translations_of_the_writings_of_the_fathers_down_to_a_d_325	488	6
church_fathers:the_ante_nicene_fathers_translations_of_the_writings_of_the_fathers_down_to_a_d_325	695	6
church_fathers:the_apostolic_fathers	176	6
gutenberg_lds:brigham_young_discourses	1831	6
gutenberg_lds:brigham_young_discourses	2070	6
gutenberg_lds:brigham_young_discourses	2543	6
gutenberg_lds:jesus_the_christ_a_study_of_the_messiah_and_his_mission_according_to_holy_scriptures_both_ancient_and_modern	30	6
gutenberg_lds:jesus_the_christ_a_study_of_the_messiah_and_his_mission_according_to_holy_scriptures_both_ancient_and_modern	527	6
gutenberg_lds:jesus_the_christ_a_study_of_the_messiah_and_his_mission_according_to_holy_scriptures_both_ancient_and_modern	566	6
gutenberg_lds:parley_pratt	132	6
gutenberg_lds:parley_pratt	1697	6
history_of_church:vol1	2214	6
history_of_church:vol1	2228	6
history_of_church:vol1	2489	6
history_of_church:vol1	2774	6
history_of_church:vol1	3498	6
history_of_church:vol1	4058	6
joseph_smith_papers:history_vol_a1	173	6
joseph_smith_papers:history_vol_a1	198	6
joseph_smith_papers:lectures_on_faith	121	6
joseph_smith_papers:lectures_on_faith	197	6
joseph_smith_papers:lectures_on_faith	221	6
journal_of_discourses:vol_04	116	6
journal_of_discourses:vol_04	765	6
journal_of_discourses:vol_06	455	6
journal_of_discourses:vol_07	170	6
journal_of_discourses:vol_08	649	6
journal_of_discourses:vol_08	822	6
journal_of_discourses:vol_10	25	6
journal_of_discourses:vol_10	522	6
journal_of_discourses:vol_10	659	6
journal_of_discourses:vol_11	321	6
journal_of_discourses:vol_14	108	6
journal_of_discourses:vol_15	439	6
journal_of_discourses:vol_15	590	6
journal_of_discourses:vol_16	716	6
journal_of_discourses:vol_17	741	6
journal_of_discourses:vol_18	63	6
journal_of_discourses:vol_19	486	6
journal_of_discourses:vol_20	203	6
journal_of_discourses:vol_20	552	6
journal_of_discourses:vol_20	683	6
journal_of_discourses:vol_20	691	6
journal_of_discourses:vol_25	348	6
millennial_star:millennial_star_1840_1859_1850_august_vol_21_no_33	39	6
millennial_star:millennial_star_1840_1859_1850_august_vol_21_no_33	56	6
millennial_star:millennial_star_1840_1859_1850_august_vol_21_no_33	284	6
millennial_star:millennial_star_1840_1859_1850_june_vol_18_no_20	9	6
millennial_star:millennial_star_1840_1859_1850_may_vol_18_no_22	23	6
millennial_star:millennial_star_1840_1859_1850_may_vol_18_no_22	72	6
millennial_star:millennial_star_1840_1859_1850_may_vol_18_no_22	164	6
millennial_star:millennial_star_1840_1859_1850_may_vol_18_no_22	223	6
millennial_star:millennial_star_1840_1859_1850_may_vol_18_no_22	523	6
millennial_star:millennial_star_1840_1859_1852_april_vol_14_no_09	6	6
millennial_star:millennial_star_1840_1859_1852_april_vol_14_no_09	542	6
millennial_star:millennial_star_1840_1859_1852_april_vol_14_no_09	634	6
millennial_star:millennial_star_1840_1859_1852_april_vol_14_no_09	739	6
millennial_star:millennial_star_1840_1859_1852_april_vol_14_no_09	887	6
millennial_star:millennial_star_1840_1859_1852_april_vol_14_no_09	893	6
millennial_star:millennial_star_1840_1859_1852_december_vol_14_no_44	212	6
millennial_star:millennial_star_1840_1859_1852_december_vol_14_no_44	290	6
millennial_star:millennial_star_1840_1859_1852_december_vol_14_no_44	507	6
millennial_star:millennial_star_1840_1859_1852_december_vol_14_no_44	639	6
millennial_star:millennial_star_1840_1859_1852_december_vol_14_no_44	779	6
millennial_star:millennial_star_1840_1859_1852_december_vol_14_no_44	1214	6
millennial_star:millennial_star_1840_1859_1852_december_vol_14_no_44	1335	6
millennial_star:millennial_star_1840_1859_1852_july_vol_14_no_21	59	6
millennial_star:millennial_star_1840_1859_1852_july_vol_14_no_21	149	6
millennial_star:millennial_star_1840_1859_1852_july_vol_14_no_21	518	6
millennial_star:millennial_star_1840_1859_1852_june_vol_25_no_17	89	6
millennial_star:millennial_star_1840_1859_1852_june_vol_25_no_17	154	6
millennial_star:millennial_star_1840_1859_1852_june_vol_25_no_17	157	6
millennial_star:millennial_star_1840_1859_1852_june_vol_25_no_17	410	6
millennial_star:millennial_star_1840_1859_1853_november_vol_15_no_04	626	6
millennial_star:millennial_star_1840_1859_1853_november_vol_15_no_04	1271	6
millennial_star:millennial_star_1840_1859_1853_november_vol_15_no_04	1825	6
millennial_star:millennial_star_1840_1859_1853_november_vol_15_no_04	2106	6
millennial_star:millennial_star_1840_1859_1857_december_vol_19_no_52	174	6
millennial_star:millennial_star_1840_1859_1858_february_vol_20_no_09	190	6
millennial_star:millennial_star_1840_1859_1859_december_vol_21_no_53	122	6
millennial_star:millennial_star_1840_1859_1859_december_vol_21_no_53	948	6
millennial_star:millennial_star_1840_1859_1859_december_vol_21_no_53	2629	6
millennial_star:millennial_star_1840_1859_1859_december_vol_21_no_53	3489	6
millennial_star:millennial_star_1840_1859_1859_december_vol_21_no_53	13450	6
pioneer_journals:wilford_woodruff_journals	763	6
times_and_seasons:times_and_seasons_1839_1846_1839_december_vol_04_no_02	30	6
times_and_seasons:times_and_seasons_1839_1846_1839_december_vol_04_no_02	72	6
times_and_seasons:times_and_seasons_1839_1846_1839_december_vol_04_no_02	74	6
times_and_seasons:times_and_seasons_1839_1846_1839_december_vol_04_no_02	78	6
times_and_seasons:times_and_seasons_1839_1846_1839_july_vol_01_no_01	35	6
times_and_seasons:times_and_seasons_1839_1846_1839_july_vol_01_no_01	182	6
times_and_seasons:times_and_seasons_1839_1846_1840_january_vol_01_no_03	11	6
times_and_seasons:times_and_seasons_1839_1846_1840_september_vol_01_no_11	19	6
times_and_seasons:times_and_seasons_1839_1846_1841_april_vol_02_no_11	326	6
times_and_seasons:times_and_seasons_1839_1846_1841_april_vol_02_no_11	355	6
times_and_seasons:times_and_seasons_1839_1846_1841_april_vol_02_no_11	589	6
times_and_seasons:times_and_seasons_1839_1846_1841_april_vol_02_no_11	658	6
times_and_seasons:times_and_seasons_1839_1846_1841_february_vol_02_no_07	40	6
times_and_seasons:times_and_seasons_1839_1846_1841_february_vol_02_no_07	101	6
times_and_seasons:times_and_seasons_1839_1846_1841_june_vol_02_no_15	368	6
times_and_seasons:times_and_seasons_1839_1846_1841_june_vol_02_no_15	488	6
times_and_seasons:times_and_seasons_1839_1846_1841_june_vol_02_no_15	610	6
times_and_seasons:times_and_seasons_1839_1846_1841_june_vol_02_no_15	618	6
times_and_seasons:times_and_seasons_1839_1846_1841_june_vol_02_no_15	674	6
times_and_seasons:times_and_seasons_1839_1846_1841_june_vol_02_no_15	1581	6
times_and_seasons:times_and_seasons_1839_1846_1841_june_vol_02_no_15	1938	6
times_and_seasons:times_and_seasons_1839_1846_1841_june_vol_02_no_15	2288	6
times_and_seasons:times_and_seasons_1839_1846_1841_june_vol_02_no_15	2830	6
times_and_seasons:times_and_seasons_1839_1846_1841_june_vol_02_no_15	2923	6
times_and_seasons:times_and_seasons_1839_1846_1841_june_vol_02_no_15	2946	6
times_and_seasons:times_and_seasons_1839_1846_1841_june_vol_02_no_15	3104	6
times_and_seasons:times_and_seasons_1839_1846_1841_june_vol_02_no_15	3244	6
times_and_seasons:times_and_seasons_1839_1846_1841_june_vol_02_no_15	3743	6
times_and_seasons:times_and_seasons_1839_1846_1841_june_vol_02_no_15	3926	6
times_and_seasons:times_and_seasons_1839_1846_1841_march_vol_02_no_09	224	6
times_and_seasons:times_and_seasons_1839_1846_1841_march_vol_02_no_09	259	6
times_and_seasons:times_and_seasons_1839_1846_1844_january_vol_05_no_02	23	6
times_and_seasons:times_and_seasons_1839_1846_1844_march_vol_05_no_00	1131	6
times_and_seasons:times_and_seasons_1839_1846_1844_november_vol_05_no_21	893	6
times_and_seasons:times_and_seasons_1839_1846_1844_november_vol_05_no_21	1858	6
times_and_seasons:times_and_seasons_1839_1846_1845_july_vol_06_no_120	138	6
times_and_seasons:times_and_seasons_1839_1846_1845_november_vol_06_no_17	220	6
church_fathers:a_select_library_of_the_nicene_and_post_nicene_fathers_of_the_christian_church	569	5
church_fathers:the_ante_nicene_fathers_translations_of_the_writings_of_the_fathers_down_to_a_d_325	456	5
church_fathers:the_ante_nicene_fathers_translations_of_the_writings_of_the_fathers_down_to_a_d_325	487	5
church_fathers:the_ante_nicene_fathers_translations_of_the_writings_of_the_fathers_down_to_a_d_325	497	5
church_fathers:the_ante_nicene_fathers_translations_of_the_writings_of_the_fathers_down_to_a_d_325	734	5
church_fathers:the_anti_pelagian_writings_volume_6_first_series_of_the_nicene_and_post_nicene_fathers	425	5
church_fathers:the_apostolic_fathers	183	5
church_fathers:the_apostolic_fathers	205	5
general_conference:general_conference_2017_10_love_one_another_as_he_has_loved_us	1	5
gutenberg_lds:brigham_young_discourses	1126	5
gutenberg_lds:brigham_young_discourses	1854	5
gutenberg_lds:brigham_young_discourses	1885	5
gutenberg_lds:brigham_young_discourses	2147	5
gutenberg_lds:brigham_young_discourses	2182	5
gutenberg_lds:brigham_young_discourses	2241	5
gutenberg_lds:brigham_young_discourses	2342	5
gutenberg_lds:brigham_young_discourses	2354	5
gutenberg_lds:brigham_young_discourses	2581	5
gutenberg_lds:lucy_mack_smith	709	5
gutenberg_lds:parley_pratt	976	5
gutenberg_lds:parley_pratt	1271	5
history_of_church:vol1	122	5
history_of_church:vol1	338	5
history_of_church:vol1	973	5
history_of_church:vol1	1139	5
history_of_church:vol1	1189	5
history_of_church:vol1	1573	5
history_of_church:vol1	1662	5
history_of_church:vol1	1998	5
history_of_church:vol1	2554	5
history_of_church:vol1	2686	5
history_of_church:vol1	2715	5
history_of_church:vol1	2809	5
history_of_church:vol1	2814	5
history_of_church:vol1	3196	5
history_of_church:vol1	3229	5
history_of_church:vol1	3266	5
history_of_church:vol1	3301	5
history_of_church:vol1	3516	5
history_of_church:vol1	3542	5
history_of_church:vol1	3859	5
history_of_church:vol1	3902	5
history_of_church:vol2	800	5
joseph_smith_papers:history_vol_a1	42	5
joseph_smith_papers:history_vol_a1	184	5
joseph_smith_papers:journal_1832_1834	40	5
joseph_smith_papers:lectures_on_faith	125	5
joseph_smith_papers:lectures_on_faith	151	5
joseph_smith_papers:lectures_on_faith	217	5
joseph_smith_papers:lectures_on_faith	218	5
joseph_smith_papers:lectures_on_faith	223	5
joseph_smith_papers:lectures_on_faith	251	5
journal_of_discourses:vol_01	515	5
journal_of_discourses:vol_02	118	5
journal_of_discourses:vol_02	203	5
journal_of_discourses:vol_02	469	5
journal_of_discourses:vol_04	432	5
journal_of_discourses:vol_04	441	5
journal_of_discourses:vol_05	328	5
journal_of_discourses:vol_05	486	5
journal_of_discourses:vol_10	587	5
journal_of_discourses:vol_10	714	5
journal_of_discourses:vol_10	765	5
journal_of_discourses:vol_11	437	5
journal_of_discourses:vol_12	557	5
journal_of_discourses:vol_12	559	5
journal_of_discourses:vol_12	633	5
journal_of_discourses:vol_12	872	5
journal_of_discourses:vol_13	137	5
journal_of_discourses:vol_15	249	5
journal_of_discourses:vol_16	129	5
journal_of_discourses:vol_17	176	5
journal_of_discourses:vol_17	278	5
journal_of_discourses:vol_17	665	5
journal_of_discourses:vol_18	50	5
journal_of_discourses:vol_18	206	5
journal_of_discourses:vol_18	638	5
journal_of_discourses:vol_19	135	5
journal_of_discourses:vol_20	406	5
journal_of_discourses:vol_20	422	5
journal_of_discourses:vol_21	254	5
journal_of_discourses:vol_21	440	5
journal_of_discourses:vol_21	631	5
journal_of_discourses:vol_21	803	5
journal_of_discourses:vol_22	442	5
journal_of_discourses:vol_23	700	5
journal_of_discourses:vol_24	214	5
journal_of_discourses:vol_25	66	5
journal_of_discourses:vol_25	798	5
journal_of_discourses:vol_26	63	5
journal_of_discourses:vol_26	89	5
journal_of_discourses:vol_26	564	5
millennial_star:millennial_star_1840_1859_1850_august_vol_21_no_33	198	5
millennial_star:millennial_star_1840_1859_1850_august_vol_21_no_33	243	5
millennial_star:millennial_star_1840_1859_1850_february_vol_17_no_05	6	5
millennial_star:millennial_star_1840_1859_1850_october_vol_18_no_42	9	5
millennial_star:millennial_star_1840_1859_1850_october_vol_18_no_42	19	5
millennial_star:millennial_star_1840_1859_1852_april_vol_14_no_09	147	5
millennial_star:millennial_star_1840_1859_1852_april_vol_14_no_09	154	5
millennial_star:millennial_star_1840_1859_1852_april_vol_14_no_09	1089	5
millennial_star:millennial_star_1840_1859_1852_august_vol_14_no_26	35	5
millennial_star:millennial_star_1840_1859_1852_august_vol_14_no_27	58	5
millennial_star:millennial_star_1840_1859_1852_december_vol_14_no_43	131	5
millennial_star:millennial_star_1840_1859_1852_december_vol_14_no_44	125	5
millennial_star:millennial_star_1840_1859_1852_december_vol_14_no_44	383	5
millennial_star:millennial_star_1840_1859_1852_december_vol_14_no_44	503	5
millennial_star:millennial_star_1840_1859_1852_december_vol_14_no_44	560	5
millennial_star:millennial_star_1840_1859_1852_december_vol_14_no_44	613	5
millennial_star:millennial_star_1840_1859_1852_december_vol_14_no_44	836	5
millennial_star:millennial_star_1840_1859_1852_december_vol_14_no_44	1107	5
millennial_star:millennial_star_1840_1859_1852_december_vol_14_no_44	1124	5
millennial_star:millennial_star_1840_1859_1852_july_vol_14_no_21	14	5
millennial_star:millennial_star_1840_1859_1852_june_vol_25_no_17	68	5
millennial_star:millennial_star_1840_1859_1854_june_vol_16_no_24	943	5
millennial_star:millennial_star_1840_1859_1855_august_vol_17_no_33	142	5
millennial_star:millennial_star_1840_1859_1856_december_vol_18_no_49	54	5
millennial_star:millennial_star_1840_1859_1858_september_vol_20_no_36	17	5
millennial_star:millennial_star_1840_1859_1859_december_vol_21_no_53	937	5
millennial_star:millennial_star_1840_1859_1859_december_vol_21_no_53	2062	5
millennial_star:millennial_star_1840_1859_1859_december_vol_21_no_53	9199	5
pioneer_journals:wilford_woodruff_journals	140	5
pioneer_journals:wilford_woodruff_journals	2933	5
times_and_seasons:times_and_seasons_1839_1846_1839_december_vol_04_no_02	19	5
times_and_seasons:times_and_seasons_1839_1846_1839_december_vol_04_no_02	65	5
times_and_seasons:times_and_seasons_1839_1846_1839_december_vol_04_no_02	88	5
times_and_seasons:times_and_seasons_1839_1846_1839_july_vol_01_no_01	31	5
times_and_seasons:times_and_seasons_1839_1846_1839_july_vol_01_no_01	65	5
times_and_seasons:times_and_seasons_1839_1846_1839_july_vol_01_no_01	180	5
times_and_seasons:times_and_seasons_1839_1846_1839_july_vol_01_no_01	197	5
times_and_seasons:times_and_seasons_1839_1846_1840_april_vol_01_no_06	75	5
times_and_seasons:times_and_seasons_1839_1846_1840_february_vol_01_no_04	30	5
times_and_seasons:times_and_seasons_1839_1846_1840_february_vol_01_no_04	31	5
times_and_seasons:times_and_seasons_1839_1846_1840_february_vol_01_no_04	56	5
times_and_seasons:times_and_seasons_1839_1846_1840_january_vol_01_no_03	93	5
times_and_seasons:times_and_seasons_1839_1846_1840_september_vol_01_no_11	96	5
times_and_seasons:times_and_seasons_1839_1846_1841_april_vol_02_no_11	9	5
times_and_seasons:times_and_seasons_1839_1846_1841_april_vol_02_no_11	27	5
times_and_seasons:times_and_seasons_1839_1846_1841_april_vol_02_no_11	268	5
times_and_seasons:times_and_seasons_1839_1846_1841_april_vol_02_no_11	349	5
times_and_seasons:times_and_seasons_1839_1846_1841_february_vol_02_no_07	18	5
times_and_seasons:times_and_seasons_1839_1846_1841_february_vol_02_no_07	33	5
times_and_seasons:times_and_seasons_1839_1846_1841_february_vol_02_no_07	173	5
times_and_seasons:times_and_seasons_1839_1846_1841_june_vol_02_no_15	129	5
times_and_seasons:times_and_seasons_1839_1846_1841_june_vol_02_no_15	301	5
times_and_seasons:times_and_seasons_1839_1846_1841_june_vol_02_no_15	1171	5
times_and_seasons:times_and_seasons_1839_1846_1841_june_vol_02_no_15	1218	5
times_and_seasons:times_and_seasons_1839_1846_1841_june_vol_02_no_15	1223	5
times_and_seasons:times_and_seasons_1839_1846_1841_june_vol_02_no_15	1259	5
times_and_seasons:times_and_seasons_1839_1846_1841_june_vol_02_no_15	1669	5
times_and_seasons:times_and_seasons_1839_1846_1841_june_vol_02_no_15	1936	5
times_and_seasons:times_and_seasons_1839_1846_1841_june_vol_02_no_15	2262	5
times_and_seasons:times_and_seasons_1839_1846_1841_june_vol_02_no_15	2380	5
times_and_seasons:times_and_seasons_1839_1846_1841_june_vol_02_no_15	2697	5
times_and_seasons:times_and_seasons_1839_1846_1841_june_vol_02_no_15	2878	5
times_and_seasons:times_and_seasons_1839_1846_1841_june_vol_02_no_15	2916	5
times_and_seasons:times_and_seasons_1839_1846_1841_june_vol_02_no_15	2934	5
times_and_seasons:times_and_seasons_1839_1846_1841_june_vol_02_no_15	3188	5
times_and_seasons:times_and_seasons_1839_1846_1841_june_vol_02_no_15	3846	5
times_and_seasons:times_and_seasons_1839_1846_1841_june_vol_02_no_15	3929	5
times_and_seasons:times_and_seasons_1839_1846_1841_june_vol_02_no_15	3931	5
times_and_seasons:times_and_seasons_1839_1846_1841_march_vol_02_no_09	100	5
times_and_seasons:times_and_seasons_1839_1846_1842_july_vol_03_no_17	4775	5
times_and_seasons:times_and_seasons_1839_1846_1844_november_vol_05_no_21	205	5
church_fathers:a_select_library_of_the_nicene_and_post_nicene_fathers_of_the_christian_church	60	4
church_fathers:a_select_library_of_the_nicene_and_post_nicene_fathers_of_the_christian_church	77	4
church_fathers:a_select_library_of_the_nicene_and_post_nicene_fathers_of_the_christian_church	83	4
church_fathers:anf_vol1	591	4
church_fathers:anf_vol1	689	4
church_fathers:anf_vol2	57	4
church_fathers:the_ante_nicene_fathers_translations_of_the_writings_of_the_fathers_down_to_a_d_325	180	4
church_fathers:the_ante_nicene_fathers_translations_of_the_writings_of_the_fathers_down_to_a_d_325	319	4
church_fathers:the_ante_nicene_fathers_translations_of_the_writings_of_the_fathers_down_to_a_d_325	333	4
church_fathers:the_ante_nicene_fathers_translations_of_the_writings_of_the_fathers_down_to_a_d_325	503	4
church_fathers:the_ante_nicene_fathers_translations_of_the_writings_of_the_fathers_down_to_a_d_325	741	4
church_fathers:the_ante_nicene_fathers_translations_of_the_writings_of_the_fathers_down_to_a_d_325	822	4
church_fathers:the_anti_pelagian_writings_volume_6_first_series_of_the_nicene_and_post_nicene_fathers	432	4
church_fathers:the_apostolic_fathers	78	4
church_fathers:the_apostolic_fathers	464	4
general_conference:general_conference_1971_04_my_brothers_keeper	1	4
general_conference:general_conference_1979_04_and_peter_went_out_and_wept_bitterly	1	4
general_conference:general_conference_1990_04_thus_shall_my_church_be_called	1	4
general_conference:general_conference_1990_10_follow_the_prophets	1	4
general_conference:general_conference_1991_10_strengthen_the_feeble_knees	1	4
general_conference:general_conference_1994_04_faith_in_the_lord_jesus_christ	1	4
general_conference:general_conference_1996_04_if_thou_wilt_enter_into_life_keep_the_commandments	1	4
general_conference:general_conference_1999_04_made_like_unto_the_son_of_god	1	4
general_conference:general_conference_1999_10_serving_the_lord	1	4
general_conference:general_conference_2015_10_the_pleasing_word_of_god	1	4
general_conference:general_conference_2017_10_by_divine_design	1	4
general_conference:general_conference_2019_04_53gong	1	4
gutenberg_lds:brigham_young_discourses	40	4
gutenberg_lds:brigham_young_discourses	460	4
gutenberg_lds:brigham_young_discourses	639	4
gutenberg_lds:brigham_young_discourses	646	4
gutenberg_lds:brigham_young_discourses	984	4
gutenberg_lds:brigham_young_discourses	1277	4
gutenberg_lds:brigham_young_discourses	1450	4
gutenberg_lds:brigham_young_discourses	1545	4
gutenberg_lds:brigham_young_discourses	1570	4
gutenberg_lds:brigham_young_discourses	1789	4
gutenberg_lds:brigham_young_discourses	1850	4
gutenberg_lds:brigham_young_discourses	1855	4
gutenberg_lds:brigham_young_discourses	2159	4
gutenberg_lds:brigham_young_discourses	2622	4
gutenberg_lds:jesus_the_christ_a_study_of_the_messiah_and_his_mission_according_to_holy_scriptures_both_ancient_and_modern	15	4
gutenberg_lds:jesus_the_christ_a_study_of_the_messiah_and_his_mission_according_to_holy_scriptures_both_ancient_and_modern	40	4
gutenberg_lds:jesus_the_christ_a_study_of_the_messiah_and_his_mission_according_to_holy_scriptures_both_ancient_and_modern	55	4
gutenberg_lds:jesus_the_christ_a_study_of_the_messiah_and_his_mission_according_to_holy_scriptures_both_ancient_and_modern	97	4
gutenberg_lds:jesus_the_christ_a_study_of_the_messiah_and_his_mission_according_to_holy_scriptures_both_ancient_and_modern	135	4
gutenberg_lds:jesus_the_christ_a_study_of_the_messiah_and_his_mission_according_to_holy_scriptures_both_ancient_and_modern	214	4
gutenberg_lds:jesus_the_christ_a_study_of_the_messiah_and_his_mission_according_to_holy_scriptures_both_ancient_and_modern	222	4
gutenberg_lds:jesus_the_christ_a_study_of_the_messiah_and_his_mission_according_to_holy_scriptures_both_ancient_and_modern	613	4
gutenberg_lds:jesus_the_christ_a_study_of_the_messiah_and_his_mission_according_to_holy_scriptures_both_ancient_and_modern	640	4
gutenberg_lds:lucy_mack_smith	112	4
gutenberg_lds:lucy_mack_smith	188	4
gutenberg_lds:lucy_mack_smith	744	4
gutenberg_lds:lucy_mack_smith	924	4
gutenberg_lds:parley_pratt	187	4
gutenberg_lds:parley_pratt	698	4
gutenberg_lds:parley_pratt	1817	4
history_of_church:vol1	82	4
history_of_church:vol1	189	4
history_of_church:vol1	212	4
history_of_church:vol1	632	4
history_of_church:vol1	794	4
history_of_church:vol1	880	4
history_of_church:vol1	939	4
history_of_church:vol1	1310	4
history_of_church:vol1	1478	4
history_of_church:vol1	1657	4
history_of_church:vol1	2024	4
history_of_church:vol1	2807	4
history_of_church:vol1	3153	4
history_of_church:vol1	3190	4
history_of_church:vol1	3711	4
history_of_church:vol1	3945	4
history_of_church:vol1	4064	4
history_of_church:vol3	619	4
joseph_smith_papers:history_vol_a1	176	4
joseph_smith_papers:history_vol_a1	216	4
joseph_smith_papers:lectures_on_faith	17	4
joseph_smith_papers:lectures_on_faith	90	4
joseph_smith_papers:lectures_on_faith	141	4
journal_of_discourses:vol_01	608	4
journal_of_discourses:vol_02	79	4
journal_of_discourses:vol_02	105	4
journal_of_discourses:vol_04	415	4
journal_of_discourses:vol_04	430	4
journal_of_discourses:vol_04	901	4
journal_of_discourses:vol_05	33	4
journal_of_discourses:vol_05	689	4
journal_of_discourses:vol_06	650	4
journal_of_discourses:vol_07	132	4
journal_of_discourses:vol_07	432	4
journal_of_discourses:vol_07	496	4
journal_of_discourses:vol_07	576	4
journal_of_discourses:vol_08	383	4
journal_of_discourses:vol_08	505	4
journal_of_discourses:vol_09	426	4
journal_of_discourses:vol_09	643	4
journal_of_discourses:vol_09	650	4
journal_of_discourses:vol_10	643	4
journal_of_discourses:vol_10	644	4
journal_of_discourses:vol_11	78	4
journal_of_discourses:vol_11	302	4
journal_of_discourses:vol_11	496	4
journal_of_discourses:vol_12	154	4
journal_of_discourses:vol_12	586	4
journal_of_discourses:vol_12	795	4
journal_of_discourses:vol_13	73	4
journal_of_discourses:vol_13	165	4
journal_of_discourses:vol_15	142	4
journal_of_discourses:vol_15	163	4
journal_of_discourses:vol_15	761	4
journal_of_discourses:vol_16	762	4
journal_of_discourses:vol_16	781	4
journal_of_discourses:vol_17	688	4
journal_of_discourses:vol_18	42	4
journal_of_discourses:vol_18	327	4
journal_of_discourses:vol_18	401	4
journal_of_discourses:vol_18	747	4
journal_of_discourses:vol_18	809	4
journal_of_discourses:vol_19	387	4
journal_of_discourses:vol_19	477	4
journal_of_discourses:vol_19	716	4
journal_of_discourses:vol_20	418	4
journal_of_discourses:vol_20	752	4
journal_of_discourses:vol_21	8	4
journal_of_discourses:vol_21	251	4
journal_of_discourses:vol_21	605	4
journal_of_discourses:vol_21	612	4
journal_of_discourses:vol_21	781	4
journal_of_discourses:vol_21	796	4
journal_of_discourses:vol_22	809	4
journal_of_discourses:vol_23	442	4
journal_of_discourses:vol_24	149	4
journal_of_discourses:vol_25	113	4
journal_of_discourses:vol_25	301	4
journal_of_discourses:vol_25	615	4
journal_of_discourses:vol_25	710	4
journal_of_discourses:vol_25	737	4
journal_of_discourses:vol_25	822	4
journal_of_discourses:vol_26	168	4
journal_of_discourses:vol_26	414	4
journal_of_discourses:vol_26	631	4
journal_of_discourses:vol_26	724	4
millennial_star:millennial_star_1840_1859_1850_august_vol_21_no_33	157	4
millennial_star:millennial_star_1840_1859_1850_august_vol_21_no_33	297	4
millennial_star:millennial_star_1840_1859_1850_february_vol_17_no_05	132	4
millennial_star:millennial_star_1840_1859_1850_june_vol_18_no_20	144	4
millennial_star:millennial_star_1840_1859_1850_may_vol_18_no_22	29	4
millennial_star:millennial_star_1840_1859_1850_may_vol_18_no_22	56	4
millennial_star:millennial_star_1840_1859_1850_may_vol_18_no_22	345	4
millennial_star:millennial_star_1840_1859_1852_april_vol_14_no_09	141	4
millennial_star:millennial_star_1840_1859_1852_april_vol_14_no_09	356	4
millennial_star:millennial_star_1840_1859_1852_april_vol_14_no_09	445	4
millennial_star:millennial_star_1840_1859_1852_april_vol_14_no_09	454	4
millennial_star:millennial_star_1840_1859_1852_april_vol_14_no_09	505	4
millennial_star:millennial_star_1840_1859_1852_april_vol_14_no_09	638	4
millennial_star:millennial_star_1840_1859_1852_april_vol_14_no_09	895	4
millennial_star:millennial_star_1840_1859_1852_april_vol_14_no_09	1059	4
millennial_star:millennial_star_1840_1859_1852_august_vol_14_no_25	115	4
millennial_star:millennial_star_1840_1859_1852_august_vol_14_no_27	2	4
millennial_star:millennial_star_1840_1859_1852_august_vol_14_no_27	60	4
millennial_star:millennial_star_1840_1859_1852_august_vol_14_no_27	94	4
millennial_star:millennial_star_1840_1859_1852_december_vol_14_no_44	34	4
millennial_star:millennial_star_1840_1859_1852_december_vol_14_no_44	291	4
millennial_star:millennial_star_1840_1859_1852_december_vol_14_no_44	425	4
millennial_star:millennial_star_1840_1859_1852_december_vol_14_no_44	668	4
millennial_star:millennial_star_1840_1859_1852_december_vol_14_no_44	680	4
millennial_star:millennial_star_1840_1859_1852_december_vol_14_no_44	881	4
millennial_star:millennial_star_1840_1859_1852_december_vol_14_no_44	904	4
millennial_star:millennial_star_1840_1859_1852_december_vol_14_no_44	941	4
millennial_star:millennial_star_1840_1859_1852_december_vol_14_no_44	983	4
millennial_star:millennial_star_1840_1859_1852_december_vol_14_no_44	1014	4
millennial_star:millennial_star_1840_1859_1852_july_vol_14_no_21	61	4
millennial_star:millennial_star_1840_1859_1852_november_vol_14_no_04	218	4
millennial_star:millennial_star_1840_1859_1853_june_vol_02_no_25	869	4
millennial_star:millennial_star_1840_1859_1854_september_vol_16_no_38	546	4
millennial_star:millennial_star_1840_1859_1856_december_vol_18_no_51	453	4
millennial_star:millennial_star_1840_1859_1857_march_vol_19_no_13	35	4
millennial_star:millennial_star_1840_1859_1857_september_vol_19_no_38	349	4
millennial_star:millennial_star_1840_1859_1859_december_vol_21_no_51	35	4
millennial_star:millennial_star_1840_1859_1859_december_vol_21_no_53	526	4
millennial_star:millennial_star_1840_1859_1859_december_vol_21_no_53	4525	4
millennial_star:millennial_star_1840_1859_1859_december_vol_21_no_53	19985	4
pioneer_journals:wilford_woodruff_journals	125	4
pioneer_journals:wilford_woodruff_journals	1670	4
pioneer_journals:wilford_woodruff_journals	2936	4
pioneer_journals:wilford_woodruff_journals	2944	4
pioneer_journals:wilford_woodruff_journals	2947	4
pioneer_journals:wilford_woodruff_journals	2948	4
times_and_seasons:times_and_seasons_1839_1846_1839_july_vol_01_no_01	152	4
times_and_seasons:times_and_seasons_1839_1846_1840_april_vol_01_no_06	70	4
times_and_seasons:times_and_seasons_1839_1846_1840_april_vol_01_no_06	245	4
times_and_seasons:times_and_seasons_1839_1846_1840_april_vol_01_no_06	379	4
times_and_seasons:times_and_seasons_1839_1846_1840_april_vol_01_no_06	400	4
times_and_seasons:times_and_seasons_1839_1846_1840_april_vol_01_no_06	632	4
times_and_seasons:times_and_seasons_1839_1846_1840_february_vol_01_no_04	57	4
times_and_seasons:times_and_seasons_1839_1846_1840_february_vol_01_no_04	62	4
times_and_seasons:times_and_seasons_1839_1846_1840_february_vol_01_no_04	87	4
times_and_seasons:times_and_seasons_1839_1846_1840_march_vol_01_no_05	75	4
times_and_seasons:times_and_seasons_1839_1846_1840_march_vol_01_no_05	90	4
times_and_seasons:times_and_seasons_1839_1846_1840_september_vol_01_no_11	323	4
times_and_seasons:times_and_seasons_1839_1846_1841_april_vol_02_no_11	18	4
times_and_seasons:times_and_seasons_1839_1846_1841_april_vol_02_no_11	140	4
times_and_seasons:times_and_seasons_1839_1846_1841_april_vol_02_no_11	172	4
times_and_seasons:times_and_seasons_1839_1846_1841_april_vol_02_no_11	369	4
times_and_seasons:times_and_seasons_1839_1846_1841_february_vol_02_no_07	175	4
times_and_seasons:times_and_seasons_1839_1846_1841_february_vol_02_no_07	250	4
times_and_seasons:times_and_seasons_1839_1846_1841_january_vol_02_no_06	62	4
times_and_seasons:times_and_seasons_1839_1846_1841_june_vol_02_no_15	39	4
times_and_seasons:times_and_seasons_1839_1846_1841_june_vol_02_no_15	296	4
times_and_seasons:times_and_seasons_1839_1846_1841_june_vol_02_no_15	332	4
times_and_seasons:times_and_seasons_1839_1846_1841_june_vol_02_no_15	397	4
times_and_seasons:times_and_seasons_1839_1846_1841_june_vol_02_no_15	483	4
times_and_seasons:times_and_seasons_1839_1846_1841_june_vol_02_no_15	558	4
times_and_seasons:times_and_seasons_1839_1846_1841_june_vol_02_no_15	767	4
times_and_seasons:times_and_seasons_1839_1846_1841_june_vol_02_no_15	1071	4
times_and_seasons:times_and_seasons_1839_1846_1841_june_vol_02_no_15	1356	4
times_and_seasons:times_and_seasons_1839_1846_1841_june_vol_02_no_15	1359	4
times_and_seasons:times_and_seasons_1839_1846_1841_june_vol_02_no_15	1687	4
times_and_seasons:times_and_seasons_1839_1846_1841_june_vol_02_no_15	1738	4
times_and_seasons:times_and_seasons_1839_1846_1841_june_vol_02_no_15	2065	4
times_and_seasons:times_and_seasons_1839_1846_1841_june_vol_02_no_15	2185	4
times_and_seasons:times_and_seasons_1839_1846_1841_june_vol_02_no_15	2427	4
times_and_seasons:times_and_seasons_1839_1846_1841_june_vol_02_no_15	2531	4
times_and_seasons:times_and_seasons_1839_1846_1841_june_vol_02_no_15	2758	4
times_and_seasons:times_and_seasons_1839_1846_1841_june_vol_02_no_15	2874	4
times_and_seasons:times_and_seasons_1839_1846_1841_june_vol_02_no_15	2926	4
times_and_seasons:times_and_seasons_1839_1846_1841_june_vol_02_no_15	2955	4
times_and_seasons:times_and_seasons_1839_1846_1841_june_vol_02_no_15	3034	4
times_and_seasons:times_and_seasons_1839_1846_1841_june_vol_02_no_15	3189	4
times_and_seasons:times_and_seasons_1839_1846_1841_june_vol_02_no_15	3262	4
times_and_seasons:times_and_seasons_1839_1846_1841_june_vol_02_no_15	3922	4
times_and_seasons:times_and_seasons_1839_1846_1841_june_vol_02_no_15	3960	4
times_and_seasons:times_and_seasons_1839_1846_1841_march_vol_02_no_09	2	4
times_and_seasons:times_and_seasons_1839_1846_1841_march_vol_02_no_09	158	4
times_and_seasons:times_and_seasons_1839_1846_1841_march_vol_02_no_09	160	4
times_and_seasons:times_and_seasons_1839_1846_1842_july_vol_03_no_17	535	4
times_and_seasons:times_and_seasons_1839_1846_1842_july_vol_03_no_17	1158	4
times_and_seasons:times_and_seasons_1839_1846_1842_july_vol_03_no_17	2198	4
times_and_seasons:times_and_seasons_1839_1846_1844_august_vol_05_no_34	380	4
times_and_seasons:times_and_seasons_1839_1846_1844_march_vol_05_no_00	399	4
times_and_seasons:times_and_seasons_1839_1846_1844_november_vol_05_no_21	990	4
times_and_seasons:times_and_seasons_1839_1846_1844_november_vol_05_no_21	2458	4
times_and_seasons:times_and_seasons_1839_1846_1844_november_vol_05_no_21	2707	4
church_fathers:a_select_library_of_the_nicene_and_post_nicene_fathers_of_the_christian_church	88	3
church_fathers:a_select_library_of_the_nicene_and_post_nicene_fathers_of_the_christian_church	112	3
church_fathers:a_select_library_of_the_nicene_and_post_nicene_fathers_of_the_christian_church	176	3
church_fathers:a_select_library_of_the_nicene_and_post_nicene_fathers_of_the_christian_church	178	3
church_fathers:a_select_library_of_the_nicene_and_post_nicene_fathers_of_the_christian_church	202	3
church_fathers:a_select_library_of_the_nicene_and_post_nicene_fathers_of_the_christian_church	261	3
church_fathers:a_select_library_of_the_nicene_and_post_nicene_fathers_of_the_christian_church	599	3
church_fathers:anf_vol1	464	3
church_fathers:anf_vol1	836	3
church_fathers:the_ante_nicene_fathers_translations_of_the_writings_of_the_fathers_down_to_a_d_325	147	3
church_fathers:the_ante_nicene_fathers_translations_of_the_writings_of_the_fathers_down_to_a_d_325	169	3
church_fathers:the_ante_nicene_fathers_translations_of_the_writings_of_the_fathers_down_to_a_d_325	188	3
church_fathers:the_ante_nicene_fathers_translations_of_the_writings_of_the_fathers_down_to_a_d_325	225	3
church_fathers:the_ante_nicene_fathers_translations_of_the_writings_of_the_fathers_down_to_a_d_325	236	3
church_fathers:the_ante_nicene_fathers_translations_of_the_writings_of_the_fathers_down_to_a_d_325	283	3
church_fathers:the_ante_nicene_fathers_translations_of_the_writings_of_the_fathers_down_to_a_d_325	504	3
church_fathers:the_ante_nicene_fathers_translations_of_the_writings_of_the_fathers_down_to_a_d_325	688	3
church_fathers:the_ante_nicene_fathers_translations_of_the_writings_of_the_fathers_down_to_a_d_325	690	3
church_fathers:the_ante_nicene_fathers_translations_of_the_writings_of_the_fathers_down_to_a_d_325	840	3
church_fathers:the_anti_pelagian_writings_volume_6_first_series_of_the_nicene_and_post_nicene_fathers	351	3
church_fathers:the_anti_pelagian_writings_volume_6_first_series_of_the_nicene_and_post_nicene_fathers	363	3
church_fathers:the_anti_pelagian_writings_volume_6_first_series_of_the_nicene_and_post_nicene_fathers	397	3
church_fathers:the_anti_pelagian_writings_volume_6_first_series_of_the_nicene_and_post_nicene_fathers	477	3
church_fathers:the_anti_pelagian_writings_volume_6_first_series_of_the_nicene_and_post_nicene_fathers	486	3
church_fathers:the_anti_pelagian_writings_volume_6_first_series_of_the_nicene_and_post_nicene_fathers	501	3
church_fathers:the_apostolic_fathers	367	3
church_fathers:the_apostolic_fathers	378	3
church_fathers:the_apostolic_fathers	462	3
church_fathers:the_apostolic_fathers	466	3
church_fathers:the_apostolic_fathers	479	3
general_conference:general_conference_1974_04_his_final_hours	1	3
general_conference:general_conference_1976_04_that_we_may_be_one	1	3
general_conference:general_conference_1977_10_the_balm_of_gilead	1	3
general_conference:general_conference_1978_04_what_is_truth	1	3
general_conference:general_conference_1980_10_follow_joyously	1	3
general_conference:general_conference_1987_10_balm_of_gilead	1	3
general_conference:general_conference_1989_10_murmur_not	1	3
general_conference:general_conference_1990_10_temples_and_work_therein	1	3
general_conference:general_conference_1992_10_to_be_learned_is_good_if	1	3
general_conference:general_conference_1994_04_gratitude	1	3
general_conference:general_conference_1995_04_living_water_to_quench_spiritual_thirst	1	3
general_conference:general_conference_1996_04_a_handful_of_meal_and_a_little_oil	1	3
general_conference:general_conference_1996_10_the_twelve_apostles	1	3
general_conference:general_conference_1997_10_for_such_a_time_as_this	1	3
general_conference:general_conference_1998_10_benediction	1	3
general_conference:general_conference_1999_10_the_faith_of_a_sparrow_faith_and_trust_in_the_lord_jesus_christ	2	3
general_conference:general_conference_2011_10_the_power_of_the_aaronic_priesthood	1	3
general_conference:general_conference_2025_10_53holland	1	3
gutenberg_lds:brigham_young_discourses	15	3
gutenberg_lds:brigham_young_discourses	90	3
gutenberg_lds:brigham_young_discourses	108	3
gutenberg_lds:brigham_young_discourses	170	3
gutenberg_lds:brigham_young_discourses	212	3
gutenberg_lds:brigham_young_discourses	442	3
gutenberg_lds:brigham_young_discourses	491	3
gutenberg_lds:brigham_young_discourses	512	3
gutenberg_lds:brigham_young_discourses	534	3
gutenberg_lds:brigham_young_discourses	572	3
gutenberg_lds:brigham_young_discourses	582	3
gutenberg_lds:brigham_young_discourses	602	3
gutenberg_lds:brigham_young_discourses	642	3
gutenberg_lds:brigham_young_discourses	693	3
gutenberg_lds:brigham_young_discourses	821	3
gutenberg_lds:brigham_young_discourses	877	3
gutenberg_lds:brigham_young_discourses	1094	3
gutenberg_lds:brigham_young_discourses	1131	3
gutenberg_lds:brigham_young_discourses	1192	3
gutenberg_lds:brigham_young_discourses	1194	3
gutenberg_lds:brigham_young_discourses	1236	3
gutenberg_lds:brigham_young_discourses	1292	3
gutenberg_lds:brigham_young_discourses	1306	3
gutenberg_lds:brigham_young_discourses	1332	3
gutenberg_lds:brigham_young_discourses	1385	3
gutenberg_lds:brigham_young_discourses	1434	3
gutenberg_lds:brigham_young_discourses	1590	3
gutenberg_lds:brigham_young_discourses	1605	3
gutenberg_lds:brigham_young_discourses	1633	3
gutenberg_lds:brigham_young_discourses	1638	3
gutenberg_lds:brigham_young_discourses	1652	3
gutenberg_lds:brigham_young_discourses	1740	3
gutenberg_lds:brigham_young_discourses	1853	3
gutenberg_lds:brigham_young_discourses	1984	3
gutenberg_lds:brigham_young_discourses	2196	3
gutenberg_lds:brigham_young_discourses	2219	3
gutenberg_lds:brigham_young_discourses	2348	3
gutenberg_lds:brigham_young_discourses	2350	3
gutenberg_lds:brigham_young_discourses	2352	3
gutenberg_lds:brigham_young_discourses	2502	3
gutenberg_lds:brigham_young_discourses	2671	3
gutenberg_lds:jesus_the_christ_a_study_of_the_messiah_and_his_mission_according_to_holy_scriptures_both_ancient_and_modern	23	3
gutenberg_lds:jesus_the_christ_a_study_of_the_messiah_and_his_mission_according_to_holy_scriptures_both_ancient_and_modern	60	3
gutenberg_lds:jesus_the_christ_a_study_of_the_messiah_and_his_mission_according_to_holy_scriptures_both_ancient_and_modern	101	3
gutenberg_lds:jesus_the_christ_a_study_of_the_messiah_and_his_mission_according_to_holy_scriptures_both_ancient_and_modern	132	3
gutenberg_lds:jesus_the_christ_a_study_of_the_messiah_and_his_mission_according_to_holy_scriptures_both_ancient_and_modern	144	3
gutenberg_lds:jesus_the_christ_a_study_of_the_messiah_and_his_mission_according_to_holy_scriptures_both_ancient_and_modern	148	3
gutenberg_lds:jesus_the_christ_a_study_of_the_messiah_and_his_mission_according_to_holy_scriptures_both_ancient_and_modern	159	3
gutenberg_lds:jesus_the_christ_a_study_of_the_messiah_and_his_mission_according_to_holy_scriptures_both_ancient_and_modern	180	3
gutenberg_lds:jesus_the_christ_a_study_of_the_messiah_and_his_mission_according_to_holy_scriptures_both_ancient_and_modern	345	3
gutenberg_lds:jesus_the_christ_a_study_of_the_messiah_and_his_mission_according_to_holy_scriptures_both_ancient_and_modern	388	3
gutenberg_lds:jesus_the_christ_a_study_of_the_messiah_and_his_mission_according_to_holy_scriptures_both_ancient_and_modern	421	3
gutenberg_lds:jesus_the_christ_a_study_of_the_messiah_and_his_mission_according_to_holy_scriptures_both_ancient_and_modern	501	3
gutenberg_lds:jesus_the_christ_a_study_of_the_messiah_and_his_mission_according_to_holy_scriptures_both_ancient_and_modern	550	3
gutenberg_lds:lucy_mack_smith	305	3
gutenberg_lds:lucy_mack_smith	466	3
gutenberg_lds:lucy_mack_smith	548	3
gutenberg_lds:lucy_mack_smith	791	3
gutenberg_lds:lucy_mack_smith	1007	3
gutenberg_lds:lucy_mack_smith	1095	3
gutenberg_lds:parley_pratt	12	3
gutenberg_lds:parley_pratt	192	3
gutenberg_lds:parley_pratt	282	3
gutenberg_lds:parley_pratt	401	3
gutenberg_lds:parley_pratt	453	3
gutenberg_lds:parley_pratt	556	3
gutenberg_lds:parley_pratt	626	3
gutenberg_lds:parley_pratt	630	3
gutenberg_lds:parley_pratt	863	3
gutenberg_lds:parley_pratt	1126	3
gutenberg_lds:parley_pratt	1243	3
gutenberg_lds:parley_pratt	1445	3
gutenberg_lds:parley_pratt	1547	3
gutenberg_lds:parley_pratt	1616	3
gutenberg_lds:parley_pratt	1631	3
gutenberg_lds:parley_pratt	1740	3
gutenberg_lds:parley_pratt	1756	3
history_of_church:vol1	71	3
history_of_church:vol1	225	3
history_of_church:vol1	251	3
history_of_church:vol1	493	3
history_of_church:vol1	513	3
history_of_church:vol1	606	3
history_of_church:vol1	842	3
history_of_church:vol1	1396	3
history_of_church:vol1	1513	3
history_of_church:vol1	1748	3
history_of_church:vol1	1996	3
history_of_church:vol1	2006	3
history_of_church:vol1	2143	3
history_of_church:vol1	2232	3
history_of_church:vol1	2343	3
history_of_church:vol1	2414	3
history_of_church:vol1	2649	3
history_of_church:vol1	2677	3
history_of_church:vol1	2711	3
history_of_church:vol1	2815	3
history_of_church:vol1	2860	3
history_of_church:vol1	2955	3
history_of_church:vol1	3053	3
history_of_church:vol1	3194	3
history_of_church:vol1	3199	3
history_of_church:vol1	3681	3
history_of_church:vol1	3770	3
history_of_church:vol3	160	3
history_of_church:vol3	591	3
history_of_church:vol3	637	3
history_of_church:vol3	941	3
history_of_church:vol4	36	3
history_of_church:vol5	163	3
history_of_church:vol5	263	3
joseph_smith_papers:history_vol_a1	13	3
joseph_smith_papers:history_vol_a1	75	3
joseph_smith_papers:history_vol_a1	174	3
joseph_smith_papers:history_vol_a1	190	3
joseph_smith_papers:history_vol_a1	240	3
joseph_smith_papers:lectures_on_faith	60	3
joseph_smith_papers:lectures_on_faith	91	3
joseph_smith_papers:lectures_on_faith	112	3
joseph_smith_papers:lectures_on_faith	132	3
joseph_smith_papers:lectures_on_faith	177	3
joseph_smith_papers:lectures_on_faith	178	3
joseph_smith_papers:lectures_on_faith	191	3
joseph_smith_papers:lectures_on_faith	214	3
joseph_smith_papers:lectures_on_faith	229	3
joseph_smith_papers:lectures_on_faith	247	3
joseph_smith_papers:lectures_on_faith	248	3
joseph_smith_papers:lectures_on_faith	253	3
journal_of_discourses:vol_01	16	3
journal_of_discourses:vol_01	116	3
journal_of_discourses:vol_01	135	3
journal_of_discourses:vol_01	151	3
journal_of_discourses:vol_01	241	3
journal_of_discourses:vol_01	763	3
journal_of_discourses:vol_01	792	3
journal_of_discourses:vol_02	84	3
journal_of_discourses:vol_02	131	3
journal_of_discourses:vol_02	293	3
journal_of_discourses:vol_02	665	3
journal_of_discourses:vol_02	689	3
journal_of_discourses:vol_02	777	3
journal_of_discourses:vol_02	860	3
journal_of_discourses:vol_03	33	3
journal_of_discourses:vol_03	36	3
journal_of_discourses:vol_03	309	3
journal_of_discourses:vol_03	722	3
journal_of_discourses:vol_03	808	3
journal_of_discourses:vol_04	115	3
journal_of_discourses:vol_04	135	3
journal_of_discourses:vol_04	413	3
journal_of_discourses:vol_04	902	3
journal_of_discourses:vol_05	23	3
journal_of_discourses:vol_05	37	3
journal_of_discourses:vol_05	325	3
journal_of_discourses:vol_05	623	3
journal_of_discourses:vol_05	825	3
journal_of_discourses:vol_06	338	3
journal_of_discourses:vol_06	497	3
journal_of_discourses:vol_06	553	3
journal_of_discourses:vol_06	660	3
journal_of_discourses:vol_06	676	3
journal_of_discourses:vol_06	705	3
journal_of_discourses:vol_06	732	3
journal_of_discourses:vol_06	875	3
journal_of_discourses:vol_07	65	3
journal_of_discourses:vol_07	229	3
journal_of_discourses:vol_07	558	3
journal_of_discourses:vol_07	579	3
journal_of_discourses:vol_08	99	3
journal_of_discourses:vol_09	185	3
journal_of_discourses:vol_09	285	3
journal_of_discourses:vol_09	554	3
journal_of_discourses:vol_09	629	3
journal_of_discourses:vol_09	722	3
journal_of_discourses:vol_09	789	3
journal_of_discourses:vol_10	73	3
journal_of_discourses:vol_10	156	3
journal_of_discourses:vol_10	182	3
journal_of_discourses:vol_10	287	3
journal_of_discourses:vol_10	297	3
journal_of_discourses:vol_10	459	3
journal_of_discourses:vol_10	627	3
journal_of_discourses:vol_10	716	3
journal_of_discourses:vol_10	859	3
journal_of_discourses:vol_10	864	3
journal_of_discourses:vol_11	162	3
journal_of_discourses:vol_11	458	3
journal_of_discourses:vol_11	481	3
journal_of_discourses:vol_11	605	3
journal_of_discourses:vol_11	715	3
journal_of_discourses:vol_12	493	3
journal_of_discourses:vol_12	771	3
journal_of_discourses:vol_13	11	3
journal_of_discourses:vol_13	63	3
journal_of_discourses:vol_13	145	3
journal_of_discourses:vol_13	420	3
journal_of_discourses:vol_13	577	3
journal_of_discourses:vol_13	810	3
journal_of_discourses:vol_14	147	3
journal_of_discourses:vol_14	148	3
journal_of_discourses:vol_14	312	3
journal_of_discourses:vol_14	327	3
journal_of_discourses:vol_14	408	3
journal_of_discourses:vol_14	565	3
journal_of_discourses:vol_14	722	3
journal_of_discourses:vol_14	737	3
journal_of_discourses:vol_15	234	3
journal_of_discourses:vol_15	245	3
journal_of_discourses:vol_15	755	3
journal_of_discourses:vol_15	789	3
journal_of_discourses:vol_16	16	3
journal_of_discourses:vol_16	122	3
journal_of_discourses:vol_16	208	3
journal_of_discourses:vol_16	209	3
journal_of_discourses:vol_16	268	3
journal_of_discourses:vol_16	479	3
journal_of_discourses:vol_16	538	3
journal_of_discourses:vol_16	553	3
journal_of_discourses:vol_16	591	3
journal_of_discourses:vol_16	629	3
journal_of_discourses:vol_16	634	3
journal_of_discourses:vol_16	659	3
journal_of_discourses:vol_16	747	3
journal_of_discourses:vol_17	839	3
journal_of_discourses:vol_18	256	3
journal_of_discourses:vol_18	272	3
journal_of_discourses:vol_18	297	3
journal_of_discourses:vol_18	425	3
journal_of_discourses:vol_18	718	3
journal_of_discourses:vol_18	826	3
journal_of_discourses:vol_19	19	3
journal_of_discourses:vol_19	72	3
journal_of_discourses:vol_19	264	3
journal_of_discourses:vol_19	318	3
journal_of_discourses:vol_19	491	3
journal_of_discourses:vol_19	494	3
journal_of_discourses:vol_19	609	3
journal_of_discourses:vol_20	49	3
journal_of_discourses:vol_20	170	3
journal_of_discourses:vol_20	202	3
journal_of_discourses:vol_20	419	3
journal_of_discourses:vol_20	431	3
journal_of_discourses:vol_20	475	3
journal_of_discourses:vol_20	517	3
journal_of_discourses:vol_20	840	3
journal_of_discourses:vol_21	24	3
journal_of_discourses:vol_21	28	3
journal_of_discourses:vol_21	186	3
journal_of_discourses:vol_21	496	3
journal_of_discourses:vol_21	502	3
journal_of_discourses:vol_21	526	3
journal_of_discourses:vol_21	653	3
journal_of_discourses:vol_21	676	3
journal_of_discourses:vol_21	707	3
journal_of_discourses:vol_21	765	3
journal_of_discourses:vol_22	47	3
journal_of_discourses:vol_22	166	3
journal_of_discourses:vol_22	605	3
journal_of_discourses:vol_22	681	3
journal_of_discourses:vol_22	721	3
journal_of_discourses:vol_22	820	3
journal_of_discourses:vol_23	78	3
journal_of_discourses:vol_23	346	3
journal_of_discourses:vol_23	377	3
journal_of_discourses:vol_24	6	3
journal_of_discourses:vol_24	177	3
journal_of_discourses:vol_24	787	3
journal_of_discourses:vol_25	65	3
journal_of_discourses:vol_25	403	3
journal_of_discourses:vol_25	611	3
journal_of_discourses:vol_25	691	3
journal_of_discourses:vol_25	826	3
journal_of_discourses:vol_26	46	3
journal_of_discourses:vol_26	179	3
journal_of_discourses:vol_26	207	3
journal_of_discourses:vol_26	277	3
journal_of_discourses:vol_26	280	3
journal_of_discourses:vol_26	805	3
millennial_star:millennial_star_1840_1859_1850_august_vol_21_no_33	57	3
millennial_star:millennial_star_1840_1859_1850_february_vol_17_no_05	61	3
millennial_star:millennial_star_1840_1859_1850_june_vol_18_no_20	84	3
millennial_star:millennial_star_1840_1859_1850_may_vol_18_no_22	125	3
millennial_star:millennial_star_1840_1859_1850_may_vol_18_no_22	241	3
millennial_star:millennial_star_1840_1859_1850_may_vol_18_no_22	278	3
millennial_star:millennial_star_1840_1859_1850_may_vol_18_no_22	294	3
millennial_star:millennial_star_1840_1859_1850_may_vol_18_no_22	298	3
millennial_star:millennial_star_1840_1859_1850_may_vol_18_no_22	344	3
millennial_star:millennial_star_1840_1859_1850_may_vol_18_no_22	412	3
millennial_star:millennial_star_1840_1859_1850_october_vol_18_no_42	3	3
millennial_star:millennial_star_1840_1859_1852_april_vol_14_no_09	5	3
millennial_star:millennial_star_1840_1859_1852_april_vol_14_no_09	103	3
millennial_star:millennial_star_1840_1859_1852_april_vol_14_no_09	391	3
millennial_star:millennial_star_1840_1859_1852_april_vol_14_no_09	399	3
millennial_star:millennial_star_1840_1859_1852_april_vol_14_no_09	931	3
millennial_star:millennial_star_1840_1859_1852_august_vol_14_no_26	65	3
millennial_star:millennial_star_1840_1859_1852_august_vol_14_no_27	139	3
millennial_star:millennial_star_1840_1859_1852_december_vol_14_no_43	9	3
millennial_star:millennial_star_1840_1859_1852_december_vol_14_no_44	301	3
millennial_star:millennial_star_1840_1859_1852_december_vol_14_no_44	390	3
millennial_star:millennial_star_1840_1859_1852_december_vol_14_no_44	525	3
millennial_star:millennial_star_1840_1859_1852_december_vol_14_no_44	659	3
millennial_star:millennial_star_1840_1859_1852_december_vol_14_no_44	679	3
millennial_star:millennial_star_1840_1859_1852_december_vol_14_no_44	702	3
millennial_star:millennial_star_1840_1859_1852_december_vol_14_no_44	776	3
millennial_star:millennial_star_1840_1859_1852_december_vol_14_no_44	1119	3
millennial_star:millennial_star_1840_1859_1852_december_vol_14_no_44	1255	3
millennial_star:millennial_star_1840_1859_1852_june_vol_25_no_17	4	3
millennial_star:millennial_star_1840_1859_1852_june_vol_25_no_17	8	3
millennial_star:millennial_star_1840_1859_1852_june_vol_25_no_17	47	3
millennial_star:millennial_star_1840_1859_1852_june_vol_25_no_17	426	3
millennial_star:millennial_star_1840_1859_1852_november_vol_14_no_04	23	3
millennial_star:millennial_star_1840_1859_1852_october_vol_14_no_32	189	3
millennial_star:millennial_star_1840_1859_1853_february_vol_15_no_08	216	3
millennial_star:millennial_star_1840_1859_1856_december_vol_18_no_51	61	3
millennial_star:millennial_star_1840_1859_1856_july_vol_18_no_27	494	3
millennial_star:millennial_star_1840_1859_1856_september_vol_18_no_37	94	3
millennial_star:millennial_star_1840_1859_1857_january_vol_19_no_04	144	3
millennial_star:millennial_star_1840_1859_1858_march_vol_20_no_12	1046	3
millennial_star:millennial_star_1840_1859_1859_december_vol_21_no_53	320	3
millennial_star:millennial_star_1840_1859_1859_december_vol_21_no_53	530	3
millennial_star:millennial_star_1840_1859_1859_december_vol_21_no_53	674	3
millennial_star:millennial_star_1840_1859_1859_december_vol_21_no_53	938	3
millennial_star:millennial_star_1840_1859_1859_december_vol_21_no_53	1220	3
millennial_star:millennial_star_1840_1859_1859_december_vol_21_no_53	3492	3
millennial_star:millennial_star_1840_1859_1859_december_vol_21_no_53	3526	3
millennial_star:millennial_star_1840_1859_1859_december_vol_21_no_53	4556	3
millennial_star:millennial_star_1840_1859_1859_december_vol_21_no_53	20931	3
millennial_star:millennial_star_1840_1859_1859_october_vol_21_no_43	20	3
pioneer_journals:lucy_mack_smith_history	114	3
pioneer_journals:lucy_mack_smith_history	148	3
pioneer_journals:lucy_mack_smith_history	294	3
pioneer_journals:lucy_mack_smith_history	799	3
pioneer_journals:lucy_mack_smith_history	1169	3
pioneer_journals:lucy_mack_smith_history	1305	3
pioneer_journals:wilford_woodruff_journals	86	3
pioneer_journals:wilford_woodruff_journals	455	3
pioneer_journals:wilford_woodruff_journals	469	3
pioneer_journals:wilford_woodruff_journals	689	3
pioneer_journals:wilford_woodruff_journals	773	3
pioneer_journals:wilford_woodruff_journals	802	3
pioneer_journals:wilford_woodruff_journals	1243	3
pioneer_journals:wilford_woodruff_journals	1533	3
pioneer_journals:wilford_woodruff_journals	2591	3
pioneer_journals:wilford_woodruff_journals	2670	3
pioneer_journals:wilford_woodruff_journals	2850	3
pioneer_journals:wilford_woodruff_journals	2940	3
pioneer_journals:wilford_woodruff_journals	2941	3
pioneer_journals:wilford_woodruff_journals	2942	3
pioneer_journals:wilford_woodruff_journals	2945	3
times_and_seasons:times_and_seasons_1839_1846_1839_july_vol_01_no_01	5	3
times_and_seasons:times_and_seasons_1839_1846_1839_july_vol_01_no_01	7	3
times_and_seasons:times_and_seasons_1839_1846_1839_july_vol_01_no_01	18	3
times_and_seasons:times_and_seasons_1839_1846_1839_july_vol_01_no_01	44	3
times_and_seasons:times_and_seasons_1839_1846_1839_july_vol_01_no_01	47	3
times_and_seasons:times_and_seasons_1839_1846_1839_july_vol_01_no_01	54	3
times_and_seasons:times_and_seasons_1839_1846_1839_july_vol_01_no_01	57	3
times_and_seasons:times_and_seasons_1839_1846_1839_july_vol_01_no_01	75	3
times_and_seasons:times_and_seasons_1839_1846_1839_july_vol_01_no_01	157	3
times_and_seasons:times_and_seasons_1839_1846_1840_april_vol_01_no_06	11	3
times_and_seasons:times_and_seasons_1839_1846_1840_april_vol_01_no_06	129	3
times_and_seasons:times_and_seasons_1839_1846_1840_december_vol_02_no_04	39	3
times_and_seasons:times_and_seasons_1839_1846_1840_december_vol_02_no_04	52	3
times_and_seasons:times_and_seasons_1839_1846_1840_february_vol_01_no_04	33	3
times_and_seasons:times_and_seasons_1839_1846_1840_february_vol_01_no_04	36	3
times_and_seasons:times_and_seasons_1839_1846_1840_january_vol_01_no_03	18	3
times_and_seasons:times_and_seasons_1839_1846_1840_january_vol_01_no_03	124	3
times_and_seasons:times_and_seasons_1839_1846_1840_march_vol_01_no_05	54	3
times_and_seasons:times_and_seasons_1839_1846_1840_september_vol_01_no_11	126	3
times_and_seasons:times_and_seasons_1839_1846_1840_september_vol_01_no_11	166	3
times_and_seasons:times_and_seasons_1839_1846_1840_september_vol_01_no_11	495	3
times_and_seasons:times_and_seasons_1839_1846_1840_september_vol_01_no_11	663	3
times_and_seasons:times_and_seasons_1839_1846_1841_april_vol_02_no_11	17	3
times_and_seasons:times_and_seasons_1839_1846_1841_april_vol_02_no_11	24	3
times_and_seasons:times_and_seasons_1839_1846_1841_april_vol_02_no_11	32	3
times_and_seasons:times_and_seasons_1839_1846_1841_april_vol_02_no_11	35	3
times_and_seasons:times_and_seasons_1839_1846_1841_april_vol_02_no_11	185	3
times_and_seasons:times_and_seasons_1839_1846_1841_april_vol_02_no_11	243	3
times_and_seasons:times_and_seasons_1839_1846_1841_april_vol_02_no_11	370	3
times_and_seasons:times_and_seasons_1839_1846_1841_february_vol_02_no_07	44	3
times_and_seasons:times_and_seasons_1839_1846_1841_february_vol_02_no_07	48	3
times_and_seasons:times_and_seasons_1839_1846_1841_february_vol_02_no_07	137	3
times_and_seasons:times_and_seasons_1839_1846_1841_february_vol_02_no_07	163	3
times_and_seasons:times_and_seasons_1839_1846_1841_january_vol_02_no_05	39	3
times_and_seasons:times_and_seasons_1839_1846_1841_june_vol_02_no_15	29	3
times_and_seasons:times_and_seasons_1839_1846_1841_june_vol_02_no_15	233	3
times_and_seasons:times_and_seasons_1839_1846_1841_june_vol_02_no_15	270	3
times_and_seasons:times_and_seasons_1839_1846_1841_june_vol_02_no_15	327	3
times_and_seasons:times_and_seasons_1839_1846_1841_june_vol_02_no_15	572	3
times_and_seasons:times_and_seasons_1839_1846_1841_june_vol_02_no_15	666	3
times_and_seasons:times_and_seasons_1839_1846_1841_june_vol_02_no_15	733	3
times_and_seasons:times_and_seasons_1839_1846_1841_june_vol_02_no_15	745	3
times_and_seasons:times_and_seasons_1839_1846_1841_june_vol_02_no_15	865	3
times_and_seasons:times_and_seasons_1839_1846_1841_june_vol_02_no_15	1080	3
times_and_seasons:times_and_seasons_1839_1846_1841_june_vol_02_no_15	1208	3
times_and_seasons:times_and_seasons_1839_1846_1841_june_vol_02_no_15	1217	3
times_and_seasons:times_and_seasons_1839_1846_1841_june_vol_02_no_15	1226	3
times_and_seasons:times_and_seasons_1839_1846_1841_june_vol_02_no_15	1428	3
times_and_seasons:times_and_seasons_1839_1846_1841_june_vol_02_no_15	2178	3
times_and_seasons:times_and_seasons_1839_1846_1841_june_vol_02_no_15	2246	3
times_and_seasons:times_and_seasons_1839_1846_1841_june_vol_02_no_15	2316	3
times_and_seasons:times_and_seasons_1839_1846_1841_june_vol_02_no_15	2549	3
times_and_seasons:times_and_seasons_1839_1846_1841_june_vol_02_no_15	2556	3
times_and_seasons:times_and_seasons_1839_1846_1841_june_vol_02_no_15	2731	3
times_and_seasons:times_and_seasons_1839_1846_1841_june_vol_02_no_15	3003	3
times_and_seasons:times_and_seasons_1839_1846_1841_june_vol_02_no_15	3106	3
times_and_seasons:times_and_seasons_1839_1846_1841_june_vol_02_no_15	3112	3
times_and_seasons:times_and_seasons_1839_1846_1841_june_vol_02_no_15	3184	3
times_and_seasons:times_and_seasons_1839_1846_1841_june_vol_02_no_15	3223	3
times_and_seasons:times_and_seasons_1839_1846_1841_june_vol_02_no_15	3667	3
times_and_seasons:times_and_seasons_1839_1846_1841_june_vol_02_no_15	3670	3
times_and_seasons:times_and_seasons_1839_1846_1841_june_vol_02_no_15	3676	3
times_and_seasons:times_and_seasons_1839_1846_1841_june_vol_02_no_15	3910	3
times_and_seasons:times_and_seasons_1839_1846_1841_march_vol_02_no_09	6	3
times_and_seasons:times_and_seasons_1839_1846_1841_march_vol_02_no_09	12	3
times_and_seasons:times_and_seasons_1839_1846_1844_august_vol_05_no_34	67	3
times_and_seasons:times_and_seasons_1839_1846_1844_august_vol_05_no_34	302	3
times_and_seasons:times_and_seasons_1839_1846_1844_january_vol_05_no_02	303	3
times_and_seasons:times_and_seasons_1839_1846_1844_january_vol_05_no_02	321	3
times_and_seasons:times_and_seasons_1839_1846_1844_november_vol_05_no_21	395	3
times_and_seasons:times_and_seasons_1839_1846_1845_july_vol_06_no_13	116	3
church_fathers:a_select_library_of_the_nicene_and_post_nicene_fathers_of_the_christian_church	48	2
church_fathers:a_select_library_of_the_nicene_and_post_nicene_fathers_of_the_christian_church	50	2
church_fathers:a_select_library_of_the_nicene_and_post_nicene_fathers_of_the_christian_church	55	2
church_fathers:a_select_library_of_the_nicene_and_post_nicene_fathers_of_the_christian_church	63	2
church_fathers:a_select_library_of_the_nicene_and_post_nicene_fathers_of_the_christian_church	72	2
church_fathers:a_select_library_of_the_nicene_and_post_nicene_fathers_of_the_christian_church	80	2
church_fathers:a_select_library_of_the_nicene_and_post_nicene_fathers_of_the_christian_church	86	2
church_fathers:a_select_library_of_the_nicene_and_post_nicene_fathers_of_the_christian_church	129	2
church_fathers:a_select_library_of_the_nicene_and_post_nicene_fathers_of_the_christian_church	132	2
church_fathers:a_select_library_of_the_nicene_and_post_nicene_fathers_of_the_christian_church	406	2
church_fathers:a_select_library_of_the_nicene_and_post_nicene_fathers_of_the_christian_church	411	2
church_fathers:a_select_library_of_the_nicene_and_post_nicene_fathers_of_the_christian_church	528	2
church_fathers:a_select_library_of_the_nicene_and_post_nicene_fathers_of_the_christian_church	535	2
church_fathers:a_select_library_of_the_nicene_and_post_nicene_fathers_of_the_christian_church	588	2
church_fathers:a_select_library_of_the_nicene_and_post_nicene_fathers_of_the_christian_church	593	2
church_fathers:a_select_library_of_the_nicene_and_post_nicene_fathers_of_the_christian_church	642	2
church_fathers:anf_vol1	304	2
church_fathers:anf_vol1	480	2
church_fathers:anf_vol1	706	2
church_fathers:anf_vol2	13	2
church_fathers:anf_vol2	158	2
church_fathers:anf_vol2	451	2
church_fathers:the_ante_nicene_fathers_translations_of_the_writings_of_the_fathers_down_to_a_d_325	44	2
church_fathers:the_ante_nicene_fathers_translations_of_the_writings_of_the_fathers_down_to_a_d_325	134	2
church_fathers:the_ante_nicene_fathers_translations_of_the_writings_of_the_fathers_down_to_a_d_325	175	2
church_fathers:the_ante_nicene_fathers_translations_of_the_writings_of_the_fathers_down_to_a_d_325	276	2
church_fathers:the_ante_nicene_fathers_translations_of_the_writings_of_the_fathers_down_to_a_d_325	290	2
church_fathers:the_ante_nicene_fathers_translations_of_the_writings_of_the_fathers_down_to_a_d_325	320	2
church_fathers:the_ante_nicene_fathers_translations_of_the_writings_of_the_fathers_down_to_a_d_325	330	2
church_fathers:the_ante_nicene_fathers_translations_of_the_writings_of_the_fathers_down_to_a_d_325	416	2
church_fathers:the_ante_nicene_fathers_translations_of_the_writings_of_the_fathers_down_to_a_d_325	440	2
church_fathers:the_ante_nicene_fathers_translations_of_the_writings_of_the_fathers_down_to_a_d_325	443	2
church_fathers:the_ante_nicene_fathers_translations_of_the_writings_of_the_fathers_down_to_a_d_325	449	2
church_fathers:the_ante_nicene_fathers_translations_of_the_writings_of_the_fathers_down_to_a_d_325	479	2
church_fathers:the_ante_nicene_fathers_translations_of_the_writings_of_the_fathers_down_to_a_d_325	496	2
church_fathers:the_ante_nicene_fathers_translations_of_the_writings_of_the_fathers_down_to_a_d_325	566	2
church_fathers:the_ante_nicene_fathers_translations_of_the_writings_of_the_fathers_down_to_a_d_325	827	2
church_fathers:the_anti_pelagian_writings_volume_6_first_series_of_the_nicene_and_post_nicene_fathers	373	2
church_fathers:the_anti_pelagian_writings_volume_6_first_series_of_the_nicene_and_post_nicene_fathers	428	2
church_fathers:the_anti_pelagian_writings_volume_6_first_series_of_the_nicene_and_post_nicene_fathers	462	2
church_fathers:the_anti_pelagian_writings_volume_6_first_series_of_the_nicene_and_post_nicene_fathers	487	2
church_fathers:the_anti_pelagian_writings_volume_6_first_series_of_the_nicene_and_post_nicene_fathers	494	2
church_fathers:the_anti_pelagian_writings_volume_6_first_series_of_the_nicene_and_post_nicene_fathers	496	2
church_fathers:the_apostolic_fathers	168	2
church_fathers:the_apostolic_fathers	180	2
church_fathers:the_apostolic_fathers	240	2
church_fathers:the_apostolic_fathers	249	2
church_fathers:the_apostolic_fathers	329	2
church_fathers:the_apostolic_fathers	336	2
church_fathers:the_apostolic_fathers	363	2
church_fathers:the_apostolic_fathers	404	2
church_fathers:the_apostolic_fathers	405	2
church_fathers:the_apostolic_fathers	567	2
church_fathers:the_apostolic_fathers	574	2
general_conference:general_conference_1971_04_all_may_share_in_adams_blessing	1	2
general_conference:general_conference_1971_04_be_slow_to_anger	1	2
general_conference:general_conference_1971_04_drink_of_the_pure_water	1	2
general_conference:general_conference_1971_04_thou_shalt_not_commit_adultery	1	2
general_conference:general_conference_1972_04_am_i_my_brothers_keeper	1	2
general_conference:general_conference_1972_04_our_witness_to_the_world	1	2
general_conference:general_conference_1972_10_an_instrument_in_the_hands_of_the_lord	1	2
general_conference:general_conference_1972_10_spiritual_famine	1	2
general_conference:general_conference_1974_10_be_valiant_in_the_fight_of_faith	1	2
general_conference:general_conference_1975_04_come_drink_the_living_water	1	2
general_conference:general_conference_1976_10_teachings_of_the_apostle_paul	1	2
general_conference:general_conference_1980_04_salt_of_the_earth_savor_of_men_and_saviors_of_men	1	2
general_conference:general_conference_1982_04_this_is_no_harm	1	2
general_conference:general_conference_1983_04_fear_not_to_do_good	1	2
general_conference:general_conference_1984_04_building_your_eternal_home	1	2
general_conference:general_conference_1987_04_some_have_compassion_making_a_difference	1	2
general_conference:general_conference_1990_04_a_little_child_shall_lead_them	1	2
general_conference:general_conference_1991_04_the_moving_of_the_water	1	2
general_conference:general_conference_1991_10_called_to_serve	1	2
general_conference:general_conference_1992_04_a_chosen_generation	1	2
general_conference:general_conference_1992_04_but_the_labourers_are_few	1	2
general_conference:general_conference_1992_04_the_tongue_can_be_a_sharp_sword	1	2
general_conference:general_conference_1992_10_coming_unto_christ_by_searching_the_scriptures	1	2
general_conference:general_conference_1995_10_if_ye_are_prepared_ye_shall_not_fear	1	2
general_conference:general_conference_1995_10_this_do_in_remembrance_of_me	1	2
general_conference:general_conference_1996_10_rejoice	1	2
general_conference:general_conference_1997_04_finding_safety_in_counsel	1	2
general_conference:general_conference_1997_04_pray_unto_the_father_in_my_name	1	2
general_conference:general_conference_1998_10_bear_record_of_him	1	2
general_conference:general_conference_1999_04_for_i_was_blind_but_now_i_see	1	2
general_conference:general_conference_1999_10_for_this_cause_came_i_into_the_world	1	2
general_conference:general_conference_2001_04_priesthood_power	1	2
general_conference:general_conference_2001_10_create_or_continue_priesthood_links	1	2
general_conference:general_conference_2002_04_charity_perfect_and_everlasting_love	1	2
general_conference:general_conference_2002_10_to_be_free_of_heavy_burdens	1	2
general_conference:general_conference_2004_10_the_power_of_gods_love	1	2
general_conference:general_conference_2007_04_will_a_man_rob_god	1	2
general_conference:general_conference_2007_10_have_we_not_reason_to_rejoice	1	2
general_conference:general_conference_2010_04_mothers_and_daughters	1	2
general_conference:general_conference_2010_10_and_of_some_have_compassion_making_a_difference	1	2
general_conference:general_conference_2011_04_waiting_on_the_road_to_damascus	1	2
general_conference:general_conference_2011_10_forget_me_not	1	2
general_conference:general_conference_2012_04_sacrifice	1	2
general_conference:general_conference_2012_04_the_laborers_in_the_vineyard	1	2
general_conference:general_conference_2013_04_the_gospel_to_all_the_world	1	2
general_conference:general_conference_2014_04_be_strong_and_of_a_good_courage	1	2
general_conference:general_conference_2016_10_the_righteous_judge	1	2
general_conference:general_conference_2017_04_kindness_charity_and_love	1	2
general_conference:general_conference_2017_04_whatsoever_he_saith_unto_you_do_it	1	2
general_conference:general_conference_2017_10_exceeding_great_and_precious_promises	1	2
general_conference:general_conference_2018_04_introductory_remarks	1	2
general_conference:general_conference_2018_04_take_the_holy_spirit_as_your_guide	1	2
general_conference:general_conference_2020_10_14craig	1	2
general_conference:general_conference_2024_10_28soares	1	2
gutenberg_lds:brigham_young_discourses	21	2
gutenberg_lds:brigham_young_discourses	77	2
gutenberg_lds:brigham_young_discourses	95	2
gutenberg_lds:brigham_young_discourses	154	2
gutenberg_lds:brigham_young_discourses	159	2
gutenberg_lds:brigham_young_discourses	172	2
gutenberg_lds:brigham_young_discourses	202	2
gutenberg_lds:brigham_young_discourses	264	2
gutenberg_lds:brigham_young_discourses	284	2
gutenberg_lds:brigham_young_discourses	288	2
gutenberg_lds:brigham_young_discourses	337	2
gutenberg_lds:brigham_young_discourses	363	2
gutenberg_lds:brigham_young_discourses	388	2
gutenberg_lds:brigham_young_discourses	408	2
gutenberg_lds:brigham_young_discourses	418	2
gutenberg_lds:brigham_young_discourses	462	2
gutenberg_lds:brigham_young_discourses	470	2
gutenberg_lds:brigham_young_discourses	475	2
gutenberg_lds:brigham_young_discourses	503	2
gutenberg_lds:brigham_young_discourses	513	2
gutenberg_lds:brigham_young_discourses	584	2
gutenberg_lds:brigham_young_discourses	658	2
gutenberg_lds:brigham_young_discourses	690	2
gutenberg_lds:brigham_young_discourses	752	2
gutenberg_lds:brigham_young_discourses	787	2
gutenberg_lds:brigham_young_discourses	796	2
gutenberg_lds:brigham_young_discourses	803	2
gutenberg_lds:brigham_young_discourses	805	2
gutenberg_lds:brigham_young_discourses	824	2
gutenberg_lds:brigham_young_discourses	839	2
gutenberg_lds:brigham_young_discourses	842	2
gutenberg_lds:brigham_young_discourses	896	2
gutenberg_lds:brigham_young_discourses	930	2
gutenberg_lds:brigham_young_discourses	966	2
gutenberg_lds:brigham_young_discourses	1024	2
gutenberg_lds:brigham_young_discourses	1125	2
gutenberg_lds:brigham_young_discourses	1130	2
gutenberg_lds:brigham_young_discourses	1175	2
gutenberg_lds:brigham_young_discourses	1176	2
gutenberg_lds:brigham_young_discourses	1186	2
gutenberg_lds:brigham_young_discourses	1274	2
gutenberg_lds:brigham_young_discourses	1290	2
gutenberg_lds:brigham_young_discourses	1291	2
gutenberg_lds:brigham_young_discourses	1303	2
gutenberg_lds:brigham_young_discourses	1329	2
gutenberg_lds:brigham_young_discourses	1337	2
gutenberg_lds:brigham_young_discourses	1342	2
gutenberg_lds:brigham_young_discourses	1344	2
gutenberg_lds:brigham_young_discourses	1350	2
gutenberg_lds:brigham_young_discourses	1402	2
gutenberg_lds:brigham_young_discourses	1563	2
gutenberg_lds:brigham_young_discourses	1573	2
gutenberg_lds:brigham_young_discourses	1599	2
gutenberg_lds:brigham_young_discourses	1738	2
gutenberg_lds:brigham_young_discourses	1745	2
gutenberg_lds:brigham_young_discourses	1749	2
gutenberg_lds:brigham_young_discourses	1763	2
gutenberg_lds:brigham_young_discourses	1774	2
gutenberg_lds:brigham_young_discourses	1791	2
gutenberg_lds:brigham_young_discourses	1834	2
gutenberg_lds:brigham_young_discourses	1927	2
gutenberg_lds:brigham_young_discourses	1997	2
gutenberg_lds:brigham_young_discourses	2122	2
gutenberg_lds:brigham_young_discourses	2158	2
gutenberg_lds:brigham_young_discourses	2188	2
gutenberg_lds:brigham_young_discourses	2193	2
gutenberg_lds:brigham_young_discourses	2209	2
gutenberg_lds:brigham_young_discourses	2235	2
gutenberg_lds:brigham_young_discourses	2236	2
gutenberg_lds:brigham_young_discourses	2284	2
gutenberg_lds:brigham_young_discourses	2299	2
gutenberg_lds:brigham_young_discourses	2413	2
gutenberg_lds:brigham_young_discourses	2427	2
gutenberg_lds:brigham_young_discourses	2440	2
gutenberg_lds:brigham_young_discourses	2461	2
gutenberg_lds:brigham_young_discourses	2468	2
gutenberg_lds:brigham_young_discourses	2561	2
gutenberg_lds:brigham_young_discourses	2631	2
gutenberg_lds:brigham_young_discourses	2830	2
gutenberg_lds:jesus_the_christ_a_study_of_the_messiah_and_his_mission_according_to_holy_scriptures_both_ancient_and_modern	33	2
gutenberg_lds:jesus_the_christ_a_study_of_the_messiah_and_his_mission_according_to_holy_scriptures_both_ancient_and_modern	91	2
gutenberg_lds:jesus_the_christ_a_study_of_the_messiah_and_his_mission_according_to_holy_scriptures_both_ancient_and_modern	113	2
gutenberg_lds:jesus_the_christ_a_study_of_the_messiah_and_his_mission_according_to_holy_scriptures_both_ancient_and_modern	120	2
gutenberg_lds:jesus_the_christ_a_study_of_the_messiah_and_his_mission_according_to_holy_scriptures_both_ancient_and_modern	139	2
gutenberg_lds:jesus_the_christ_a_study_of_the_messiah_and_his_mission_according_to_holy_scriptures_both_ancient_and_modern	196	2
gutenberg_lds:jesus_the_christ_a_study_of_the_messiah_and_his_mission_according_to_holy_scriptures_both_ancient_and_modern	201	2
gutenberg_lds:jesus_the_christ_a_study_of_the_messiah_and_his_mission_according_to_holy_scriptures_both_ancient_and_modern	207	2
gutenberg_lds:jesus_the_christ_a_study_of_the_messiah_and_his_mission_according_to_holy_scriptures_both_ancient_and_modern	216	2
gutenberg_lds:jesus_the_christ_a_study_of_the_messiah_and_his_mission_according_to_holy_scriptures_both_ancient_and_modern	226	2
gutenberg_lds:jesus_the_christ_a_study_of_the_messiah_and_his_mission_according_to_holy_scriptures_both_ancient_and_modern	232	2
gutenberg_lds:jesus_the_christ_a_study_of_the_messiah_and_his_mission_according_to_holy_scriptures_both_ancient_and_modern	249	2
gutenberg_lds:jesus_the_christ_a_study_of_the_messiah_and_his_mission_according_to_holy_scriptures_both_ancient_and_modern	250	2
gutenberg_lds:jesus_the_christ_a_study_of_the_messiah_and_his_mission_according_to_holy_scriptures_both_ancient_and_modern	275	2
gutenberg_lds:jesus_the_christ_a_study_of_the_messiah_and_his_mission_according_to_holy_scriptures_both_ancient_and_modern	306	2
gutenberg_lds:jesus_the_christ_a_study_of_the_messiah_and_his_mission_according_to_holy_scriptures_both_ancient_and_modern	342	2
gutenberg_lds:jesus_the_christ_a_study_of_the_messiah_and_his_mission_according_to_holy_scriptures_both_ancient_and_modern	448	2
gutenberg_lds:jesus_the_christ_a_study_of_the_messiah_and_his_mission_according_to_holy_scriptures_both_ancient_and_modern	450	2
gutenberg_lds:jesus_the_christ_a_study_of_the_messiah_and_his_mission_according_to_holy_scriptures_both_ancient_and_modern	474	2
gutenberg_lds:jesus_the_christ_a_study_of_the_messiah_and_his_mission_according_to_holy_scriptures_both_ancient_and_modern	479	2
gutenberg_lds:jesus_the_christ_a_study_of_the_messiah_and_his_mission_according_to_holy_scriptures_both_ancient_and_modern	492	2
gutenberg_lds:jesus_the_christ_a_study_of_the_messiah_and_his_mission_according_to_holy_scriptures_both_ancient_and_modern	535	2
gutenberg_lds:jesus_the_christ_a_study_of_the_messiah_and_his_mission_according_to_holy_scriptures_both_ancient_and_modern	539	2
gutenberg_lds:jesus_the_christ_a_study_of_the_messiah_and_his_mission_according_to_holy_scriptures_both_ancient_and_modern	556	2
gutenberg_lds:jesus_the_christ_a_study_of_the_messiah_and_his_mission_according_to_holy_scriptures_both_ancient_and_modern	563	2
gutenberg_lds:jesus_the_christ_a_study_of_the_messiah_and_his_mission_according_to_holy_scriptures_both_ancient_and_modern	588	2
gutenberg_lds:jesus_the_christ_a_study_of_the_messiah_and_his_mission_according_to_holy_scriptures_both_ancient_and_modern	646	2
gutenberg_lds:jesus_the_christ_a_study_of_the_messiah_and_his_mission_according_to_holy_scriptures_both_ancient_and_modern	680	2
gutenberg_lds:jesus_the_christ_a_study_of_the_messiah_and_his_mission_according_to_holy_scriptures_both_ancient_and_modern	681	2
gutenberg_lds:jesus_the_christ_a_study_of_the_messiah_and_his_mission_according_to_holy_scriptures_both_ancient_and_modern	687	2
gutenberg_lds:lucy_mack_smith	39	2
gutenberg_lds:lucy_mack_smith	176	2
gutenberg_lds:lucy_mack_smith	192	2
gutenberg_lds:lucy_mack_smith	193	2
gutenberg_lds:lucy_mack_smith	241	2
gutenberg_lds:lucy_mack_smith	254	2
gutenberg_lds:lucy_mack_smith	264	2
gutenberg_lds:lucy_mack_smith	287	2
gutenberg_lds:lucy_mack_smith	303	2
gutenberg_lds:lucy_mack_smith	328	2
gutenberg_lds:lucy_mack_smith	445	2
gutenberg_lds:lucy_mack_smith	485	2
gutenberg_lds:lucy_mack_smith	498	2
gutenberg_lds:lucy_mack_smith	507	2
gutenberg_lds:lucy_mack_smith	551	2
gutenberg_lds:lucy_mack_smith	566	2
gutenberg_lds:lucy_mack_smith	632	2
gutenberg_lds:lucy_mack_smith	959	2
gutenberg_lds:lucy_mack_smith	1051	2
gutenberg_lds:lucy_mack_smith	1084	2
gutenberg_lds:lucy_mack_smith	1088	2
gutenberg_lds:lucy_mack_smith	1096	2
gutenberg_lds:parley_pratt	4	2
gutenberg_lds:parley_pratt	190	2
gutenberg_lds:parley_pratt	193	2
gutenberg_lds:parley_pratt	266	2
gutenberg_lds:parley_pratt	283	2
gutenberg_lds:parley_pratt	360	2
gutenberg_lds:parley_pratt	394	2
gutenberg_lds:parley_pratt	404	2
gutenberg_lds:parley_pratt	406	2
gutenberg_lds:parley_pratt	468	2
gutenberg_lds:parley_pratt	517	2
gutenberg_lds:parley_pratt	553	2
gutenberg_lds:parley_pratt	636	2
gutenberg_lds:parley_pratt	700	2
gutenberg_lds:parley_pratt	701	2
gutenberg_lds:parley_pratt	743	2
gutenberg_lds:parley_pratt	933	2
gutenberg_lds:parley_pratt	1023	2
gutenberg_lds:parley_pratt	1030	2
gutenberg_lds:parley_pratt	1191	2
gutenberg_lds:parley_pratt	1288	2
gutenberg_lds:parley_pratt	1447	2
gutenberg_lds:parley_pratt	1471	2
gutenberg_lds:parley_pratt	1549	2
gutenberg_lds:parley_pratt	1569	2
gutenberg_lds:parley_pratt	1636	2
gutenberg_lds:parley_pratt	1663	2
gutenberg_lds:parley_pratt	1782	2
gutenberg_lds:parley_pratt	1842	2
gutenberg_lds:parley_pratt	1852	2
gutenberg_lds:parley_pratt	1931	2
gutenberg_lds:william_clayton	324	2
history_of_church:vol1	8	2
history_of_church:vol1	69	2
history_of_church:vol1	70	2
history_of_church:vol1	103	2
history_of_church:vol1	124	2
history_of_church:vol1	289	2
history_of_church:vol1	368	2
history_of_church:vol1	424	2
history_of_church:vol1	470	2
history_of_church:vol1	577	2
history_of_church:vol1	646	2
history_of_church:vol1	665	2
history_of_church:vol1	674	2
history_of_church:vol1	783	2
history_of_church:vol1	840	2
history_of_church:vol1	861	2
history_of_church:vol1	965	2
history_of_church:vol1	968	2
history_of_church:vol1	1009	2
history_of_church:vol1	1012	2
history_of_church:vol1	1050	2
history_of_church:vol1	1093	2
history_of_church:vol1	1303	2
history_of_church:vol1	1319	2
history_of_church:vol1	1348	2
history_of_church:vol1	1361	2
history_of_church:vol1	1483	2
history_of_church:vol1	1557	2
history_of_church:vol1	1680	2
history_of_church:vol1	1685	2
history_of_church:vol1	1843	2
history_of_church:vol1	1876	2
history_of_church:vol1	2085	2
history_of_church:vol1	2241	2
history_of_church:vol1	2246	2
history_of_church:vol1	2374	2
history_of_church:vol1	2659	2
history_of_church:vol1	2801	2
history_of_church:vol1	2838	2
history_of_church:vol1	2871	2
history_of_church:vol1	2966	2
history_of_church:vol1	2998	2
history_of_church:vol1	3297	2
history_of_church:vol1	3308	2
history_of_church:vol1	3458	2
history_of_church:vol1	3459	2
history_of_church:vol1	3524	2
history_of_church:vol1	3559	2
history_of_church:vol1	3598	2
history_of_church:vol1	3631	2
history_of_church:vol1	3823	2
history_of_church:vol1	3965	2
history_of_church:vol1	4068	2
history_of_church:vol1	4103	2
history_of_church:vol3	96	2
history_of_church:vol3	144	2
history_of_church:vol3	148	2
history_of_church:vol3	337	2
history_of_church:vol3	343	2
history_of_church:vol3	353	2
history_of_church:vol3	501	2
history_of_church:vol3	566	2
history_of_church:vol3	570	2
history_of_church:vol3	590	2
history_of_church:vol3	621	2
history_of_church:vol3	633	2
history_of_church:vol3	1115	2
history_of_church:vol3	1175	2
history_of_church:vol3	1185	2
history_of_church:vol3	1195	2
history_of_church:vol3	1198	2
history_of_church:vol5	116	2
history_of_church:vol5	235	2
history_of_church:vol5	291	2
history_of_church:vol7	456	2
history_of_church:vol7	521	2
history_of_church:vol7	530	2
history_of_church:vol7	582	2
joseph_smith_papers:history_vol_a1	36	2
joseph_smith_papers:history_vol_a1	63	2
joseph_smith_papers:history_vol_a1	208	2
joseph_smith_papers:history_vol_a1	258	2
joseph_smith_papers:journal_1832_1834	23	2
joseph_smith_papers:journal_1832_1834	41	2
joseph_smith_papers:lectures_on_faith	10	2
joseph_smith_papers:lectures_on_faith	35	2
joseph_smith_papers:lectures_on_faith	56	2
joseph_smith_papers:lectures_on_faith	73	2
joseph_smith_papers:lectures_on_faith	93	2
joseph_smith_papers:lectures_on_faith	104	2
joseph_smith_papers:lectures_on_faith	116	2
joseph_smith_papers:lectures_on_faith	118	2
joseph_smith_papers:lectures_on_faith	160	2
joseph_smith_papers:lectures_on_faith	174	2
joseph_smith_papers:lectures_on_faith	184	2
joseph_smith_papers:lectures_on_faith	202	2
joseph_smith_papers:lectures_on_faith	208	2
joseph_smith_papers:lectures_on_faith	222	2
joseph_smith_papers:lectures_on_faith	249	2
joseph_smith_papers:letter_liberty_jail	9	2
journal_of_discourses:vol_01	98	2
journal_of_discourses:vol_01	104	2
journal_of_discourses:vol_01	185	2
journal_of_discourses:vol_01	348	2
journal_of_discourses:vol_01	535	2
journal_of_discourses:vol_01	577	2
journal_of_discourses:vol_01	609	2
journal_of_discourses:vol_01	616	2
journal_of_discourses:vol_01	643	2
journal_of_discourses:vol_01	662	2
journal_of_discourses:vol_01	824	2
journal_of_discourses:vol_02	68	2
journal_of_discourses:vol_02	102	2
journal_of_discourses:vol_02	112	2
journal_of_discourses:vol_02	149	2
journal_of_discourses:vol_02	150	2
journal_of_discourses:vol_02	155	2
journal_of_discourses:vol_02	161	2
journal_of_discourses:vol_02	210	2
journal_of_discourses:vol_02	305	2
journal_of_discourses:vol_02	318	2
journal_of_discourses:vol_02	321	2
journal_of_discourses:vol_02	322	2
journal_of_discourses:vol_02	374	2
journal_of_discourses:vol_02	452	2
journal_of_discourses:vol_02	490	2
journal_of_discourses:vol_02	571	2
journal_of_discourses:vol_02	642	2
journal_of_discourses:vol_02	654	2
journal_of_discourses:vol_02	678	2
journal_of_discourses:vol_02	688	2
journal_of_discourses:vol_02	699	2
journal_of_discourses:vol_02	802	2
journal_of_discourses:vol_02	829	2
journal_of_discourses:vol_02	854	2
journal_of_discourses:vol_02	859	2
journal_of_discourses:vol_03	182	2
journal_of_discourses:vol_03	186	2
journal_of_discourses:vol_03	269	2
journal_of_discourses:vol_03	283	2
journal_of_discourses:vol_03	356	2
journal_of_discourses:vol_03	616	2
journal_of_discourses:vol_03	701	2
journal_of_discourses:vol_03	742	2
journal_of_discourses:vol_03	784	2
journal_of_discourses:vol_03	790	2
journal_of_discourses:vol_03	795	2
journal_of_discourses:vol_03	817	2
journal_of_discourses:vol_04	21	2
journal_of_discourses:vol_04	114	2
journal_of_discourses:vol_04	181	2
journal_of_discourses:vol_04	317	2
journal_of_discourses:vol_04	321	2
journal_of_discourses:vol_04	416	2
journal_of_discourses:vol_04	490	2
journal_of_discourses:vol_05	2	2
journal_of_discourses:vol_05	24	2
journal_of_discourses:vol_05	63	2
journal_of_discourses:vol_05	102	2
journal_of_discourses:vol_05	221	2
journal_of_discourses:vol_05	239	2
journal_of_discourses:vol_05	287	2
journal_of_discourses:vol_05	331	2
journal_of_discourses:vol_05	450	2
journal_of_discourses:vol_05	730	2
journal_of_discourses:vol_06	66	2
journal_of_discourses:vol_06	125	2
journal_of_discourses:vol_06	209	2
journal_of_discourses:vol_06	227	2
journal_of_discourses:vol_06	282	2
journal_of_discourses:vol_06	299	2
journal_of_discourses:vol_06	458	2
journal_of_discourses:vol_06	480	2
journal_of_discourses:vol_06	593	2
journal_of_discourses:vol_06	648	2
journal_of_discourses:vol_06	828	2
journal_of_discourses:vol_07	87	2
journal_of_discourses:vol_07	174	2
journal_of_discourses:vol_07	190	2
journal_of_discourses:vol_07	194	2
journal_of_discourses:vol_07	322	2
journal_of_discourses:vol_07	344	2
journal_of_discourses:vol_07	429	2
journal_of_discourses:vol_07	435	2
journal_of_discourses:vol_07	541	2
journal_of_discourses:vol_07	555	2
journal_of_discourses:vol_07	582	2
journal_of_discourses:vol_07	586	2
journal_of_discourses:vol_07	810	2
journal_of_discourses:vol_07	818	2
journal_of_discourses:vol_07	825	2
journal_of_discourses:vol_08	69	2
journal_of_discourses:vol_08	91	2
journal_of_discourses:vol_08	205	2
journal_of_discourses:vol_08	300	2
journal_of_discourses:vol_08	344	2
journal_of_discourses:vol_08	465	2
journal_of_discourses:vol_08	569	2
journal_of_discourses:vol_08	588	2
journal_of_discourses:vol_08	738	2
journal_of_discourses:vol_08	841	2
journal_of_discourses:vol_09	13	2
journal_of_discourses:vol_09	161	2
journal_of_discourses:vol_09	217	2
journal_of_discourses:vol_09	253	2
journal_of_discourses:vol_09	309	2
journal_of_discourses:vol_09	318	2
journal_of_discourses:vol_09	358	2
journal_of_discourses:vol_09	373	2
journal_of_discourses:vol_09	463	2
journal_of_discourses:vol_09	497	2
journal_of_discourses:vol_09	518	2
journal_of_discourses:vol_09	578	2
journal_of_discourses:vol_09	733	2
journal_of_discourses:vol_09	740	2
journal_of_discourses:vol_09	878	2
journal_of_discourses:vol_09	887	2
journal_of_discourses:vol_10	9	2
journal_of_discourses:vol_10	54	2
journal_of_discourses:vol_10	93	2
journal_of_discourses:vol_10	126	2
journal_of_discourses:vol_10	166	2
journal_of_discourses:vol_10	198	2
journal_of_discourses:vol_10	328	2
journal_of_discourses:vol_10	339	2
journal_of_discourses:vol_10	461	2
journal_of_discourses:vol_10	476	2
journal_of_discourses:vol_10	514	2
journal_of_discourses:vol_10	531	2
journal_of_discourses:vol_10	556	2
journal_of_discourses:vol_10	609	2
journal_of_discourses:vol_10	625	2
journal_of_discourses:vol_10	655	2
journal_of_discourses:vol_10	671	2
journal_of_discourses:vol_10	851	2
journal_of_discourses:vol_10	863	2
journal_of_discourses:vol_10	881	2
journal_of_discourses:vol_11	3	2
journal_of_discourses:vol_11	105	2
journal_of_discourses:vol_11	151	2
journal_of_discourses:vol_11	168	2
journal_of_discourses:vol_11	172	2
journal_of_discourses:vol_11	191	2
journal_of_discourses:vol_11	264	2
journal_of_discourses:vol_11	268	2
journal_of_discourses:vol_11	343	2
journal_of_discourses:vol_11	373	2
journal_of_discourses:vol_11	413	2
journal_of_discourses:vol_11	470	2
journal_of_discourses:vol_11	548	2
journal_of_discourses:vol_11	555	2
journal_of_discourses:vol_11	565	2
journal_of_discourses:vol_11	637	2
journal_of_discourses:vol_11	652	2
journal_of_discourses:vol_11	654	2
journal_of_discourses:vol_12	56	2
journal_of_discourses:vol_12	99	2
journal_of_discourses:vol_12	147	2
journal_of_discourses:vol_12	151	2
journal_of_discourses:vol_12	302	2
journal_of_discourses:vol_12	481	2
journal_of_discourses:vol_12	514	2
journal_of_discourses:vol_12	535	2
journal_of_discourses:vol_12	536	2
journal_of_discourses:vol_12	595	2
journal_of_discourses:vol_12	629	2
journal_of_discourses:vol_12	640	2
journal_of_discourses:vol_12	650	2
journal_of_discourses:vol_12	757	2
journal_of_discourses:vol_12	785	2
journal_of_discourses:vol_12	809	2
journal_of_discourses:vol_12	819	2
journal_of_discourses:vol_12	887	2
journal_of_discourses:vol_13	13	2
journal_of_discourses:vol_13	24	2
journal_of_discourses:vol_13	91	2
journal_of_discourses:vol_13	143	2
journal_of_discourses:vol_13	287	2
journal_of_discourses:vol_13	314	2
journal_of_discourses:vol_13	427	2
journal_of_discourses:vol_13	444	2
journal_of_discourses:vol_13	571	2
journal_of_discourses:vol_13	826	2
journal_of_discourses:vol_14	50	2
journal_of_discourses:vol_14	88	2
journal_of_discourses:vol_14	109	2
journal_of_discourses:vol_14	155	2
journal_of_discourses:vol_14	171	2
journal_of_discourses:vol_14	318	2
journal_of_discourses:vol_14	328	2
journal_of_discourses:vol_14	473	2
journal_of_discourses:vol_14	570	2
journal_of_discourses:vol_14	642	2
journal_of_discourses:vol_14	720	2
journal_of_discourses:vol_14	759	2
journal_of_discourses:vol_14	762	2
journal_of_discourses:vol_14	765	2
journal_of_discourses:vol_14	767	2
journal_of_discourses:vol_14	807	2
journal_of_discourses:vol_14	829	2
journal_of_discourses:vol_15	19	2
journal_of_discourses:vol_15	141	2
journal_of_discourses:vol_15	160	2
journal_of_discourses:vol_15	241	2
journal_of_discourses:vol_15	258	2
journal_of_discourses:vol_15	292	2
journal_of_discourses:vol_15	381	2
journal_of_discourses:vol_15	433	2
journal_of_discourses:vol_15	554	2
journal_of_discourses:vol_15	624	2
journal_of_discourses:vol_15	737	2
journal_of_discourses:vol_15	739	2
journal_of_discourses:vol_15	767	2
journal_of_discourses:vol_15	827	2
journal_of_discourses:vol_16	132	2
journal_of_discourses:vol_16	170	2
journal_of_discourses:vol_16	196	2
journal_of_discourses:vol_16	226	2
journal_of_discourses:vol_16	228	2
journal_of_discourses:vol_16	249	2
journal_of_discourses:vol_16	269	2
journal_of_discourses:vol_16	352	2
journal_of_discourses:vol_16	398	2
journal_of_discourses:vol_16	416	2
journal_of_discourses:vol_16	421	2
journal_of_discourses:vol_16	463	2
journal_of_discourses:vol_16	465	2
journal_of_discourses:vol_16	467	2
journal_of_discourses:vol_16	565	2
journal_of_discourses:vol_16	586	2
journal_of_discourses:vol_16	609	2
journal_of_discourses:vol_16	611	2
journal_of_discourses:vol_16	718	2
journal_of_discourses:vol_16	795	2
journal_of_discourses:vol_16	833	2
journal_of_discourses:vol_17	6	2
journal_of_discourses:vol_17	11	2
journal_of_discourses:vol_17	12	2
journal_of_discourses:vol_17	112	2
journal_of_discourses:vol_17	219	2
journal_of_discourses:vol_17	316	2
journal_of_discourses:vol_17	335	2
journal_of_discourses:vol_17	336	2
journal_of_discourses:vol_17	426	2
journal_of_discourses:vol_17	468	2
journal_of_discourses:vol_17	501	2
journal_of_discourses:vol_17	510	2
journal_of_discourses:vol_17	599	2
journal_of_discourses:vol_17	607	2
journal_of_discourses:vol_17	634	2
journal_of_discourses:vol_17	673	2
journal_of_discourses:vol_17	680	2
journal_of_discourses:vol_17	690	2
journal_of_discourses:vol_17	699	2
journal_of_discourses:vol_17	852	2
journal_of_discourses:vol_18	44	2
journal_of_discourses:vol_18	51	2
journal_of_discourses:vol_18	56	2
journal_of_discourses:vol_18	83	2
journal_of_discourses:vol_18	95	2
journal_of_discourses:vol_18	245	2
journal_of_discourses:vol_18	270	2
journal_of_discourses:vol_18	298	2
journal_of_discourses:vol_18	299	2
journal_of_discourses:vol_18	335	2
journal_of_discourses:vol_18	336	2
journal_of_discourses:vol_18	456	2
journal_of_discourses:vol_18	473	2
journal_of_discourses:vol_18	606	2
journal_of_discourses:vol_18	649	2
journal_of_discourses:vol_18	651	2
journal_of_discourses:vol_18	739	2
journal_of_discourses:vol_18	750	2
journal_of_discourses:vol_18	805	2
journal_of_discourses:vol_19	125	2
journal_of_discourses:vol_19	396	2
journal_of_discourses:vol_19	398	2
journal_of_discourses:vol_19	417	2
journal_of_discourses:vol_19	444	2
journal_of_discourses:vol_19	613	2
journal_of_discourses:vol_19	625	2
journal_of_discourses:vol_19	635	2
journal_of_discourses:vol_19	636	2
journal_of_discourses:vol_19	688	2
journal_of_discourses:vol_19	736	2
journal_of_discourses:vol_19	773	2
journal_of_discourses:vol_19	775	2
journal_of_discourses:vol_19	814	2
journal_of_discourses:vol_19	829	2
journal_of_discourses:vol_19	834	2
journal_of_discourses:vol_20	140	2
journal_of_discourses:vol_20	278	2
journal_of_discourses:vol_20	321	2
journal_of_discourses:vol_20	330	2
journal_of_discourses:vol_20	334	2
journal_of_discourses:vol_20	417	2
journal_of_discourses:vol_20	484	2
journal_of_discourses:vol_20	821	2
journal_of_discourses:vol_20	824	2
journal_of_discourses:vol_21	51	2
journal_of_discourses:vol_21	52	2
journal_of_discourses:vol_21	199	2
journal_of_discourses:vol_21	217	2
journal_of_discourses:vol_21	287	2
journal_of_discourses:vol_21	294	2
journal_of_discourses:vol_21	354	2
journal_of_discourses:vol_21	391	2
journal_of_discourses:vol_21	425	2
journal_of_discourses:vol_21	494	2
journal_of_discourses:vol_21	513	2
journal_of_discourses:vol_21	603	2
journal_of_discourses:vol_21	611	2
journal_of_discourses:vol_21	616	2
journal_of_discourses:vol_21	628	2
journal_of_discourses:vol_21	666	2
journal_of_discourses:vol_22	167	2
journal_of_discourses:vol_22	357	2
journal_of_discourses:vol_22	368	2
journal_of_discourses:vol_22	456	2
journal_of_discourses:vol_22	487	2
journal_of_discourses:vol_22	541	2
journal_of_discourses:vol_22	592	2
journal_of_discourses:vol_22	799	2
journal_of_discourses:vol_22	859	2
journal_of_discourses:vol_23	85	2
journal_of_discourses:vol_23	159	2
journal_of_discourses:vol_23	182	2
journal_of_discourses:vol_23	380	2
journal_of_discourses:vol_23	548	2
journal_of_discourses:vol_23	553	2
journal_of_discourses:vol_23	616	2
journal_of_discourses:vol_23	636	2
journal_of_discourses:vol_23	644	2
journal_of_discourses:vol_23	677	2
journal_of_discourses:vol_23	680	2
journal_of_discourses:vol_23	709	2
journal_of_discourses:vol_24	54	2
journal_of_discourses:vol_24	113	2
journal_of_discourses:vol_24	120	2
journal_of_discourses:vol_24	162	2
journal_of_discourses:vol_24	174	2
journal_of_discourses:vol_24	176	2
journal_of_discourses:vol_24	181	2
journal_of_discourses:vol_24	183	2
journal_of_discourses:vol_24	190	2
journal_of_discourses:vol_24	270	2
journal_of_discourses:vol_24	272	2
journal_of_discourses:vol_24	293	2
journal_of_discourses:vol_24	348	2
journal_of_discourses:vol_24	374	2
journal_of_discourses:vol_24	444	2
journal_of_discourses:vol_24	471	2
journal_of_discourses:vol_24	480	2
journal_of_discourses:vol_24	788	2
journal_of_discourses:vol_25	46	2
journal_of_discourses:vol_25	49	2
journal_of_discourses:vol_25	69	2
journal_of_discourses:vol_25	87	2
journal_of_discourses:vol_25	129	2
journal_of_discourses:vol_25	227	2
journal_of_discourses:vol_25	245	2
journal_of_discourses:vol_25	270	2
journal_of_discourses:vol_25	275	2
journal_of_discourses:vol_25	278	2
journal_of_discourses:vol_25	288	2
journal_of_discourses:vol_25	329	2
journal_of_discourses:vol_25	353	2
journal_of_discourses:vol_25	412	2
journal_of_discourses:vol_25	444	2
journal_of_discourses:vol_25	604	2
journal_of_discourses:vol_25	608	2
journal_of_discourses:vol_25	614	2
journal_of_discourses:vol_25	656	2
journal_of_discourses:vol_25	705	2
journal_of_discourses:vol_25	735	2
journal_of_discourses:vol_25	791	2
journal_of_discourses:vol_25	807	2
journal_of_discourses:vol_25	820	2
journal_of_discourses:vol_26	49	2
journal_of_discourses:vol_26	54	2
journal_of_discourses:vol_26	88	2
journal_of_discourses:vol_26	162	2
journal_of_discourses:vol_26	165	2
journal_of_discourses:vol_26	169	2
journal_of_discourses:vol_26	182	2
journal_of_discourses:vol_26	188	2
journal_of_discourses:vol_26	214	2
journal_of_discourses:vol_26	254	2
journal_of_discourses:vol_26	291	2
journal_of_discourses:vol_26	415	2
journal_of_discourses:vol_26	562	2
journal_of_discourses:vol_26	565	2
journal_of_discourses:vol_26	566	2
journal_of_discourses:vol_26	599	2
journal_of_discourses:vol_26	600	2
journal_of_discourses:vol_26	651	2
journal_of_discourses:vol_26	751	2
journal_of_discourses:vol_26	811	2
journal_of_discourses:vol_26	821	2
millennial_star:millennial_star_1840_1859_1850_august_vol_21_no_33	32	2
millennial_star:millennial_star_1840_1859_1850_august_vol_21_no_33	34	2
millennial_star:millennial_star_1840_1859_1850_august_vol_21_no_33	62	2
millennial_star:millennial_star_1840_1859_1850_august_vol_21_no_33	78	2
millennial_star:millennial_star_1840_1859_1850_august_vol_21_no_33	271	2
millennial_star:millennial_star_1840_1859_1850_february_vol_17_no_05	4	2
millennial_star:millennial_star_1840_1859_1850_february_vol_17_no_05	5	2
millennial_star:millennial_star_1840_1859_1850_may_vol_18_no_22	222	2
millennial_star:millennial_star_1840_1859_1850_may_vol_18_no_22	226	2
millennial_star:millennial_star_1840_1859_1850_may_vol_18_no_22	307	2
millennial_star:millennial_star_1840_1859_1850_may_vol_18_no_22	534	2
millennial_star:millennial_star_1840_1859_1850_october_vol_18_no_42	37	2
millennial_star:millennial_star_1840_1859_1852_april_vol_14_no_09	76	2
millennial_star:millennial_star_1840_1859_1852_april_vol_14_no_09	410	2
millennial_star:millennial_star_1840_1859_1852_april_vol_14_no_09	412	2
millennial_star:millennial_star_1840_1859_1852_april_vol_14_no_09	497	2
millennial_star:millennial_star_1840_1859_1852_april_vol_14_no_09	936	2
millennial_star:millennial_star_1840_1859_1852_december_vol_14_no_43	77	2
millennial_star:millennial_star_1840_1859_1852_december_vol_14_no_44	19	2
millennial_star:millennial_star_1840_1859_1852_december_vol_14_no_44	152	2
millennial_star:millennial_star_1840_1859_1852_december_vol_14_no_44	264	2
millennial_star:millennial_star_1840_1859_1852_december_vol_14_no_44	275	2
millennial_star:millennial_star_1840_1859_1852_december_vol_14_no_44	486	2
millennial_star:millennial_star_1840_1859_1852_december_vol_14_no_44	505	2
millennial_star:millennial_star_1840_1859_1852_december_vol_14_no_44	511	2
millennial_star:millennial_star_1840_1859_1852_december_vol_14_no_44	537	2
millennial_star:millennial_star_1840_1859_1852_december_vol_14_no_44	755	2
millennial_star:millennial_star_1840_1859_1852_december_vol_14_no_44	1009	2
millennial_star:millennial_star_1840_1859_1852_december_vol_14_no_44	1012	2
millennial_star:millennial_star_1840_1859_1852_december_vol_14_no_44	1086	2
millennial_star:millennial_star_1840_1859_1852_december_vol_14_no_44	1090	2
millennial_star:millennial_star_1840_1859_1852_december_vol_14_no_44	1123	2
millennial_star:millennial_star_1840_1859_1852_december_vol_14_no_44	1215	2
millennial_star:millennial_star_1840_1859_1852_july_vol_14_no_21	222	2
millennial_star:millennial_star_1840_1859_1852_july_vol_14_no_21	449	2
millennial_star:millennial_star_1840_1859_1852_july_vol_14_no_21	482	2
millennial_star:millennial_star_1840_1859_1852_july_vol_14_no_21	522	2
millennial_star:millennial_star_1840_1859_1852_november_vol_14_no_04	13	2
millennial_star:millennial_star_1840_1859_1852_november_vol_14_no_04	321	2
millennial_star:millennial_star_1840_1859_1852_november_vol_14_no_04	328	2
millennial_star:millennial_star_1840_1859_1853_august_vol_15_no_33	107	2
millennial_star:millennial_star_1840_1859_1853_june_vol_02_no_25	624	2
millennial_star:millennial_star_1840_1859_1853_september_vol_15_no_36	221	2
millennial_star:millennial_star_1840_1859_1854_february_vol_16_no_05	1299	2
millennial_star:millennial_star_1840_1859_1856_may_vol_18_no_20	27	2
millennial_star:millennial_star_1840_1859_1857_april_vol_19_no_17	209	2
millennial_star:millennial_star_1840_1859_1857_april_vol_19_no_17	2162	2
millennial_star:millennial_star_1840_1859_1858_march_vol_20_no_12	179	2
millennial_star:millennial_star_1840_1859_1859_december_vol_21_no_53	1175	2
millennial_star:millennial_star_1840_1859_1859_december_vol_21_no_53	5178	2
millennial_star:millennial_star_1840_1859_1859_december_vol_21_no_53	5881	2
millennial_star:millennial_star_1840_1859_1859_december_vol_21_no_53	10661	2
millennial_star:millennial_star_1840_1859_1859_december_vol_21_no_53	13960	2
millennial_star:millennial_star_1840_1859_1859_december_vol_21_no_53	15614	2
millennial_star:millennial_star_1840_1859_1859_december_vol_21_no_53	19519	2
pioneer_journals:lucy_mack_smith_history	287	2
pioneer_journals:lucy_mack_smith_history	575	2
pioneer_journals:lucy_mack_smith_history	621	2
pioneer_journals:lucy_mack_smith_history	675	2
pioneer_journals:lucy_mack_smith_history	987	2
pioneer_journals:lucy_mack_smith_history	1168	2
pioneer_journals:wilford_woodruff_journals	88	2
pioneer_journals:wilford_woodruff_journals	180	2
pioneer_journals:wilford_woodruff_journals	227	2
pioneer_journals:wilford_woodruff_journals	270	2
pioneer_journals:wilford_woodruff_journals	465	2
pioneer_journals:wilford_woodruff_journals	477	2
pioneer_journals:wilford_woodruff_journals	494	2
pioneer_journals:wilford_woodruff_journals	710	2
pioneer_journals:wilford_woodruff_journals	734	2
pioneer_journals:wilford_woodruff_journals	753	2
pioneer_journals:wilford_woodruff_journals	853	2
pioneer_journals:wilford_woodruff_journals	969	2
pioneer_journals:wilford_woodruff_journals	983	2
pioneer_journals:wilford_woodruff_journals	1142	2
pioneer_journals:wilford_woodruff_journals	1282	2
pioneer_journals:wilford_woodruff_journals	1380	2
pioneer_journals:wilford_woodruff_journals	1408	2
pioneer_journals:wilford_woodruff_journals	1497	2
pioneer_journals:wilford_woodruff_journals	1739	2
pioneer_journals:wilford_woodruff_journals	1740	2
pioneer_journals:wilford_woodruff_journals	1746	2
pioneer_journals:wilford_woodruff_journals	2001	2
pioneer_journals:wilford_woodruff_journals	2141	2
pioneer_journals:wilford_woodruff_journals	2238	2
pioneer_journals:wilford_woodruff_journals	2466	2
pioneer_journals:wilford_woodruff_journals	2611	2
pioneer_journals:wilford_woodruff_journals	2851	2
pioneer_journals:wilford_woodruff_journals	2913	2
pioneer_journals:wilford_woodruff_journals	2929	2
pioneer_journals:wilford_woodruff_journals	2935	2
pioneer_journals:wilford_woodruff_journals	2943	2
pioneer_journals:wilford_woodruff_journals	2956	2
pioneer_journals:wilford_woodruff_journals	2960	2
times_and_seasons:times_and_seasons_1839_1846_1839_december_vol_04_no_02	24	2
times_and_seasons:times_and_seasons_1839_1846_1839_december_vol_04_no_02	111	2
times_and_seasons:times_and_seasons_1839_1846_1839_december_vol_04_no_02	117	2
times_and_seasons:times_and_seasons_1839_1846_1839_july_vol_01_no_01	2	2
times_and_seasons:times_and_seasons_1839_1846_1839_july_vol_01_no_01	38	2
times_and_seasons:times_and_seasons_1839_1846_1839_july_vol_01_no_01	133	2
times_and_seasons:times_and_seasons_1839_1846_1839_july_vol_01_no_01	194	2
times_and_seasons:times_and_seasons_1839_1846_1840_april_vol_01_no_06	80	2
times_and_seasons:times_and_seasons_1839_1846_1840_april_vol_01_no_06	197	2
times_and_seasons:times_and_seasons_1839_1846_1840_april_vol_01_no_06	480	2
times_and_seasons:times_and_seasons_1839_1846_1840_april_vol_01_no_06	612	2
times_and_seasons:times_and_seasons_1839_1846_1840_april_vol_01_no_06	663	2
times_and_seasons:times_and_seasons_1839_1846_1840_april_vol_01_no_06	683	2
times_and_seasons:times_and_seasons_1839_1846_1840_december_vol_02_no_04	56	2
times_and_seasons:times_and_seasons_1839_1846_1840_december_vol_02_no_04	97	2
times_and_seasons:times_and_seasons_1839_1846_1840_february_vol_01_no_04	3	2
times_and_seasons:times_and_seasons_1839_1846_1840_march_vol_01_no_05	92	2
times_and_seasons:times_and_seasons_1839_1846_1840_march_vol_01_no_05	114	2
times_and_seasons:times_and_seasons_1839_1846_1840_september_vol_01_no_11	28	2
times_and_seasons:times_and_seasons_1839_1846_1840_september_vol_01_no_11	54	2
times_and_seasons:times_and_seasons_1839_1846_1840_september_vol_01_no_11	62	2
times_and_seasons:times_and_seasons_1839_1846_1840_september_vol_01_no_11	94	2
times_and_seasons:times_and_seasons_1839_1846_1840_september_vol_01_no_11	114	2
times_and_seasons:times_and_seasons_1839_1846_1840_september_vol_01_no_11	288	2
times_and_seasons:times_and_seasons_1839_1846_1840_september_vol_01_no_11	348	2
times_and_seasons:times_and_seasons_1839_1846_1840_september_vol_01_no_11	363	2
times_and_seasons:times_and_seasons_1839_1846_1840_september_vol_01_no_11	433	2
times_and_seasons:times_and_seasons_1839_1846_1841_april_vol_02_no_11	41	2
times_and_seasons:times_and_seasons_1839_1846_1841_april_vol_02_no_11	113	2
times_and_seasons:times_and_seasons_1839_1846_1841_april_vol_02_no_11	138	2
times_and_seasons:times_and_seasons_1839_1846_1841_april_vol_02_no_11	183	2
times_and_seasons:times_and_seasons_1839_1846_1841_april_vol_02_no_11	329	2
times_and_seasons:times_and_seasons_1839_1846_1841_january_vol_02_no_05	116	2
times_and_seasons:times_and_seasons_1839_1846_1841_january_vol_02_no_06	6	2
times_and_seasons:times_and_seasons_1839_1846_1841_june_vol_02_no_15	8	2
times_and_seasons:times_and_seasons_1839_1846_1841_june_vol_02_no_15	364	2
times_and_seasons:times_and_seasons_1839_1846_1841_june_vol_02_no_15	513	2
times_and_seasons:times_and_seasons_1839_1846_1841_june_vol_02_no_15	606	2
times_and_seasons:times_and_seasons_1839_1846_1841_june_vol_02_no_15	661	2
times_and_seasons:times_and_seasons_1839_1846_1841_june_vol_02_no_15	732	2
times_and_seasons:times_and_seasons_1839_1846_1841_june_vol_02_no_15	1207	2
times_and_seasons:times_and_seasons_1839_1846_1841_june_vol_02_no_15	1219	2
times_and_seasons:times_and_seasons_1839_1846_1841_june_vol_02_no_15	1220	2
times_and_seasons:times_and_seasons_1839_1846_1841_june_vol_02_no_15	1369	2
times_and_seasons:times_and_seasons_1839_1846_1841_june_vol_02_no_15	1503	2
times_and_seasons:times_and_seasons_1839_1846_1841_june_vol_02_no_15	1667	2
times_and_seasons:times_and_seasons_1839_1846_1841_june_vol_02_no_15	1866	2
times_and_seasons:times_and_seasons_1839_1846_1841_june_vol_02_no_15	1980	2
times_and_seasons:times_and_seasons_1839_1846_1841_june_vol_02_no_15	2007	2
times_and_seasons:times_and_seasons_1839_1846_1841_june_vol_02_no_15	2071	2
times_and_seasons:times_and_seasons_1839_1846_1841_june_vol_02_no_15	2244	2
times_and_seasons:times_and_seasons_1839_1846_1841_june_vol_02_no_15	2558	2
times_and_seasons:times_and_seasons_1839_1846_1841_june_vol_02_no_15	2573	2
times_and_seasons:times_and_seasons_1839_1846_1841_june_vol_02_no_15	2688	2
times_and_seasons:times_and_seasons_1839_1846_1841_june_vol_02_no_15	2690	2
times_and_seasons:times_and_seasons_1839_1846_1841_june_vol_02_no_15	2707	2
times_and_seasons:times_and_seasons_1839_1846_1841_june_vol_02_no_15	2887	2
times_and_seasons:times_and_seasons_1839_1846_1841_june_vol_02_no_15	3033	2
times_and_seasons:times_and_seasons_1839_1846_1841_june_vol_02_no_15	3179	2
times_and_seasons:times_and_seasons_1839_1846_1841_june_vol_02_no_15	3205	2
times_and_seasons:times_and_seasons_1839_1846_1841_june_vol_02_no_15	3340	2
times_and_seasons:times_and_seasons_1839_1846_1841_june_vol_02_no_15	3527	2
times_and_seasons:times_and_seasons_1839_1846_1841_june_vol_02_no_15	3719	2
times_and_seasons:times_and_seasons_1839_1846_1841_june_vol_02_no_15	3948	2
times_and_seasons:times_and_seasons_1839_1846_1841_march_vol_02_no_09	27	2
times_and_seasons:times_and_seasons_1839_1846_1841_march_vol_02_no_09	92	2
times_and_seasons:times_and_seasons_1839_1846_1841_march_vol_02_no_09	197	2
times_and_seasons:times_and_seasons_1839_1846_1841_march_vol_02_no_09	253	2
times_and_seasons:times_and_seasons_1839_1846_1841_march_vol_02_no_09	260	2
times_and_seasons:times_and_seasons_1839_1846_1842_july_vol_03_no_17	1129	2
times_and_seasons:times_and_seasons_1839_1846_1842_july_vol_03_no_17	3738	2
times_and_seasons:times_and_seasons_1839_1846_1842_july_vol_03_no_17	4005	2
times_and_seasons:times_and_seasons_1839_1846_1842_july_vol_03_no_17	4086	2
times_and_seasons:times_and_seasons_1839_1846_1842_july_vol_03_no_17	4457	2
times_and_seasons:times_and_seasons_1839_1846_1842_july_vol_03_no_17	4465	2
times_and_seasons:times_and_seasons_1839_1846_1842_july_vol_03_no_17	4532	2
times_and_seasons:times_and_seasons_1839_1846_1844_august_vol_05_no_34	61	2
times_and_seasons:times_and_seasons_1839_1846_1844_august_vol_05_no_34	168	2
times_and_seasons:times_and_seasons_1839_1846_1844_august_vol_05_no_34	430	2
times_and_seasons:times_and_seasons_1839_1846_1844_january_vol_05_no_02	34	2
times_and_seasons:times_and_seasons_1839_1846_1844_january_vol_05_no_02	226	2
times_and_seasons:times_and_seasons_1839_1846_1844_january_vol_05_no_02	261	2
times_and_seasons:times_and_seasons_1839_1846_1844_january_vol_05_no_02	308	2
times_and_seasons:times_and_seasons_1839_1846_1844_march_vol_05_no_00	805	2
times_and_seasons:times_and_seasons_1839_1846_1844_march_vol_05_no_00	1108	2
times_and_seasons:times_and_seasons_1839_1846_1844_november_vol_05_no_21	476	2
times_and_seasons:times_and_seasons_1839_1846_1844_november_vol_05_no_21	839	2
times_and_seasons:times_and_seasons_1839_1846_1844_november_vol_05_no_21	1531	2
times_and_seasons:times_and_seasons_1839_1846_1844_november_vol_05_no_21	1886	2
times_and_seasons:times_and_seasons_1839_1846_1844_november_vol_05_no_21	2395	2
times_and_seasons:times_and_seasons_1839_1846_1844_november_vol_05_no_21	2474	2
times_and_seasons:times_and_seasons_1839_1846_1844_november_vol_05_no_21	2476	2
times_and_seasons:times_and_seasons_1839_1846_1844_november_vol_05_no_21	2694	2
times_and_seasons:times_and_seasons_1839_1846_1844_november_vol_05_no_21	2696	2
times_and_seasons:times_and_seasons_1839_1846_1845_december_vol_06_no_19	496	2
times_and_seasons:times_and_seasons_1839_1846_1845_july_vol_06_no_120	25	2
times_and_seasons:times_and_seasons_1839_1846_1845_july_vol_06_no_13	384	2
times_and_seasons:times_and_seasons_1839_1846_1845_july_vol_06_no_13	502	2
times_and_seasons:times_and_seasons_1839_1846_1845_july_vol_06_no_13	641	2
church_fathers:a_select_library_of_the_nicene_and_post_nicene_fathers_of_the_christian_church	53	1
church_fathers:a_select_library_of_the_nicene_and_post_nicene_fathers_of_the_christian_church	57	1
church_fathers:a_select_library_of_the_nicene_and_post_nicene_fathers_of_the_christian_church	74	1
church_fathers:a_select_library_of_the_nicene_and_post_nicene_fathers_of_the_christian_church	81	1
church_fathers:a_select_library_of_the_nicene_and_post_nicene_fathers_of_the_christian_church	94	1
church_fathers:a_select_library_of_the_nicene_and_post_nicene_fathers_of_the_christian_church	100	1
church_fathers:a_select_library_of_the_nicene_and_post_nicene_fathers_of_the_christian_church	105	1
church_fathers:a_select_library_of_the_nicene_and_post_nicene_fathers_of_the_christian_church	119	1
church_fathers:a_select_library_of_the_nicene_and_post_nicene_fathers_of_the_christian_church	133	1
church_fathers:a_select_library_of_the_nicene_and_post_nicene_fathers_of_the_christian_church	159	1
church_fathers:a_select_library_of_the_nicene_and_post_nicene_fathers_of_the_christian_church	161	1
church_fathers:a_select_library_of_the_nicene_and_post_nicene_fathers_of_the_christian_church	190	1
church_fathers:a_select_library_of_the_nicene_and_post_nicene_fathers_of_the_christian_church	203	1
church_fathers:a_select_library_of_the_nicene_and_post_nicene_fathers_of_the_christian_church	205	1
church_fathers:a_select_library_of_the_nicene_and_post_nicene_fathers_of_the_christian_church	207	1
church_fathers:a_select_library_of_the_nicene_and_post_nicene_fathers_of_the_christian_church	209	1
church_fathers:a_select_library_of_the_nicene_and_post_nicene_fathers_of_the_christian_church	228	1
church_fathers:a_select_library_of_the_nicene_and_post_nicene_fathers_of_the_christian_church	238	1
church_fathers:a_select_library_of_the_nicene_and_post_nicene_fathers_of_the_christian_church	281	1
church_fathers:a_select_library_of_the_nicene_and_post_nicene_fathers_of_the_christian_church	282	1
church_fathers:a_select_library_of_the_nicene_and_post_nicene_fathers_of_the_christian_church	294	1
church_fathers:a_select_library_of_the_nicene_and_post_nicene_fathers_of_the_christian_church	299	1
church_fathers:a_select_library_of_the_nicene_and_post_nicene_fathers_of_the_christian_church	335	1
church_fathers:a_select_library_of_the_nicene_and_post_nicene_fathers_of_the_christian_church	347	1
church_fathers:a_select_library_of_the_nicene_and_post_nicene_fathers_of_the_christian_church	382	1
church_fathers:a_select_library_of_the_nicene_and_post_nicene_fathers_of_the_christian_church	390	1
church_fathers:a_select_library_of_the_nicene_and_post_nicene_fathers_of_the_christian_church	392	1
church_fathers:a_select_library_of_the_nicene_and_post_nicene_fathers_of_the_christian_church	395	1
church_fathers:a_select_library_of_the_nicene_and_post_nicene_fathers_of_the_christian_church	422	1
church_fathers:a_select_library_of_the_nicene_and_post_nicene_fathers_of_the_christian_church	443	1
church_fathers:a_select_library_of_the_nicene_and_post_nicene_fathers_of_the_christian_church	485	1
church_fathers:a_select_library_of_the_nicene_and_post_nicene_fathers_of_the_christian_church	491	1
church_fathers:a_select_library_of_the_nicene_and_post_nicene_fathers_of_the_christian_church	505	1
church_fathers:a_select_library_of_the_nicene_and_post_nicene_fathers_of_the_christian_church	516	1
church_fathers:a_select_library_of_the_nicene_and_post_nicene_fathers_of_the_christian_church	527	1
church_fathers:a_select_library_of_the_nicene_and_post_nicene_fathers_of_the_christian_church	578	1
church_fathers:a_select_library_of_the_nicene_and_post_nicene_fathers_of_the_christian_church	598	1
church_fathers:a_select_library_of_the_nicene_and_post_nicene_fathers_of_the_christian_church	605	1
church_fathers:a_select_library_of_the_nicene_and_post_nicene_fathers_of_the_christian_church	609	1
church_fathers:a_select_library_of_the_nicene_and_post_nicene_fathers_of_the_christian_church	627	1
church_fathers:a_select_library_of_the_nicene_and_post_nicene_fathers_of_the_christian_church	640	1
church_fathers:a_select_library_of_the_nicene_and_post_nicene_fathers_of_the_christian_church	658	1
church_fathers:a_select_library_of_the_nicene_and_post_nicene_fathers_of_the_christian_church	663	1
church_fathers:anf_vol1	31	1
church_fathers:anf_vol1	51	1
church_fathers:anf_vol1	76	1
church_fathers:anf_vol1	100	1
church_fathers:anf_vol1	103	1
church_fathers:anf_vol1	139	1
church_fathers:anf_vol1	155	1
church_fathers:anf_vol1	171	1
church_fathers:anf_vol1	178	1
church_fathers:anf_vol1	298	1
church_fathers:anf_vol1	353	1
church_fathers:anf_vol1	386	1
church_fathers:anf_vol1	393	1
church_fathers:anf_vol1	394	1
church_fathers:anf_vol1	459	1
church_fathers:anf_vol1	506	1
church_fathers:anf_vol1	507	1
church_fathers:anf_vol1	536	1
church_fathers:anf_vol1	548	1
church_fathers:anf_vol1	609	1
church_fathers:anf_vol1	679	1
church_fathers:anf_vol1	683	1
church_fathers:anf_vol1	721	1
church_fathers:anf_vol1	799	1
church_fathers:anf_vol2	34	1
church_fathers:anf_vol2	48	1
church_fathers:anf_vol2	53	1
church_fathers:anf_vol2	95	1
church_fathers:anf_vol2	121	1
church_fathers:anf_vol2	162	1
church_fathers:anf_vol2	167	1
church_fathers:anf_vol2	182	1
church_fathers:anf_vol2	190	1
church_fathers:anf_vol2	222	1
church_fathers:anf_vol2	224	1
church_fathers:anf_vol2	233	1
church_fathers:anf_vol2	271	1
church_fathers:anf_vol2	273	1
church_fathers:anf_vol2	313	1
church_fathers:anf_vol2	335	1
church_fathers:anf_vol2	336	1
church_fathers:anf_vol2	366	1
church_fathers:anf_vol2	387	1
church_fathers:anf_vol2	388	1
church_fathers:anf_vol2	419	1
church_fathers:anf_vol2	421	1
church_fathers:anf_vol2	436	1
church_fathers:anf_vol2	438	1
church_fathers:anf_vol2	522	1
church_fathers:anf_vol2	531	1
church_fathers:anf_vol2	616	1
church_fathers:anf_vol4	64	1
church_fathers:anf_vol4	105	1
church_fathers:anf_vol4	197	1
church_fathers:anf_vol4	227	1
church_fathers:anf_vol4	280	1
church_fathers:anf_vol4	311	1
church_fathers:anf_vol4	372	1
church_fathers:anf_vol4	426	1
church_fathers:anf_vol4	483	1
church_fathers:anf_vol4	553	1
church_fathers:anf_vol4	608	1
church_fathers:anf_vol4	624	1
church_fathers:anf_vol4	655	1
church_fathers:anf_vol4	817	1
church_fathers:anf_vol4	818	1
church_fathers:anf_vol4	830	1
church_fathers:anf_vol4	918	1
church_fathers:anf_vol4	1029	1
church_fathers:anf_vol4	1091	1
church_fathers:anf_vol4	1105	1
church_fathers:anf_vol4	1154	1
church_fathers:anf_vol4	1163	1
church_fathers:anf_vol4	1266	1
church_fathers:anf_vol5	115	1
church_fathers:anf_vol5	119	1
church_fathers:anf_vol5	170	1
church_fathers:anf_vol5	172	1
church_fathers:anf_vol5	180	1
church_fathers:anf_vol5	201	1
church_fathers:anf_vol5	210	1
church_fathers:anf_vol6	8	1
church_fathers:anf_vol6	9	1
church_fathers:anf_vol6	14	1
church_fathers:anf_vol6	43	1
church_fathers:anf_vol6	47	1
church_fathers:the_ante_nicene_fathers_translations_of_the_writings_of_the_fathers_down_to_a_d_325	15	1
church_fathers:the_ante_nicene_fathers_translations_of_the_writings_of_the_fathers_down_to_a_d_325	21	1
church_fathers:the_ante_nicene_fathers_translations_of_the_writings_of_the_fathers_down_to_a_d_325	67	1
church_fathers:the_ante_nicene_fathers_translations_of_the_writings_of_the_fathers_down_to_a_d_325	79	1
church_fathers:the_ante_nicene_fathers_translations_of_the_writings_of_the_fathers_down_to_a_d_325	89	1
church_fathers:the_ante_nicene_fathers_translations_of_the_writings_of_the_fathers_down_to_a_d_325	116	1
church_fathers:the_ante_nicene_fathers_translations_of_the_writings_of_the_fathers_down_to_a_d_325	121	1
church_fathers:the_ante_nicene_fathers_translations_of_the_writings_of_the_fathers_down_to_a_d_325	125	1
church_fathers:the_ante_nicene_fathers_translations_of_the_writings_of_the_fathers_down_to_a_d_325	164	1
church_fathers:the_ante_nicene_fathers_translations_of_the_writings_of_the_fathers_down_to_a_d_325	194	1
church_fathers:the_ante_nicene_fathers_translations_of_the_writings_of_the_fathers_down_to_a_d_325	226	1
church_fathers:the_ante_nicene_fathers_translations_of_the_writings_of_the_fathers_down_to_a_d_325	251	1
church_fathers:the_ante_nicene_fathers_translations_of_the_writings_of_the_fathers_down_to_a_d_325	256	1
church_fathers:the_ante_nicene_fathers_translations_of_the_writings_of_the_fathers_down_to_a_d_325	264	1
church_fathers:the_ante_nicene_fathers_translations_of_the_writings_of_the_fathers_down_to_a_d_325	267	1
church_fathers:the_ante_nicene_fathers_translations_of_the_writings_of_the_fathers_down_to_a_d_325	273	1
church_fathers:the_ante_nicene_fathers_translations_of_the_writings_of_the_fathers_down_to_a_d_325	277	1
church_fathers:the_ante_nicene_fathers_translations_of_the_writings_of_the_fathers_down_to_a_d_325	282	1
church_fathers:the_ante_nicene_fathers_translations_of_the_writings_of_the_fathers_down_to_a_d_325	288	1
church_fathers:the_ante_nicene_fathers_translations_of_the_writings_of_the_fathers_down_to_a_d_325	308	1
church_fathers:the_ante_nicene_fathers_translations_of_the_writings_of_the_fathers_down_to_a_d_325	322	1
church_fathers:the_ante_nicene_fathers_translations_of_the_writings_of_the_fathers_down_to_a_d_325	338	1
church_fathers:the_ante_nicene_fathers_translations_of_the_writings_of_the_fathers_down_to_a_d_325	357	1
church_fathers:the_ante_nicene_fathers_translations_of_the_writings_of_the_fathers_down_to_a_d_325	364	1
church_fathers:the_ante_nicene_fathers_translations_of_the_writings_of_the_fathers_down_to_a_d_325	377	1
church_fathers:the_ante_nicene_fathers_translations_of_the_writings_of_the_fathers_down_to_a_d_325	382	1
church_fathers:the_ante_nicene_fathers_translations_of_the_writings_of_the_fathers_down_to_a_d_325	393	1
church_fathers:the_ante_nicene_fathers_translations_of_the_writings_of_the_fathers_down_to_a_d_325	395	1
church_fathers:the_ante_nicene_fathers_translations_of_the_writings_of_the_fathers_down_to_a_d_325	400	1
church_fathers:the_ante_nicene_fathers_translations_of_the_writings_of_the_fathers_down_to_a_d_325	418	1
church_fathers:the_ante_nicene_fathers_translations_of_the_writings_of_the_fathers_down_to_a_d_325	427	1
church_fathers:the_ante_nicene_fathers_translations_of_the_writings_of_the_fathers_down_to_a_d_325	428	1
church_fathers:the_ante_nicene_fathers_translations_of_the_writings_of_the_fathers_down_to_a_d_325	430	1
church_fathers:the_ante_nicene_fathers_translations_of_the_writings_of_the_fathers_down_to_a_d_325	435	1
church_fathers:the_ante_nicene_fathers_translations_of_the_writings_of_the_fathers_down_to_a_d_325	439	1
church_fathers:the_ante_nicene_fathers_translations_of_the_writings_of_the_fathers_down_to_a_d_325	441	1
church_fathers:the_ante_nicene_fathers_translations_of_the_writings_of_the_fathers_down_to_a_d_325	448	1
church_fathers:the_ante_nicene_fathers_translations_of_the_writings_of_the_fathers_down_to_a_d_325	451	1
church_fathers:the_ante_nicene_fathers_translations_of_the_writings_of_the_fathers_down_to_a_d_325	459	1
church_fathers:the_ante_nicene_fathers_translations_of_the_writings_of_the_fathers_down_to_a_d_325	474	1
church_fathers:the_ante_nicene_fathers_translations_of_the_writings_of_the_fathers_down_to_a_d_325	480	1
church_fathers:the_ante_nicene_fathers_translations_of_the_writings_of_the_fathers_down_to_a_d_325	486	1
church_fathers:the_ante_nicene_fathers_translations_of_the_writings_of_the_fathers_down_to_a_d_325	500	1
church_fathers:the_ante_nicene_fathers_translations_of_the_writings_of_the_fathers_down_to_a_d_325	602	1
church_fathers:the_ante_nicene_fathers_translations_of_the_writings_of_the_fathers_down_to_a_d_325	684	1
church_fathers:the_ante_nicene_fathers_translations_of_the_writings_of_the_fathers_down_to_a_d_325	687	1
church_fathers:the_ante_nicene_fathers_translations_of_the_writings_of_the_fathers_down_to_a_d_325	704	1
church_fathers:the_ante_nicene_fathers_translations_of_the_writings_of_the_fathers_down_to_a_d_325	717	1
church_fathers:the_ante_nicene_fathers_translations_of_the_writings_of_the_fathers_down_to_a_d_325	732	1
church_fathers:the_ante_nicene_fathers_translations_of_the_writings_of_the_fathers_down_to_a_d_325	737	1
church_fathers:the_ante_nicene_fathers_translations_of_the_writings_of_the_fathers_down_to_a_d_325	753	1
church_fathers:the_ante_nicene_fathers_translations_of_the_writings_of_the_fathers_down_to_a_d_325	769	1
church_fathers:the_ante_nicene_fathers_translations_of_the_writings_of_the_fathers_down_to_a_d_325	777	1
church_fathers:the_ante_nicene_fathers_translations_of_the_writings_of_the_fathers_down_to_a_d_325	821	1
church_fathers:the_ante_nicene_fathers_translations_of_the_writings_of_the_fathers_down_to_a_d_325	836	1
church_fathers:the_anti_pelagian_writings_volume_6_first_series_of_the_nicene_and_post_nicene_fathers	72	1
church_fathers:the_anti_pelagian_writings_volume_6_first_series_of_the_nicene_and_post_nicene_fathers	79	1
church_fathers:the_anti_pelagian_writings_volume_6_first_series_of_the_nicene_and_post_nicene_fathers	113	1
church_fathers:the_anti_pelagian_writings_volume_6_first_series_of_the_nicene_and_post_nicene_fathers	146	1
church_fathers:the_anti_pelagian_writings_volume_6_first_series_of_the_nicene_and_post_nicene_fathers	148	1
church_fathers:the_anti_pelagian_writings_volume_6_first_series_of_the_nicene_and_post_nicene_fathers	246	1
church_fathers:the_anti_pelagian_writings_volume_6_first_series_of_the_nicene_and_post_nicene_fathers	266	1
church_fathers:the_anti_pelagian_writings_volume_6_first_series_of_the_nicene_and_post_nicene_fathers	347	1
church_fathers:the_anti_pelagian_writings_volume_6_first_series_of_the_nicene_and_post_nicene_fathers	354	1
church_fathers:the_anti_pelagian_writings_volume_6_first_series_of_the_nicene_and_post_nicene_fathers	355	1
church_fathers:the_anti_pelagian_writings_volume_6_first_series_of_the_nicene_and_post_nicene_fathers	364	1
church_fathers:the_anti_pelagian_writings_volume_6_first_series_of_the_nicene_and_post_nicene_fathers	367	1
church_fathers:the_anti_pelagian_writings_volume_6_first_series_of_the_nicene_and_post_nicene_fathers	384	1
church_fathers:the_anti_pelagian_writings_volume_6_first_series_of_the_nicene_and_post_nicene_fathers	391	1
church_fathers:the_anti_pelagian_writings_volume_6_first_series_of_the_nicene_and_post_nicene_fathers	396	1
church_fathers:the_anti_pelagian_writings_volume_6_first_series_of_the_nicene_and_post_nicene_fathers	406	1
church_fathers:the_anti_pelagian_writings_volume_6_first_series_of_the_nicene_and_post_nicene_fathers	413	1
church_fathers:the_anti_pelagian_writings_volume_6_first_series_of_the_nicene_and_post_nicene_fathers	419	1
church_fathers:the_anti_pelagian_writings_volume_6_first_series_of_the_nicene_and_post_nicene_fathers	423	1
church_fathers:the_anti_pelagian_writings_volume_6_first_series_of_the_nicene_and_post_nicene_fathers	426	1
church_fathers:the_anti_pelagian_writings_volume_6_first_series_of_the_nicene_and_post_nicene_fathers	429	1
church_fathers:the_anti_pelagian_writings_volume_6_first_series_of_the_nicene_and_post_nicene_fathers	435	1
church_fathers:the_anti_pelagian_writings_volume_6_first_series_of_the_nicene_and_post_nicene_fathers	436	1
church_fathers:the_anti_pelagian_writings_volume_6_first_series_of_the_nicene_and_post_nicene_fathers	438	1
church_fathers:the_anti_pelagian_writings_volume_6_first_series_of_the_nicene_and_post_nicene_fathers	440	1
church_fathers:the_anti_pelagian_writings_volume_6_first_series_of_the_nicene_and_post_nicene_fathers	442	1
church_fathers:the_anti_pelagian_writings_volume_6_first_series_of_the_nicene_and_post_nicene_fathers	445	1
church_fathers:the_anti_pelagian_writings_volume_6_first_series_of_the_nicene_and_post_nicene_fathers	461	1
church_fathers:the_anti_pelagian_writings_volume_6_first_series_of_the_nicene_and_post_nicene_fathers	475	1
church_fathers:the_anti_pelagian_writings_volume_6_first_series_of_the_nicene_and_post_nicene_fathers	490	1
church_fathers:the_anti_pelagian_writings_volume_6_first_series_of_the_nicene_and_post_nicene_fathers	500	1
church_fathers:the_apostolic_fathers	55	1
church_fathers:the_apostolic_fathers	72	1
church_fathers:the_apostolic_fathers	95	1
church_fathers:the_apostolic_fathers	99	1
church_fathers:the_apostolic_fathers	155	1
church_fathers:the_apostolic_fathers	254	1
church_fathers:the_apostolic_fathers	261	1
church_fathers:the_apostolic_fathers	269	1
church_fathers:the_apostolic_fathers	277	1
church_fathers:the_apostolic_fathers	279	1
church_fathers:the_apostolic_fathers	287	1
church_fathers:the_apostolic_fathers	292	1
church_fathers:the_apostolic_fathers	309	1
church_fathers:the_apostolic_fathers	319	1
church_fathers:the_apostolic_fathers	320	1
church_fathers:the_apostolic_fathers	341	1
church_fathers:the_apostolic_fathers	353	1
church_fathers:the_apostolic_fathers	355	1
church_fathers:the_apostolic_fathers	372	1
church_fathers:the_apostolic_fathers	398	1
church_fathers:the_apostolic_fathers	421	1
church_fathers:the_apostolic_fathers	422	1
church_fathers:the_apostolic_fathers	427	1
church_fathers:the_apostolic_fathers	429	1
church_fathers:the_apostolic_fathers	443	1
church_fathers:the_apostolic_fathers	463	1
church_fathers:the_apostolic_fathers	468	1
church_fathers:the_apostolic_fathers	469	1
church_fathers:the_apostolic_fathers	484	1
church_fathers:the_apostolic_fathers	504	1
church_fathers:the_apostolic_fathers	510	1
church_fathers:the_apostolic_fathers	536	1
church_fathers:the_apostolic_fathers	538	1
church_fathers:the_apostolic_fathers	572	1
church_fathers:the_apostolic_fathers	578	1
church_fathers:the_apostolic_fathers	591	1
church_fathers:the_apostolic_fathers	592	1
church_fathers:the_apostolic_fathers	595	1
church_fathers:the_apostolic_fathers	598	1
church_fathers:the_apostolic_fathers	600	1
church_fathers:the_apostolic_fathers	603	1
general_conference:general_conference_1971_04_love_of_god	1	1
general_conference:general_conference_1971_04_marriage_is_intended_to_be_forever	1	1
general_conference:general_conference_1971_04_when_thou_art_converted	1	1
general_conference:general_conference_1971_10_how_to_worship	1	1
general_conference:general_conference_1971_10_this_is_my_beloved_son	1	1
general_conference:general_conference_1972_04_peace	1	1
general_conference:general_conference_1972_04_the_covenant_of_the_priesthood	1	1
general_conference:general_conference_1972_10_a_blessing_for_the_saints	1	1
general_conference:general_conference_1972_10_altar_tent_well	1	1
general_conference:general_conference_1972_10_entrance_into_the_kingdom_of_god	1	1
general_conference:general_conference_1972_10_live_above_the_law_to_be_free	1	1
general_conference:general_conference_1972_10_three_pledges	1	1
general_conference:general_conference_1973_04_and_always_remember_him	1	1
general_conference:general_conference_1973_04_behold_your_little_ones	1	1
general_conference:general_conference_1973_04_follow_the_leadership_of_the_church	1	1
general_conference:general_conference_1973_04_share_the_unsearchable_riches_of_christ	1	1
general_conference:general_conference_1973_04_the_rock_of_revelation	1	1
general_conference:general_conference_1973_04_upon_judeas_plains	1	1
general_conference:general_conference_1973_04_what_manner_of_men_as_i_am	1	1
general_conference:general_conference_1973_10_closing_remarks	1	1
general_conference:general_conference_1973_10_gods_way_to_eternal_life	1	1
general_conference:general_conference_1973_10_what_will_a_man_give	1	1
general_conference:general_conference_1974_04_chosen_of_the_lord	1	1
general_conference:general_conference_1974_04_god_foreordains_his_prophets_and_his_people	1	1
general_conference:general_conference_1974_04_the_people_say_amen	1	1
general_conference:general_conference_1974_04_the_power_of_elijah	1	1
general_conference:general_conference_1974_04_three_days_in_the_tomb	1	1
general_conference:general_conference_1974_04_welfare_services_kimball	1	1
general_conference:general_conference_1974_04_welfare_services_romney	1	1
general_conference:general_conference_1974_04_welfare_services_tanner	1	1
general_conference:general_conference_1974_10_welfare_services_kimball	1	1
general_conference:general_conference_1974_10_welfare_services_romney	1	1
general_conference:general_conference_1974_10_what_after_death	1	1
general_conference:general_conference_1975_04_the_book_of_mormon_is_the_word_of_god	1	1
general_conference:general_conference_1975_04_the_laws_of_god_are_blessings	1	1
general_conference:general_conference_1975_04_to_bear_the_priesthood_worthily	1	1
general_conference:general_conference_1975_04_welfare_services_kimball	1	1
general_conference:general_conference_1975_04_welfare_services_romney	2	1
general_conference:general_conference_1975_10_covenants_and_blessings	1	1
general_conference:general_conference_1975_10_we_can_t_do_it_alone	1	1
general_conference:general_conference_1976_04_boys_need_heroes_close_by	1	1
general_conference:general_conference_1976_04_the_leaves_are_commencing_to_show_on_the_fig_tree	1	1
general_conference:general_conference_1976_10_our_goal_is_perfection	1	1
general_conference:general_conference_1976_10_principles_of_welfare	1	1
general_conference:general_conference_1976_10_the_dead_who_die_in_the_lord	1	1
general_conference:general_conference_1976_10_the_living_prophet	1	1
general_conference:general_conference_1976_10_the_temptations_of_christ	1	1
general_conference:general_conference_1977_04_but_be_ye_doers_of_the_word	1	1
general_conference:general_conference_1977_04_our_great_potential	1	1
general_conference:general_conference_1977_10_latter_day_samaritans	1	1
general_conference:general_conference_1977_10_sacrifice_missionary_style	1	1
general_conference:general_conference_1977_10_she_stretcheth_out_her_hand_to_the_poor	1	1
general_conference:general_conference_1977_10_the_role_of_bishops_in_welfare_services	1	1
general_conference:general_conference_1978_04_i_did_not_reach_this_place_by_myself	1	1
general_conference:general_conference_1978_04_in_the_time_of_old_age	1	1
general_conference:general_conference_1978_04_prayer_and_revelation	1	1
general_conference:general_conference_1978_04_the_morning_breaks_the_shadows_flee	1	1
general_conference:general_conference_1978_04_the_primary_enriches_the_lives_of_children	1	1
general_conference:general_conference_1978_04_the_women_of_god	1	1
general_conference:general_conference_1978_10_a_disciple_of_christ	1	1
general_conference:general_conference_1978_10_an_eternal_hope_in_christ	1	1
general_conference:general_conference_1978_10_successful_welfare_stewardship	1	1
general_conference:general_conference_1978_10_the_cs_of_spirituality	1	1
general_conference:general_conference_1978_10_who_will_forfeit_the_harvest	1	1
general_conference:general_conference_1979_04_new_emphasis_on_church_councils	1	1
general_conference:general_conference_1979_04_the_refiners_fire	1	1
general_conference:general_conference_1979_10_commandments_to_live_by	1	1
general_conference:general_conference_1979_10_the_voice_of_the_lord_is_unto_all_people	1	1
general_conference:general_conference_1980_04_willing_to_receive	1	1
general_conference:general_conference_1980_10_do_not_weary_by_the_way	1	1
general_conference:general_conference_1980_10_the_house_of_the_lord	1	1
general_conference:general_conference_1980_10_the_saviors_touch	1	1
general_conference:general_conference_1981_04_reach_out_to_our_fathers_children	1	1
general_conference:general_conference_1981_10_the_expanding_inheritance_from_joseph_smith	1	1
general_conference:general_conference_1982_04_an_invitation_to_grow	1	1
general_conference:general_conference_1982_04_reach_for_joy	1	1
general_conference:general_conference_1982_10_the_pearl_of_great_price	1	1
general_conference:general_conference_1982_10_the_priesthood_of_aaron	1	1
general_conference:general_conference_1984_04_go_ye_therefore_and_teach_all_nations	1	1
general_conference:general_conference_1984_10_by_their_fruits_ye_shall_know_them	1	1
general_conference:general_conference_1984_10_he_returned_speedily	1	1
general_conference:general_conference_1985_04_god_has_a_work_for_us_to_do	1	1
general_conference:general_conference_1985_04_spencer_w_kimball_a_true_disciple_of_christ	1	1
general_conference:general_conference_1985_04_the_resurrected_christ	1	1
general_conference:general_conference_1985_10_draw_near_unto_me_through_obedience	1	1
general_conference:general_conference_1985_10_spirituality	1	1
general_conference:general_conference_1988_04_what_think_ye_of_christ	1	1
general_conference:general_conference_1988_10_becoming_a_prepared_people	1	1
general_conference:general_conference_1988_10_inviting_others_to_come_unto_christ	1	1
general_conference:general_conference_1988_10_the_measure_of_our_hearts	1	1
general_conference:general_conference_1988_10_train_up_a_child	1	1
general_conference:general_conference_1989_04_lord_when_saw_we_thee_an_hungred	1	1
general_conference:general_conference_1989_10_running_your_marathon	1	1
general_conference:general_conference_1990_04_neither_boast_of_faith_nor_of_mighty_works	1	1
general_conference:general_conference_1990_04_personal_integrity	1	1
general_conference:general_conference_1990_04_preparing_the_heart	1	1
general_conference:general_conference_1990_04_small_and_simple_things	1	1
general_conference:general_conference_1990_10_what_is_truth	1	1
general_conference:general_conference_1991_04_a_crown_of_thorns_a_crown_of_glory	1	1
general_conference:general_conference_1991_04_listen_to_learn	1	1
general_conference:general_conference_1992_04_spiritual_healing	1	1
general_conference:general_conference_1993_04_behold_the_enemy_is_combined_d_c_38_12	1	1
general_conference:general_conference_1993_04_jesus_christ_the_son_of_the_living_god	1	1
general_conference:general_conference_1993_04_keep_the_faith	1	1
general_conference:general_conference_1993_10_the_modern_mighty_of_israel	1	1
general_conference:general_conference_1994_04_remember_your_covenants	1	1
general_conference:general_conference_1994_04_the_path_to_peace	1	1
general_conference:general_conference_1994_10_brightness_of_hope	1	1
general_conference:general_conference_1995_04_trust_in_the_lord	1	1
general_conference:general_conference_1995_04_trying_the_word_of_god	1	1
general_conference:general_conference_1995_10_perfection_pending	1	1
general_conference:general_conference_1995_10_witnesses	1	1
general_conference:general_conference_1996_04_baskets_and_bottles	1	1
general_conference:general_conference_1996_10_according_to_the_desire_of_our_hearts	1	1
general_conference:general_conference_1997_10_behold_the_man	1	1
general_conference:general_conference_1997_10_drawing_nearer_to_the_lord	1	1
general_conference:general_conference_1997_10_in_remembrance_of_jesus	1	1
general_conference:general_conference_1997_10_universal_application_of_the_gospel	1	1
general_conference:general_conference_1998_04_behold_we_count_them_happy_which_endure	1	1
general_conference:general_conference_1998_04_how_near_to_the_angels	1	1
general_conference:general_conference_1998_04_teaching_our_children_to_love_the_scriptures	1	1
general_conference:general_conference_1998_04_the_time_to_prepare	1	1
general_conference:general_conference_1998_10_pearls_from_the_sand	1	1
general_conference:general_conference_1998_10_think_to_thank	1	1
general_conference:general_conference_1999_04_find_the_lambs_feed_the_sheep	1	1
general_conference:general_conference_1999_04_true_followers	1	1
general_conference:general_conference_2000_10_ye_are_the_temple_of_god	1	1
general_conference:general_conference_2001_10_help_thou_mine_unbelief	1	1
general_conference:general_conference_2002_04_we_walk_by_faith	1	1
general_conference:general_conference_2003_04_blessed_by_living_water	1	1
general_conference:general_conference_2003_04_care_for_the_life_of_the_soul	1	1
general_conference:general_conference_2003_04_give_thanks_in_all_things	1	1
general_conference:general_conference_2003_10_how_choice_a_seer	1	1
general_conference:general_conference_2003_10_we_believe_all_that_god_has_revealed	1	1
general_conference:general_conference_2003_10_young_men_holders_of_keys	1	1
general_conference:general_conference_2004_04_in_the_strength_of_the_lord	1	1
general_conference:general_conference_2004_04_the_words_of_christ_our_spiritual_liahona	1	1
general_conference:general_conference_2004_10_anxiously_engaged	1	1
general_conference:general_conference_2004_10_the_blessings_of_a_proper_fast	1	1
general_conference:general_conference_2005_04_what_seek_ye	1	1
general_conference:general_conference_2005_10_compass_of_the_lord	1	1
general_conference:general_conference_2006_04_to_act_for_ourselves_the_gift_and_blessings_of_agency	1	1
general_conference:general_conference_2006_10_the_first_generation	1	1
general_conference:general_conference_2006_10_the_great_plan_of_happiness	1	1
general_conference:general_conference_2006_10_the_power_of_a_personal_testimony	1	1
general_conference:general_conference_2007_04_the_tongue_of_angels	1	1
general_conference:general_conference_2007_10_a_broken_heart_and_a_contrite_spirit	1	1
general_conference:general_conference_2007_10_closing_remarks	1	1
general_conference:general_conference_2007_10_quench_not_the_spirit_which_quickens_the_inner_man	1	1
general_conference:general_conference_2008_04_ask_in_faith	1	1
general_conference:general_conference_2008_04_one_among_the_crowd	1	1
general_conference:general_conference_2008_04_service_a_divine_quality	1	1
general_conference:general_conference_2008_10_honor_the_priesthood_and_use_it_well	1	1
general_conference:general_conference_2009_10_being_temperate_in_all_things	1	1
general_conference:general_conference_2009_10_that_your_burdens_may_be_light	1	1
general_conference:general_conference_2010_10_what_have_you_done_with_my_name	1	1
general_conference:general_conference_2012_04_teaching_our_children_to_understand	1	1
general_conference:general_conference_2012_04_the_powers_of_heaven	1	1
general_conference:general_conference_2012_10_help_them_aim_high	1	1
general_conference:general_conference_2013_04_followers_of_christ	1	1
general_conference:general_conference_2013_04_its_a_miracle	1	1
general_conference:general_conference_2013_10_the_moral_force_of_women	1	1
general_conference:general_conference_2014_04_the_choice_generation	1	1
general_conference:general_conference_2014_10_guided_safely_home	1	1
general_conference:general_conference_2015_04_the_eternal_perspective_of_the_gospel	1	1
general_conference:general_conference_2015_04_the_parable_of_the_sower	1	1
general_conference:general_conference_2015_04_therefore_they_hushed_their_fears	1	1
general_conference:general_conference_2016_04_opposition_in_all_things	1	1
general_conference:general_conference_2016_04_the_healing_ointment_of_forgiveness	1	1
general_conference:general_conference_2016_04_whoso_receiveth_them_receiveth_me	1	1
general_conference:general_conference_2016_10_fourth_floor_last_door	1	1
general_conference:general_conference_2016_10_god_shall_wipe_away_all_tears	1	1
general_conference:general_conference_2016_10_the_souls_sincere_desire	1	1
general_conference:general_conference_2017_04_songs_sung_and_unsung	1	1
general_conference:general_conference_2017_04_the_beauty_of_holiness	1	1
general_conference:general_conference_2017_04_trust_in_the_lord_and_lean_not	1	1
general_conference:general_conference_2017_10_do_we_trust_him_hard_is_good	1	1
general_conference:general_conference_2017_10_earning_the_trust_of_the_lord_and_your_family	1	1
general_conference:general_conference_2018_04_even_as_christ_forgives_you_so_also_do_ye	1	1
general_conference:general_conference_2018_04_small_and_simple_things	1	1
general_conference:general_conference_2018_04_the_elders_quorum	1	1
general_conference:general_conference_2018_10_becoming_exemplary_latter_day_saints	1	1
general_conference:general_conference_2019_10_56andersen	1	1
general_conference:general_conference_2020_04_52cook	1	1
general_conference:general_conference_2020_10_17oaks	1	1
general_conference:general_conference_2020_10_44godoy	1	1
general_conference:general_conference_2024_04_24alonso	1	1
general_conference:general_conference_2024_10_12andersen	1	1
general_conference:general_conference_2024_10_21christofferson	1	1
general_conference:general_conference_2024_10_55alliaud	1	1
general_conference:general_conference_2025_04_13holland	1	1
general_conference:general_conference_2025_04_23palmer	1	1
general_conference:general_conference_2025_04_54kim	1	1
general_conference:general_conference_2025_10_14barcellos	1	1
general_conference:general_conference_2025_10_46spannaus	1	1
gutenberg_lds:brigham_young_discourses	65	1
gutenberg_lds:brigham_young_discourses	93	1
gutenberg_lds:brigham_young_discourses	132	1
gutenberg_lds:brigham_young_discourses	141	1
gutenberg_lds:brigham_young_discourses	148	1
gutenberg_lds:brigham_young_discourses	162	1
gutenberg_lds:brigham_young_discourses	168	1
gutenberg_lds:brigham_young_discourses	198	1
gutenberg_lds:brigham_young_discourses	204	1
gutenberg_lds:brigham_young_discourses	221	1
gutenberg_lds:brigham_young_discourses	225	1
gutenberg_lds:brigham_young_discourses	267	1
gutenberg_lds:brigham_young_discourses	276	1
gutenberg_lds:brigham_young_discourses	311	1
gutenberg_lds:brigham_young_discourses	315	1
gutenberg_lds:brigham_young_discourses	338	1
gutenberg_lds:brigham_young_discourses	357	1
gutenberg_lds:brigham_young_discourses	362	1
gutenberg_lds:brigham_young_discourses	376	1
gutenberg_lds:brigham_young_discourses	399	1
gutenberg_lds:brigham_young_discourses	445	1
gutenberg_lds:brigham_young_discourses	452	1
gutenberg_lds:brigham_young_discourses	465	1
gutenberg_lds:brigham_young_discourses	469	1
gutenberg_lds:brigham_young_discourses	516	1
gutenberg_lds:brigham_young_discourses	517	1
gutenberg_lds:brigham_young_discourses	527	1
gutenberg_lds:brigham_young_discourses	531	1
gutenberg_lds:brigham_young_discourses	563	1
gutenberg_lds:brigham_young_discourses	575	1
gutenberg_lds:brigham_young_discourses	643	1
gutenberg_lds:brigham_young_discourses	696	1
gutenberg_lds:brigham_young_discourses	709	1
gutenberg_lds:brigham_young_discourses	751	1
gutenberg_lds:brigham_young_discourses	813	1
gutenberg_lds:brigham_young_discourses	840	1
gutenberg_lds:brigham_young_discourses	889	1
gutenberg_lds:brigham_young_discourses	920	1
gutenberg_lds:brigham_young_discourses	938	1
gutenberg_lds:brigham_young_discourses	967	1
gutenberg_lds:brigham_young_discourses	973	1
gutenberg_lds:brigham_young_discourses	985	1
gutenberg_lds:brigham_young_discourses	995	1
gutenberg_lds:brigham_young_discourses	1022	1
gutenberg_lds:brigham_young_discourses	1033	1
gutenberg_lds:brigham_young_discourses	1038	1
gutenberg_lds:brigham_young_discourses	1065	1
gutenberg_lds:brigham_young_discourses	1128	1
gutenberg_lds:brigham_young_discourses	1134	1
gutenberg_lds:brigham_young_discourses	1136	1
gutenberg_lds:brigham_young_discourses	1204	1
gutenberg_lds:brigham_young_discourses	1211	1
gutenberg_lds:brigham_young_discourses	1212	1
gutenberg_lds:brigham_young_discourses	1241	1
gutenberg_lds:brigham_young_discourses	1245	1
gutenberg_lds:brigham_young_discourses	1249	1
gutenberg_lds:brigham_young_discourses	1252	1
gutenberg_lds:brigham_young_discourses	1295	1
gutenberg_lds:brigham_young_discourses	1297	1
gutenberg_lds:brigham_young_discourses	1307	1
gutenberg_lds:brigham_young_discourses	1320	1
gutenberg_lds:brigham_young_discourses	1358	1
gutenberg_lds:brigham_young_discourses	1370	1
gutenberg_lds:brigham_young_discourses	1433	1
gutenberg_lds:brigham_young_discourses	1444	1
gutenberg_lds:brigham_young_discourses	1451	1
gutenberg_lds:brigham_young_discourses	1474	1
gutenberg_lds:brigham_young_discourses	1528	1
gutenberg_lds:brigham_young_discourses	1539	1
gutenberg_lds:brigham_young_discourses	1540	1
gutenberg_lds:brigham_young_discourses	1562	1
gutenberg_lds:brigham_young_discourses	1569	1
gutenberg_lds:brigham_young_discourses	1611	1
gutenberg_lds:brigham_young_discourses	1613	1
gutenberg_lds:brigham_young_discourses	1619	1
gutenberg_lds:brigham_young_discourses	1620	1
gutenberg_lds:brigham_young_discourses	1621	1
gutenberg_lds:brigham_young_discourses	1622	1
gutenberg_lds:brigham_young_discourses	1634	1
gutenberg_lds:brigham_young_discourses	1641	1
gutenberg_lds:brigham_young_discourses	1700	1
gutenberg_lds:brigham_young_discourses	1721	1
gutenberg_lds:brigham_young_discourses	1732	1
gutenberg_lds:brigham_young_discourses	1736	1
gutenberg_lds:brigham_young_discourses	1751	1
gutenberg_lds:brigham_young_discourses	1784	1
gutenberg_lds:brigham_young_discourses	1794	1
gutenberg_lds:brigham_young_discourses	1795	1
gutenberg_lds:brigham_young_discourses	1799	1
gutenberg_lds:brigham_young_discourses	1806	1
gutenberg_lds:brigham_young_discourses	1827	1
gutenberg_lds:brigham_young_discourses	1830	1
gutenberg_lds:brigham_young_discourses	1870	1
gutenberg_lds:brigham_young_discourses	1878	1
gutenberg_lds:brigham_young_discourses	1893	1
gutenberg_lds:brigham_young_discourses	1956	1
gutenberg_lds:brigham_young_discourses	1971	1
gutenberg_lds:brigham_young_discourses	1974	1
gutenberg_lds:brigham_young_discourses	1975	1
gutenberg_lds:brigham_young_discourses	2016	1
gutenberg_lds:brigham_young_discourses	2071	1
gutenberg_lds:brigham_young_discourses	2095	1
gutenberg_lds:brigham_young_discourses	2126	1
gutenberg_lds:brigham_young_discourses	2157	1
gutenberg_lds:brigham_young_discourses	2160	1
gutenberg_lds:brigham_young_discourses	2161	1
gutenberg_lds:brigham_young_discourses	2165	1
gutenberg_lds:brigham_young_discourses	2185	1
gutenberg_lds:brigham_young_discourses	2186	1
gutenberg_lds:brigham_young_discourses	2204	1
gutenberg_lds:brigham_young_discourses	2223	1
gutenberg_lds:brigham_young_discourses	2239	1
gutenberg_lds:brigham_young_discourses	2253	1
gutenberg_lds:brigham_young_discourses	2269	1
gutenberg_lds:brigham_young_discourses	2271	1
gutenberg_lds:brigham_young_discourses	2272	1
gutenberg_lds:brigham_young_discourses	2288	1
gutenberg_lds:brigham_young_discourses	2292	1
gutenberg_lds:brigham_young_discourses	2318	1
gutenberg_lds:brigham_young_discourses	2328	1
gutenberg_lds:brigham_young_discourses	2399	1
gutenberg_lds:brigham_young_discourses	2415	1
gutenberg_lds:brigham_young_discourses	2464	1
gutenberg_lds:brigham_young_discourses	2493	1
gutenberg_lds:brigham_young_discourses	2495	1
gutenberg_lds:brigham_young_discourses	2524	1
gutenberg_lds:brigham_young_discourses	2533	1
gutenberg_lds:brigham_young_discourses	2542	1
gutenberg_lds:brigham_young_discourses	2567	1
gutenberg_lds:brigham_young_discourses	2580	1
gutenberg_lds:brigham_young_discourses	2592	1
gutenberg_lds:brigham_young_discourses	2617	1
gutenberg_lds:brigham_young_discourses	2689	1
gutenberg_lds:brigham_young_discourses	2690	1
gutenberg_lds:brigham_young_discourses	2692	1
gutenberg_lds:brigham_young_discourses	2707	1
gutenberg_lds:jesus_the_christ_a_study_of_the_messiah_and_his_mission_according_to_holy_scriptures_both_ancient_and_modern	47	1
gutenberg_lds:jesus_the_christ_a_study_of_the_messiah_and_his_mission_according_to_holy_scriptures_both_ancient_and_modern	53	1
gutenberg_lds:jesus_the_christ_a_study_of_the_messiah_and_his_mission_according_to_holy_scriptures_both_ancient_and_modern	63	1
gutenberg_lds:jesus_the_christ_a_study_of_the_messiah_and_his_mission_according_to_holy_scriptures_both_ancient_and_modern	64	1
gutenberg_lds:jesus_the_christ_a_study_of_the_messiah_and_his_mission_according_to_holy_scriptures_both_ancient_and_modern	73	1
gutenberg_lds:jesus_the_christ_a_study_of_the_messiah_and_his_mission_according_to_holy_scriptures_both_ancient_and_modern	79	1
gutenberg_lds:jesus_the_christ_a_study_of_the_messiah_and_his_mission_according_to_holy_scriptures_both_ancient_and_modern	87	1
gutenberg_lds:jesus_the_christ_a_study_of_the_messiah_and_his_mission_according_to_holy_scriptures_both_ancient_and_modern	114	1
gutenberg_lds:jesus_the_christ_a_study_of_the_messiah_and_his_mission_according_to_holy_scriptures_both_ancient_and_modern	121	1
gutenberg_lds:jesus_the_christ_a_study_of_the_messiah_and_his_mission_according_to_holy_scriptures_both_ancient_and_modern	126	1
gutenberg_lds:jesus_the_christ_a_study_of_the_messiah_and_his_mission_according_to_holy_scriptures_both_ancient_and_modern	134	1
gutenberg_lds:jesus_the_christ_a_study_of_the_messiah_and_his_mission_according_to_holy_scriptures_both_ancient_and_modern	149	1
gutenberg_lds:jesus_the_christ_a_study_of_the_messiah_and_his_mission_according_to_holy_scriptures_both_ancient_and_modern	156	1
gutenberg_lds:jesus_the_christ_a_study_of_the_messiah_and_his_mission_according_to_holy_scriptures_both_ancient_and_modern	160	1
gutenberg_lds:jesus_the_christ_a_study_of_the_messiah_and_his_mission_according_to_holy_scriptures_both_ancient_and_modern	182	1
gutenberg_lds:jesus_the_christ_a_study_of_the_messiah_and_his_mission_according_to_holy_scriptures_both_ancient_and_modern	189	1
gutenberg_lds:jesus_the_christ_a_study_of_the_messiah_and_his_mission_according_to_holy_scriptures_both_ancient_and_modern	204	1
gutenberg_lds:jesus_the_christ_a_study_of_the_messiah_and_his_mission_according_to_holy_scriptures_both_ancient_and_modern	212	1
gutenberg_lds:jesus_the_christ_a_study_of_the_messiah_and_his_mission_according_to_holy_scriptures_both_ancient_and_modern	213	1
gutenberg_lds:jesus_the_christ_a_study_of_the_messiah_and_his_mission_according_to_holy_scriptures_both_ancient_and_modern	217	1
gutenberg_lds:jesus_the_christ_a_study_of_the_messiah_and_his_mission_according_to_holy_scriptures_both_ancient_and_modern	227	1
gutenberg_lds:jesus_the_christ_a_study_of_the_messiah_and_his_mission_according_to_holy_scriptures_both_ancient_and_modern	237	1
gutenberg_lds:jesus_the_christ_a_study_of_the_messiah_and_his_mission_according_to_holy_scriptures_both_ancient_and_modern	261	1
gutenberg_lds:jesus_the_christ_a_study_of_the_messiah_and_his_mission_according_to_holy_scriptures_both_ancient_and_modern	263	1
gutenberg_lds:jesus_the_christ_a_study_of_the_messiah_and_his_mission_according_to_holy_scriptures_both_ancient_and_modern	302	1
gutenberg_lds:jesus_the_christ_a_study_of_the_messiah_and_his_mission_according_to_holy_scriptures_both_ancient_and_modern	330	1
gutenberg_lds:jesus_the_christ_a_study_of_the_messiah_and_his_mission_according_to_holy_scriptures_both_ancient_and_modern	346	1
gutenberg_lds:jesus_the_christ_a_study_of_the_messiah_and_his_mission_according_to_holy_scriptures_both_ancient_and_modern	347	1
gutenberg_lds:jesus_the_christ_a_study_of_the_messiah_and_his_mission_according_to_holy_scriptures_both_ancient_and_modern	350	1
gutenberg_lds:jesus_the_christ_a_study_of_the_messiah_and_his_mission_according_to_holy_scriptures_both_ancient_and_modern	369	1
gutenberg_lds:jesus_the_christ_a_study_of_the_messiah_and_his_mission_according_to_holy_scriptures_both_ancient_and_modern	383	1
gutenberg_lds:jesus_the_christ_a_study_of_the_messiah_and_his_mission_according_to_holy_scriptures_both_ancient_and_modern	408	1
gutenberg_lds:jesus_the_christ_a_study_of_the_messiah_and_his_mission_according_to_holy_scriptures_both_ancient_and_modern	416	1
gutenberg_lds:jesus_the_christ_a_study_of_the_messiah_and_his_mission_according_to_holy_scriptures_both_ancient_and_modern	436	1
gutenberg_lds:jesus_the_christ_a_study_of_the_messiah_and_his_mission_according_to_holy_scriptures_both_ancient_and_modern	446	1
gutenberg_lds:jesus_the_christ_a_study_of_the_messiah_and_his_mission_according_to_holy_scriptures_both_ancient_and_modern	465	1
gutenberg_lds:jesus_the_christ_a_study_of_the_messiah_and_his_mission_according_to_holy_scriptures_both_ancient_and_modern	468	1
gutenberg_lds:jesus_the_christ_a_study_of_the_messiah_and_his_mission_according_to_holy_scriptures_both_ancient_and_modern	469	1
gutenberg_lds:jesus_the_christ_a_study_of_the_messiah_and_his_mission_according_to_holy_scriptures_both_ancient_and_modern	486	1
gutenberg_lds:jesus_the_christ_a_study_of_the_messiah_and_his_mission_according_to_holy_scriptures_both_ancient_and_modern	512	1
gutenberg_lds:jesus_the_christ_a_study_of_the_messiah_and_his_mission_according_to_holy_scriptures_both_ancient_and_modern	519	1
gutenberg_lds:jesus_the_christ_a_study_of_the_messiah_and_his_mission_according_to_holy_scriptures_both_ancient_and_modern	537	1
gutenberg_lds:jesus_the_christ_a_study_of_the_messiah_and_his_mission_according_to_holy_scriptures_both_ancient_and_modern	538	1
gutenberg_lds:jesus_the_christ_a_study_of_the_messiah_and_his_mission_according_to_holy_scriptures_both_ancient_and_modern	546	1
gutenberg_lds:jesus_the_christ_a_study_of_the_messiah_and_his_mission_according_to_holy_scriptures_both_ancient_and_modern	554	1
gutenberg_lds:jesus_the_christ_a_study_of_the_messiah_and_his_mission_according_to_holy_scriptures_both_ancient_and_modern	559	1
gutenberg_lds:jesus_the_christ_a_study_of_the_messiah_and_his_mission_according_to_holy_scriptures_both_ancient_and_modern	562	1
gutenberg_lds:jesus_the_christ_a_study_of_the_messiah_and_his_mission_according_to_holy_scriptures_both_ancient_and_modern	583	1
gutenberg_lds:jesus_the_christ_a_study_of_the_messiah_and_his_mission_according_to_holy_scriptures_both_ancient_and_modern	584	1
gutenberg_lds:jesus_the_christ_a_study_of_the_messiah_and_his_mission_according_to_holy_scriptures_both_ancient_and_modern	603	1
gutenberg_lds:jesus_the_christ_a_study_of_the_messiah_and_his_mission_according_to_holy_scriptures_both_ancient_and_modern	611	1
gutenberg_lds:jesus_the_christ_a_study_of_the_messiah_and_his_mission_according_to_holy_scriptures_both_ancient_and_modern	621	1
gutenberg_lds:jesus_the_christ_a_study_of_the_messiah_and_his_mission_according_to_holy_scriptures_both_ancient_and_modern	639	1
gutenberg_lds:jesus_the_christ_a_study_of_the_messiah_and_his_mission_according_to_holy_scriptures_both_ancient_and_modern	647	1
gutenberg_lds:jesus_the_christ_a_study_of_the_messiah_and_his_mission_according_to_holy_scriptures_both_ancient_and_modern	650	1
gutenberg_lds:jesus_the_christ_a_study_of_the_messiah_and_his_mission_according_to_holy_scriptures_both_ancient_and_modern	653	1
gutenberg_lds:jesus_the_christ_a_study_of_the_messiah_and_his_mission_according_to_holy_scriptures_both_ancient_and_modern	661	1
gutenberg_lds:jesus_the_christ_a_study_of_the_messiah_and_his_mission_according_to_holy_scriptures_both_ancient_and_modern	674	1
gutenberg_lds:jesus_the_christ_a_study_of_the_messiah_and_his_mission_according_to_holy_scriptures_both_ancient_and_modern	676	1
gutenberg_lds:jesus_the_christ_a_study_of_the_messiah_and_his_mission_according_to_holy_scriptures_both_ancient_and_modern	679	1
gutenberg_lds:lucy_mack_smith	64	1
gutenberg_lds:lucy_mack_smith	74	1
gutenberg_lds:lucy_mack_smith	85	1
gutenberg_lds:lucy_mack_smith	89	1
gutenberg_lds:lucy_mack_smith	90	1
gutenberg_lds:lucy_mack_smith	93	1
gutenberg_lds:lucy_mack_smith	94	1
gutenberg_lds:lucy_mack_smith	107	1
gutenberg_lds:lucy_mack_smith	113	1
gutenberg_lds:lucy_mack_smith	114	1
gutenberg_lds:lucy_mack_smith	133	1
gutenberg_lds:lucy_mack_smith	136	1
gutenberg_lds:lucy_mack_smith	137	1
gutenberg_lds:lucy_mack_smith	140	1
gutenberg_lds:lucy_mack_smith	209	1
gutenberg_lds:lucy_mack_smith	262	1
gutenberg_lds:lucy_mack_smith	275	1
gutenberg_lds:lucy_mack_smith	289	1
gutenberg_lds:lucy_mack_smith	293	1
gutenberg_lds:lucy_mack_smith	298	1
gutenberg_lds:lucy_mack_smith	312	1
gutenberg_lds:lucy_mack_smith	345	1
gutenberg_lds:lucy_mack_smith	375	1
gutenberg_lds:lucy_mack_smith	408	1
gutenberg_lds:lucy_mack_smith	460	1
gutenberg_lds:lucy_mack_smith	462	1
gutenberg_lds:lucy_mack_smith	468	1
gutenberg_lds:lucy_mack_smith	473	1
gutenberg_lds:lucy_mack_smith	477	1
gutenberg_lds:lucy_mack_smith	543	1
gutenberg_lds:lucy_mack_smith	544	1
gutenberg_lds:lucy_mack_smith	571	1
gutenberg_lds:lucy_mack_smith	579	1
gutenberg_lds:lucy_mack_smith	583	1
gutenberg_lds:lucy_mack_smith	603	1
gutenberg_lds:lucy_mack_smith	663	1
gutenberg_lds:lucy_mack_smith	667	1
gutenberg_lds:lucy_mack_smith	703	1
gutenberg_lds:lucy_mack_smith	746	1
gutenberg_lds:lucy_mack_smith	779	1
gutenberg_lds:lucy_mack_smith	805	1
gutenberg_lds:lucy_mack_smith	833	1
gutenberg_lds:lucy_mack_smith	835	1
gutenberg_lds:lucy_mack_smith	862	1
gutenberg_lds:lucy_mack_smith	872	1
gutenberg_lds:lucy_mack_smith	954	1
gutenberg_lds:lucy_mack_smith	957	1
gutenberg_lds:lucy_mack_smith	975	1
gutenberg_lds:lucy_mack_smith	977	1
gutenberg_lds:lucy_mack_smith	1018	1
gutenberg_lds:lucy_mack_smith	1031	1
gutenberg_lds:lucy_mack_smith	1047	1
gutenberg_lds:lucy_mack_smith	1082	1
gutenberg_lds:parley_pratt	83	1
gutenberg_lds:parley_pratt	84	1
gutenberg_lds:parley_pratt	103	1
gutenberg_lds:parley_pratt	134	1
gutenberg_lds:parley_pratt	171	1
gutenberg_lds:parley_pratt	223	1
gutenberg_lds:parley_pratt	229	1
gutenberg_lds:parley_pratt	246	1
gutenberg_lds:parley_pratt	260	1
gutenberg_lds:parley_pratt	271	1
gutenberg_lds:parley_pratt	284	1
gutenberg_lds:parley_pratt	305	1
gutenberg_lds:parley_pratt	307	1
gutenberg_lds:parley_pratt	312	1
gutenberg_lds:parley_pratt	343	1
gutenberg_lds:parley_pratt	390	1
gutenberg_lds:parley_pratt	408	1
gutenberg_lds:parley_pratt	413	1
gutenberg_lds:parley_pratt	424	1
gutenberg_lds:parley_pratt	433	1
gutenberg_lds:parley_pratt	442	1
gutenberg_lds:parley_pratt	444	1
gutenberg_lds:parley_pratt	467	1
gutenberg_lds:parley_pratt	475	1
gutenberg_lds:parley_pratt	494	1
gutenberg_lds:parley_pratt	507	1
gutenberg_lds:parley_pratt	536	1
gutenberg_lds:parley_pratt	537	1
gutenberg_lds:parley_pratt	561	1
gutenberg_lds:parley_pratt	592	1
gutenberg_lds:parley_pratt	618	1
gutenberg_lds:parley_pratt	619	1
gutenberg_lds:parley_pratt	620	1
gutenberg_lds:parley_pratt	621	1
gutenberg_lds:parley_pratt	624	1
gutenberg_lds:parley_pratt	629	1
gutenberg_lds:parley_pratt	657	1
gutenberg_lds:parley_pratt	665	1
gutenberg_lds:parley_pratt	680	1
gutenberg_lds:parley_pratt	776	1
gutenberg_lds:parley_pratt	788	1
gutenberg_lds:parley_pratt	794	1
gutenberg_lds:parley_pratt	802	1
gutenberg_lds:parley_pratt	830	1
gutenberg_lds:parley_pratt	833	1
gutenberg_lds:parley_pratt	856	1
gutenberg_lds:parley_pratt	860	1
gutenberg_lds:parley_pratt	861	1
gutenberg_lds:parley_pratt	864	1
gutenberg_lds:parley_pratt	883	1
gutenberg_lds:parley_pratt	890	1
gutenberg_lds:parley_pratt	902	1
gutenberg_lds:parley_pratt	956	1
gutenberg_lds:parley_pratt	960	1
gutenberg_lds:parley_pratt	1048	1
gutenberg_lds:parley_pratt	1158	1
gutenberg_lds:parley_pratt	1171	1
gutenberg_lds:parley_pratt	1182	1
gutenberg_lds:parley_pratt	1193	1
gutenberg_lds:parley_pratt	1219	1
gutenberg_lds:parley_pratt	1227	1
gutenberg_lds:parley_pratt	1245	1
gutenberg_lds:parley_pratt	1296	1
gutenberg_lds:parley_pratt	1301	1
gutenberg_lds:parley_pratt	1306	1
gutenberg_lds:parley_pratt	1310	1
gutenberg_lds:parley_pratt	1314	1
gutenberg_lds:parley_pratt	1341	1
gutenberg_lds:parley_pratt	1349	1
gutenberg_lds:parley_pratt	1350	1
gutenberg_lds:parley_pratt	1416	1
gutenberg_lds:parley_pratt	1418	1
gutenberg_lds:parley_pratt	1424	1
gutenberg_lds:parley_pratt	1427	1
gutenberg_lds:parley_pratt	1433	1
gutenberg_lds:parley_pratt	1435	1
gutenberg_lds:parley_pratt	1465	1
gutenberg_lds:parley_pratt	1500	1
gutenberg_lds:parley_pratt	1525	1
gutenberg_lds:parley_pratt	1565	1
gutenberg_lds:parley_pratt	1590	1
gutenberg_lds:parley_pratt	1592	1
gutenberg_lds:parley_pratt	1632	1
gutenberg_lds:parley_pratt	1642	1
gutenberg_lds:parley_pratt	1653	1
gutenberg_lds:parley_pratt	1669	1
gutenberg_lds:parley_pratt	1694	1
gutenberg_lds:parley_pratt	1700	1
gutenberg_lds:parley_pratt	1728	1
gutenberg_lds:parley_pratt	1734	1
gutenberg_lds:parley_pratt	1741	1
gutenberg_lds:parley_pratt	1742	1
gutenberg_lds:parley_pratt	1758	1
gutenberg_lds:parley_pratt	1781	1
gutenberg_lds:parley_pratt	1807	1
gutenberg_lds:parley_pratt	1837	1
gutenberg_lds:parley_pratt	1843	1
gutenberg_lds:parley_pratt	1846	1
gutenberg_lds:parley_pratt	1847	1
gutenberg_lds:parley_pratt	1859	1
gutenberg_lds:parley_pratt	1863	1
gutenberg_lds:parley_pratt	1865	1
gutenberg_lds:parley_pratt	1933	1
gutenberg_lds:parley_pratt	1941	1
gutenberg_lds:parley_pratt	1987	1
gutenberg_lds:parley_pratt	2000	1
gutenberg_lds:parley_pratt	2001	1
gutenberg_lds:parley_pratt	2005	1
gutenberg_lds:parley_pratt	2064	1
gutenberg_lds:william_clayton	192	1
gutenberg_lds:william_clayton	229	1
gutenberg_lds:william_clayton	235	1
gutenberg_lds:william_clayton	237	1
gutenberg_lds:william_clayton	275	1
gutenberg_lds:william_clayton	282	1
gutenberg_lds:william_clayton	339	1
gutenberg_lds:william_clayton	368	1
gutenberg_lds:william_clayton	382	1
gutenberg_lds:william_clayton	405	1
history_of_church:vol1	49	1
history_of_church:vol1	60	1
history_of_church:vol1	62	1
history_of_church:vol1	68	1
history_of_church:vol1	91	1
history_of_church:vol1	102	1
history_of_church:vol1	117	1
history_of_church:vol1	119	1
history_of_church:vol1	197	1
history_of_church:vol1	201	1
history_of_church:vol1	205	1
history_of_church:vol1	210	1
history_of_church:vol1	241	1
history_of_church:vol1	284	1
history_of_church:vol1	291	1
history_of_church:vol1	292	1
history_of_church:vol1	419	1
history_of_church:vol1	423	1
history_of_church:vol1	464	1
history_of_church:vol1	506	1
history_of_church:vol1	650	1
history_of_church:vol1	664	1
history_of_church:vol1	709	1
history_of_church:vol1	782	1
history_of_church:vol1	787	1
history_of_church:vol1	857	1
history_of_church:vol1	897	1
history_of_church:vol1	905	1
history_of_church:vol1	929	1
history_of_church:vol1	933	1
history_of_church:vol1	936	1
history_of_church:vol1	954	1
history_of_church:vol1	995	1
history_of_church:vol1	1013	1
history_of_church:vol1	1067	1
history_of_church:vol1	1081	1
history_of_church:vol1	1099	1
history_of_church:vol1	1171	1
history_of_church:vol1	1175	1
history_of_church:vol1	1195	1
history_of_church:vol1	1211	1
history_of_church:vol1	1306	1
history_of_church:vol1	1322	1
history_of_church:vol1	1328	1
history_of_church:vol1	1336	1
history_of_church:vol1	1374	1
history_of_church:vol1	1377	1
history_of_church:vol1	1416	1
history_of_church:vol1	1455	1
history_of_church:vol1	1501	1
history_of_church:vol1	1518	1
history_of_church:vol1	1556	1
history_of_church:vol1	1602	1
history_of_church:vol1	1658	1
history_of_church:vol1	1671	1
history_of_church:vol1	1678	1
history_of_church:vol1	1688	1
history_of_church:vol1	1700	1
history_of_church:vol1	1717	1
history_of_church:vol1	1739	1
history_of_church:vol1	1746	1
history_of_church:vol1	1793	1
history_of_church:vol1	1796	1
history_of_church:vol1	1879	1
history_of_church:vol1	1905	1
history_of_church:vol1	1907	1
history_of_church:vol1	1980	1
history_of_church:vol1	1994	1
history_of_church:vol1	2044	1
history_of_church:vol1	2108	1
history_of_church:vol1	2111	1
history_of_church:vol1	2202	1
history_of_church:vol1	2217	1
history_of_church:vol1	2218	1
history_of_church:vol1	2219	1
history_of_church:vol1	2280	1
history_of_church:vol1	2286	1
history_of_church:vol1	2337	1
history_of_church:vol1	2340	1
history_of_church:vol1	2348	1
history_of_church:vol1	2350	1
history_of_church:vol1	2368	1
history_of_church:vol1	2373	1
history_of_church:vol1	2497	1
history_of_church:vol1	2498	1
history_of_church:vol1	2663	1
history_of_church:vol1	2667	1
history_of_church:vol1	2722	1
history_of_church:vol1	2738	1
history_of_church:vol1	2754	1
history_of_church:vol1	2805	1
history_of_church:vol1	2806	1
history_of_church:vol1	2812	1
history_of_church:vol1	2813	1
history_of_church:vol1	2848	1
history_of_church:vol1	2911	1
history_of_church:vol1	2936	1
history_of_church:vol1	2956	1
history_of_church:vol1	2957	1
history_of_church:vol1	2964	1
history_of_church:vol1	2987	1
history_of_church:vol1	2997	1
history_of_church:vol1	3013	1
history_of_church:vol1	3049	1
history_of_church:vol1	3102	1
history_of_church:vol1	3152	1
history_of_church:vol1	3164	1
history_of_church:vol1	3173	1
history_of_church:vol1	3174	1
history_of_church:vol1	3183	1
history_of_church:vol1	3223	1
history_of_church:vol1	3325	1
history_of_church:vol1	3377	1
history_of_church:vol1	3385	1
history_of_church:vol1	3412	1
history_of_church:vol1	3414	1
history_of_church:vol1	3432	1
history_of_church:vol1	3463	1
history_of_church:vol1	3497	1
history_of_church:vol1	3550	1
history_of_church:vol1	3557	1
history_of_church:vol1	3558	1
history_of_church:vol1	3599	1
history_of_church:vol1	3626	1
history_of_church:vol1	3644	1
history_of_church:vol1	3679	1
history_of_church:vol1	3700	1
history_of_church:vol1	3756	1
history_of_church:vol1	3787	1
history_of_church:vol1	3884	1
history_of_church:vol1	3887	1
history_of_church:vol1	3888	1
history_of_church:vol1	3893	1
history_of_church:vol1	3921	1
history_of_church:vol1	3947	1
history_of_church:vol1	3962	1
history_of_church:vol1	3971	1
history_of_church:vol1	3987	1
history_of_church:vol1	3999	1
history_of_church:vol1	4036	1
history_of_church:vol1	4072	1
history_of_church:vol1	4073	1
history_of_church:vol1	4131	1
history_of_church:vol2	281	1
history_of_church:vol2	306	1
history_of_church:vol2	477	1
history_of_church:vol2	505	1
history_of_church:vol2	516	1
history_of_church:vol2	619	1
history_of_church:vol2	764	1
history_of_church:vol2	843	1
history_of_church:vol3	78	1
history_of_church:vol3	101	1
history_of_church:vol3	102	1
history_of_church:vol3	108	1
history_of_church:vol3	120	1
history_of_church:vol3	132	1
history_of_church:vol3	139	1
history_of_church:vol3	234	1
history_of_church:vol3	246	1
history_of_church:vol3	285	1
history_of_church:vol3	322	1
history_of_church:vol3	328	1
history_of_church:vol3	382	1
history_of_church:vol3	388	1
history_of_church:vol3	428	1
history_of_church:vol3	455	1
history_of_church:vol3	495	1
history_of_church:vol3	536	1
history_of_church:vol3	544	1
history_of_church:vol3	574	1
history_of_church:vol3	592	1
history_of_church:vol3	607	1
history_of_church:vol3	631	1
history_of_church:vol3	636	1
history_of_church:vol3	670	1
history_of_church:vol3	671	1
history_of_church:vol3	697	1
history_of_church:vol3	700	1
history_of_church:vol3	723	1
history_of_church:vol3	725	1
history_of_church:vol3	750	1
history_of_church:vol3	785	1
history_of_church:vol3	792	1
history_of_church:vol3	805	1
history_of_church:vol3	826	1
history_of_church:vol3	827	1
history_of_church:vol3	849	1
history_of_church:vol3	855	1
history_of_church:vol3	930	1
history_of_church:vol3	934	1
history_of_church:vol3	997	1
history_of_church:vol3	1002	1
history_of_church:vol3	1004	1
history_of_church:vol3	1056	1
history_of_church:vol3	1065	1
history_of_church:vol3	1068	1
history_of_church:vol3	1082	1
history_of_church:vol3	1084	1
history_of_church:vol3	1089	1
history_of_church:vol3	1097	1
history_of_church:vol3	1098	1
history_of_church:vol3	1103	1
history_of_church:vol3	1107	1
history_of_church:vol3	1112	1
history_of_church:vol3	1113	1
history_of_church:vol3	1120	1
history_of_church:vol3	1121	1
history_of_church:vol3	1136	1
history_of_church:vol3	1138	1
history_of_church:vol3	1142	1
history_of_church:vol3	1160	1
history_of_church:vol3	1168	1
history_of_church:vol3	1186	1
history_of_church:vol3	1193	1
history_of_church:vol4	23	1
history_of_church:vol4	32	1
history_of_church:vol4	183	1
history_of_church:vol4	185	1
history_of_church:vol4	290	1
history_of_church:vol5	4	1
history_of_church:vol5	35	1
history_of_church:vol5	40	1
history_of_church:vol5	65	1
history_of_church:vol5	81	1
history_of_church:vol5	85	1
history_of_church:vol5	111	1
history_of_church:vol5	119	1
history_of_church:vol5	162	1
history_of_church:vol5	238	1
history_of_church:vol5	277	1
history_of_church:vol5	280	1
history_of_church:vol7	85	1
history_of_church:vol7	216	1
history_of_church:vol7	259	1
history_of_church:vol7	379	1
history_of_church:vol7	426	1
history_of_church:vol7	434	1
history_of_church:vol7	459	1
history_of_church:vol7	517	1
history_of_church:vol7	571	1
joseph_smith_papers:history_vol_a1	16	1
joseph_smith_papers:history_vol_a1	37	1
joseph_smith_papers:history_vol_a1	85	1
joseph_smith_papers:history_vol_a1	104	1
joseph_smith_papers:history_vol_a1	111	1
joseph_smith_papers:history_vol_a1	152	1
joseph_smith_papers:history_vol_a1	157	1
joseph_smith_papers:history_vol_a1	167	1
joseph_smith_papers:history_vol_a1	188	1
joseph_smith_papers:history_vol_a1	191	1
joseph_smith_papers:history_vol_a1	196	1
joseph_smith_papers:history_vol_a1	201	1
joseph_smith_papers:history_vol_a1	244	1
joseph_smith_papers:history_vol_a1	257	1
joseph_smith_papers:history_vol_a1	281	1
joseph_smith_papers:history_vol_a1	297	1
joseph_smith_papers:journal_1832_1834	37	1
joseph_smith_papers:journal_1832_1834	91	1
joseph_smith_papers:journal_1835_1836	26	1
joseph_smith_papers:journal_1835_1836	86	1
joseph_smith_papers:journal_1835_1836	138	1
joseph_smith_papers:journal_1837	4	1
joseph_smith_papers:journal_1837	44	1
joseph_smith_papers:journal_1837	59	1
joseph_smith_papers:king_follett_discourse	5	1
joseph_smith_papers:lectures_on_faith	7	1
joseph_smith_papers:lectures_on_faith	12	1
joseph_smith_papers:lectures_on_faith	20	1
joseph_smith_papers:lectures_on_faith	32	1
joseph_smith_papers:lectures_on_faith	36	1
joseph_smith_papers:lectures_on_faith	49	1
joseph_smith_papers:lectures_on_faith	52	1
joseph_smith_papers:lectures_on_faith	69	1
joseph_smith_papers:lectures_on_faith	71	1
joseph_smith_papers:lectures_on_faith	77	1
joseph_smith_papers:lectures_on_faith	78	1
joseph_smith_papers:lectures_on_faith	98	1
joseph_smith_papers:lectures_on_faith	111	1
joseph_smith_papers:lectures_on_faith	113	1
joseph_smith_papers:lectures_on_faith	133	1
joseph_smith_papers:lectures_on_faith	140	1
joseph_smith_papers:lectures_on_faith	148	1
joseph_smith_papers:lectures_on_faith	159	1
joseph_smith_papers:lectures_on_faith	167	1
joseph_smith_papers:lectures_on_faith	173	1
joseph_smith_papers:lectures_on_faith	179	1
joseph_smith_papers:lectures_on_faith	182	1
joseph_smith_papers:lectures_on_faith	195	1
joseph_smith_papers:lectures_on_faith	209	1
joseph_smith_papers:lectures_on_faith	211	1
joseph_smith_papers:lectures_on_faith	213	1
joseph_smith_papers:lectures_on_faith	220	1
joseph_smith_papers:lectures_on_faith	227	1
joseph_smith_papers:lectures_on_faith	238	1
journal_of_discourses:vol_01	10	1
journal_of_discourses:vol_01	12	1
journal_of_discourses:vol_01	17	1
journal_of_discourses:vol_01	22	1
journal_of_discourses:vol_01	31	1
journal_of_discourses:vol_01	73	1
journal_of_discourses:vol_01	87	1
journal_of_discourses:vol_01	143	1
journal_of_discourses:vol_01	153	1
journal_of_discourses:vol_01	158	1
journal_of_discourses:vol_01	169	1
journal_of_discourses:vol_01	172	1
journal_of_discourses:vol_01	177	1
journal_of_discourses:vol_01	186	1
journal_of_discourses:vol_01	210	1
journal_of_discourses:vol_01	221	1
journal_of_discourses:vol_01	293	1
journal_of_discourses:vol_01	294	1
journal_of_discourses:vol_01	305	1
journal_of_discourses:vol_01	311	1
journal_of_discourses:vol_01	463	1
journal_of_discourses:vol_01	471	1
journal_of_discourses:vol_01	495	1
journal_of_discourses:vol_01	499	1
journal_of_discourses:vol_01	505	1
journal_of_discourses:vol_01	514	1
journal_of_discourses:vol_01	524	1
journal_of_discourses:vol_01	539	1
journal_of_discourses:vol_01	557	1
journal_of_discourses:vol_01	574	1
journal_of_discourses:vol_01	605	1
journal_of_discourses:vol_01	611	1
journal_of_discourses:vol_01	614	1
journal_of_discourses:vol_01	618	1
journal_of_discourses:vol_01	646	1
journal_of_discourses:vol_01	648	1
journal_of_discourses:vol_01	649	1
journal_of_discourses:vol_01	654	1
journal_of_discourses:vol_01	681	1
journal_of_discourses:vol_01	723	1
journal_of_discourses:vol_01	752	1
journal_of_discourses:vol_01	754	1
journal_of_discourses:vol_01	758	1
journal_of_discourses:vol_01	762	1
journal_of_discourses:vol_01	790	1
journal_of_discourses:vol_01	798	1
journal_of_discourses:vol_01	836	1
journal_of_discourses:vol_01	852	1
journal_of_discourses:vol_02	4	1
journal_of_discourses:vol_02	7	1
journal_of_discourses:vol_02	8	1
journal_of_discourses:vol_02	35	1
journal_of_discourses:vol_02	59	1
journal_of_discourses:vol_02	70	1
journal_of_discourses:vol_02	81	1
journal_of_discourses:vol_02	92	1
journal_of_discourses:vol_02	95	1
journal_of_discourses:vol_02	103	1
journal_of_discourses:vol_02	110	1
journal_of_discourses:vol_02	115	1
journal_of_discourses:vol_02	119	1
journal_of_discourses:vol_02	122	1
journal_of_discourses:vol_02	141	1
journal_of_discourses:vol_02	151	1
journal_of_discourses:vol_02	153	1
journal_of_discourses:vol_02	158	1
journal_of_discourses:vol_02	171	1
journal_of_discourses:vol_02	238	1
journal_of_discourses:vol_02	239	1
journal_of_discourses:vol_02	249	1
journal_of_discourses:vol_02	376	1
journal_of_discourses:vol_02	415	1
journal_of_discourses:vol_02	433	1
journal_of_discourses:vol_02	440	1
journal_of_discourses:vol_02	455	1
journal_of_discourses:vol_02	456	1
journal_of_discourses:vol_02	474	1
journal_of_discourses:vol_02	493	1
journal_of_discourses:vol_02	506	1
journal_of_discourses:vol_02	511	1
journal_of_discourses:vol_02	516	1
journal_of_discourses:vol_02	534	1
journal_of_discourses:vol_02	538	1
journal_of_discourses:vol_02	541	1
journal_of_discourses:vol_02	544	1
journal_of_discourses:vol_02	547	1
journal_of_discourses:vol_02	560	1
journal_of_discourses:vol_02	580	1
journal_of_discourses:vol_02	591	1
journal_of_discourses:vol_02	611	1
journal_of_discourses:vol_02	647	1
journal_of_discourses:vol_02	667	1
journal_of_discourses:vol_02	669	1
journal_of_discourses:vol_02	675	1
journal_of_discourses:vol_02	687	1
journal_of_discourses:vol_02	691	1
journal_of_discourses:vol_02	696	1
journal_of_discourses:vol_02	698	1
journal_of_discourses:vol_02	728	1
journal_of_discourses:vol_02	769	1
journal_of_discourses:vol_02	796	1
journal_of_discourses:vol_02	823	1
journal_of_discourses:vol_02	853	1
journal_of_discourses:vol_02	856	1
journal_of_discourses:vol_03	18	1
journal_of_discourses:vol_03	35	1
journal_of_discourses:vol_03	70	1
journal_of_discourses:vol_03	73	1
journal_of_discourses:vol_03	104	1
journal_of_discourses:vol_03	115	1
journal_of_discourses:vol_03	161	1
journal_of_discourses:vol_03	183	1
journal_of_discourses:vol_03	212	1
journal_of_discourses:vol_03	219	1
journal_of_discourses:vol_03	235	1
journal_of_discourses:vol_03	253	1
journal_of_discourses:vol_03	260	1
journal_of_discourses:vol_03	292	1
journal_of_discourses:vol_03	297	1
journal_of_discourses:vol_03	303	1
journal_of_discourses:vol_03	331	1
journal_of_discourses:vol_03	361	1
journal_of_discourses:vol_03	367	1
journal_of_discourses:vol_03	378	1
journal_of_discourses:vol_03	400	1
journal_of_discourses:vol_03	402	1
journal_of_discourses:vol_03	417	1
journal_of_discourses:vol_03	418	1
journal_of_discourses:vol_03	452	1
journal_of_discourses:vol_03	466	1
journal_of_discourses:vol_03	484	1
journal_of_discourses:vol_03	487	1
journal_of_discourses:vol_03	491	1
journal_of_discourses:vol_03	548	1
journal_of_discourses:vol_03	555	1
journal_of_discourses:vol_03	571	1
journal_of_discourses:vol_03	596	1
journal_of_discourses:vol_03	628	1
journal_of_discourses:vol_03	686	1
journal_of_discourses:vol_03	697	1
journal_of_discourses:vol_03	717	1
journal_of_discourses:vol_03	745	1
journal_of_discourses:vol_03	785	1
journal_of_discourses:vol_03	793	1
journal_of_discourses:vol_03	799	1
journal_of_discourses:vol_03	833	1
journal_of_discourses:vol_04	18	1
journal_of_discourses:vol_04	36	1
journal_of_discourses:vol_04	59	1
journal_of_discourses:vol_04	70	1
journal_of_discourses:vol_04	98	1
journal_of_discourses:vol_04	105	1
journal_of_discourses:vol_04	108	1
journal_of_discourses:vol_04	123	1
journal_of_discourses:vol_04	168	1
journal_of_discourses:vol_04	199	1
journal_of_discourses:vol_04	296	1
journal_of_discourses:vol_04	307	1
journal_of_discourses:vol_04	348	1
journal_of_discourses:vol_04	406	1
journal_of_discourses:vol_04	431	1
journal_of_discourses:vol_04	433	1
journal_of_discourses:vol_04	447	1
journal_of_discourses:vol_04	480	1
journal_of_discourses:vol_04	491	1
journal_of_discourses:vol_04	492	1
journal_of_discourses:vol_04	508	1
journal_of_discourses:vol_04	510	1
journal_of_discourses:vol_04	515	1
journal_of_discourses:vol_04	534	1
journal_of_discourses:vol_04	535	1
journal_of_discourses:vol_04	537	1
journal_of_discourses:vol_04	567	1
journal_of_discourses:vol_04	614	1
journal_of_discourses:vol_04	622	1
journal_of_discourses:vol_04	625	1
journal_of_discourses:vol_04	641	1
journal_of_discourses:vol_04	646	1
journal_of_discourses:vol_04	658	1
journal_of_discourses:vol_04	672	1
journal_of_discourses:vol_04	678	1
journal_of_discourses:vol_04	686	1
journal_of_discourses:vol_04	750	1
journal_of_discourses:vol_04	752	1
journal_of_discourses:vol_04	768	1
journal_of_discourses:vol_04	791	1
journal_of_discourses:vol_04	795	1
journal_of_discourses:vol_04	850	1
journal_of_discourses:vol_04	855	1
journal_of_discourses:vol_04	860	1
journal_of_discourses:vol_04	862	1
journal_of_discourses:vol_04	890	1
journal_of_discourses:vol_04	892	1
journal_of_discourses:vol_05	32	1
journal_of_discourses:vol_05	36	1
journal_of_discourses:vol_05	39	1
journal_of_discourses:vol_05	41	1
journal_of_discourses:vol_05	42	1
journal_of_discourses:vol_05	59	1
journal_of_discourses:vol_05	64	1
journal_of_discourses:vol_05	80	1
journal_of_discourses:vol_05	83	1
journal_of_discourses:vol_05	86	1
journal_of_discourses:vol_05	98	1
journal_of_discourses:vol_05	132	1
journal_of_discourses:vol_05	138	1
journal_of_discourses:vol_05	148	1
journal_of_discourses:vol_05	177	1
journal_of_discourses:vol_05	279	1
journal_of_discourses:vol_05	323	1
journal_of_discourses:vol_05	334	1
journal_of_discourses:vol_05	445	1
journal_of_discourses:vol_05	559	1
journal_of_discourses:vol_05	578	1
journal_of_discourses:vol_05	596	1
journal_of_discourses:vol_05	608	1
journal_of_discourses:vol_05	624	1
journal_of_discourses:vol_05	639	1
journal_of_discourses:vol_05	646	1
journal_of_discourses:vol_05	651	1
journal_of_discourses:vol_05	655	1
journal_of_discourses:vol_05	665	1
journal_of_discourses:vol_05	682	1
journal_of_discourses:vol_05	685	1
journal_of_discourses:vol_05	823	1
journal_of_discourses:vol_05	826	1
journal_of_discourses:vol_05	833	1
journal_of_discourses:vol_05	845	1
journal_of_discourses:vol_05	855	1
journal_of_discourses:vol_06	12	1
journal_of_discourses:vol_06	86	1
journal_of_discourses:vol_06	89	1
journal_of_discourses:vol_06	91	1
journal_of_discourses:vol_06	116	1
journal_of_discourses:vol_06	131	1
journal_of_discourses:vol_06	216	1
journal_of_discourses:vol_06	238	1
journal_of_discourses:vol_06	251	1
journal_of_discourses:vol_06	275	1
journal_of_discourses:vol_06	285	1
journal_of_discourses:vol_06	342	1
journal_of_discourses:vol_06	358	1
journal_of_discourses:vol_06	365	1
journal_of_discourses:vol_06	366	1
journal_of_discourses:vol_06	373	1
journal_of_discourses:vol_06	417	1
journal_of_discourses:vol_06	485	1
journal_of_discourses:vol_06	557	1
journal_of_discourses:vol_06	560	1
journal_of_discourses:vol_06	611	1
journal_of_discourses:vol_06	617	1
journal_of_discourses:vol_06	620	1
journal_of_discourses:vol_06	632	1
journal_of_discourses:vol_06	671	1
journal_of_discourses:vol_06	700	1
journal_of_discourses:vol_06	702	1
journal_of_discourses:vol_06	709	1
journal_of_discourses:vol_06	711	1
journal_of_discourses:vol_06	714	1
journal_of_discourses:vol_06	717	1
journal_of_discourses:vol_06	734	1
journal_of_discourses:vol_06	776	1
journal_of_discourses:vol_06	786	1
journal_of_discourses:vol_06	787	1
journal_of_discourses:vol_06	789	1
journal_of_discourses:vol_06	793	1
journal_of_discourses:vol_06	823	1
journal_of_discourses:vol_06	827	1
journal_of_discourses:vol_06	829	1
journal_of_discourses:vol_06	830	1
journal_of_discourses:vol_06	831	1
journal_of_discourses:vol_06	842	1
journal_of_discourses:vol_06	851	1
journal_of_discourses:vol_06	873	1
journal_of_discourses:vol_06	885	1
journal_of_discourses:vol_07	26	1
journal_of_discourses:vol_07	45	1
journal_of_discourses:vol_07	50	1
journal_of_discourses:vol_07	64	1
journal_of_discourses:vol_07	69	1
journal_of_discourses:vol_07	134	1
journal_of_discourses:vol_07	177	1
journal_of_discourses:vol_07	277	1
journal_of_discourses:vol_07	301	1
journal_of_discourses:vol_07	303	1
journal_of_discourses:vol_07	308	1
journal_of_discourses:vol_07	312	1
journal_of_discourses:vol_07	377	1
journal_of_discourses:vol_07	414	1
journal_of_discourses:vol_07	430	1
journal_of_discourses:vol_07	434	1
journal_of_discourses:vol_07	454	1
journal_of_discourses:vol_07	455	1
journal_of_discourses:vol_07	460	1
journal_of_discourses:vol_07	499	1
journal_of_discourses:vol_07	504	1
journal_of_discourses:vol_07	516	1
journal_of_discourses:vol_07	520	1
journal_of_discourses:vol_07	537	1
journal_of_discourses:vol_07	553	1
journal_of_discourses:vol_07	573	1
journal_of_discourses:vol_07	589	1
journal_of_discourses:vol_07	595	1
journal_of_discourses:vol_07	615	1
journal_of_discourses:vol_07	622	1
journal_of_discourses:vol_07	623	1
journal_of_discourses:vol_07	661	1
journal_of_discourses:vol_07	675	1
journal_of_discourses:vol_07	676	1
journal_of_discourses:vol_07	677	1
journal_of_discourses:vol_07	684	1
journal_of_discourses:vol_07	686	1
journal_of_discourses:vol_07	695	1
journal_of_discourses:vol_07	699	1
journal_of_discourses:vol_07	704	1
journal_of_discourses:vol_07	720	1
journal_of_discourses:vol_07	744	1
journal_of_discourses:vol_07	753	1
journal_of_discourses:vol_07	754	1
journal_of_discourses:vol_07	760	1
journal_of_discourses:vol_07	766	1
journal_of_discourses:vol_07	768	1
journal_of_discourses:vol_07	776	1
journal_of_discourses:vol_07	812	1
journal_of_discourses:vol_07	850	1
journal_of_discourses:vol_08	3	1
journal_of_discourses:vol_08	68	1
journal_of_discourses:vol_08	85	1
journal_of_discourses:vol_08	100	1
journal_of_discourses:vol_08	122	1
journal_of_discourses:vol_08	125	1
journal_of_discourses:vol_08	128	1
journal_of_discourses:vol_08	141	1
journal_of_discourses:vol_08	182	1
journal_of_discourses:vol_08	185	1
journal_of_discourses:vol_08	195	1
journal_of_discourses:vol_08	218	1
journal_of_discourses:vol_08	229	1
journal_of_discourses:vol_08	256	1
journal_of_discourses:vol_08	257	1
journal_of_discourses:vol_08	286	1
journal_of_discourses:vol_08	295	1
journal_of_discourses:vol_08	311	1
journal_of_discourses:vol_08	317	1
journal_of_discourses:vol_08	329	1
journal_of_discourses:vol_08	335	1
journal_of_discourses:vol_08	345	1
journal_of_discourses:vol_08	377	1
journal_of_discourses:vol_08	380	1
journal_of_discourses:vol_08	382	1
journal_of_discourses:vol_08	400	1
journal_of_discourses:vol_08	460	1
journal_of_discourses:vol_08	483	1
journal_of_discourses:vol_08	494	1
journal_of_discourses:vol_08	519	1
journal_of_discourses:vol_08	531	1
journal_of_discourses:vol_08	534	1
journal_of_discourses:vol_08	545	1
journal_of_discourses:vol_08	564	1
journal_of_discourses:vol_08	574	1
journal_of_discourses:vol_08	581	1
journal_of_discourses:vol_08	613	1
journal_of_discourses:vol_08	622	1
journal_of_discourses:vol_08	640	1
journal_of_discourses:vol_08	661	1
journal_of_discourses:vol_08	691	1
journal_of_discourses:vol_08	741	1
journal_of_discourses:vol_08	751	1
journal_of_discourses:vol_08	758	1
journal_of_discourses:vol_08	762	1
journal_of_discourses:vol_08	767	1
journal_of_discourses:vol_08	772	1
journal_of_discourses:vol_08	805	1
journal_of_discourses:vol_08	808	1
journal_of_discourses:vol_08	821	1
journal_of_discourses:vol_08	830	1
journal_of_discourses:vol_08	835	1
journal_of_discourses:vol_08	895	1
journal_of_discourses:vol_08	900	1
journal_of_discourses:vol_08	918	1
journal_of_discourses:vol_08	926	1
journal_of_discourses:vol_09	15	1
journal_of_discourses:vol_09	24	1
journal_of_discourses:vol_09	50	1
journal_of_discourses:vol_09	58	1
journal_of_discourses:vol_09	74	1
journal_of_discourses:vol_09	107	1
journal_of_discourses:vol_09	139	1
journal_of_discourses:vol_09	156	1
journal_of_discourses:vol_09	173	1
journal_of_discourses:vol_09	225	1
journal_of_discourses:vol_09	257	1
journal_of_discourses:vol_09	313	1
journal_of_discourses:vol_09	317	1
journal_of_discourses:vol_09	322	1
journal_of_discourses:vol_09	349	1
journal_of_discourses:vol_09	364	1
journal_of_discourses:vol_09	404	1
journal_of_discourses:vol_09	408	1
journal_of_discourses:vol_09	433	1
journal_of_discourses:vol_09	455	1
journal_of_discourses:vol_09	472	1
journal_of_discourses:vol_09	477	1
journal_of_discourses:vol_09	503	1
journal_of_discourses:vol_09	504	1
journal_of_discourses:vol_09	506	1
journal_of_discourses:vol_09	509	1
journal_of_discourses:vol_09	513	1
journal_of_discourses:vol_09	555	1
journal_of_discourses:vol_09	580	1
journal_of_discourses:vol_09	588	1
journal_of_discourses:vol_09	591	1
journal_of_discourses:vol_09	593	1
journal_of_discourses:vol_09	611	1
journal_of_discourses:vol_09	619	1
journal_of_discourses:vol_09	622	1
journal_of_discourses:vol_09	630	1
journal_of_discourses:vol_09	636	1
journal_of_discourses:vol_09	640	1
journal_of_discourses:vol_09	698	1
journal_of_discourses:vol_09	709	1
journal_of_discourses:vol_09	717	1
journal_of_discourses:vol_09	745	1
journal_of_discourses:vol_09	747	1
journal_of_discourses:vol_09	751	1
journal_of_discourses:vol_09	761	1
journal_of_discourses:vol_09	776	1
journal_of_discourses:vol_09	795	1
journal_of_discourses:vol_09	816	1
journal_of_discourses:vol_09	820	1
journal_of_discourses:vol_09	821	1
journal_of_discourses:vol_09	840	1
journal_of_discourses:vol_09	861	1
journal_of_discourses:vol_09	879	1
journal_of_discourses:vol_09	903	1
journal_of_discourses:vol_10	7	1
journal_of_discourses:vol_10	56	1
journal_of_discourses:vol_10	135	1
journal_of_discourses:vol_10	147	1
journal_of_discourses:vol_10	153	1
journal_of_discourses:vol_10	175	1
journal_of_discourses:vol_10	180	1
journal_of_discourses:vol_10	183	1
journal_of_discourses:vol_10	194	1
journal_of_discourses:vol_10	205	1
journal_of_discourses:vol_10	215	1
journal_of_discourses:vol_10	219	1
journal_of_discourses:vol_10	249	1
journal_of_discourses:vol_10	252	1
journal_of_discourses:vol_10	278	1
journal_of_discourses:vol_10	311	1
journal_of_discourses:vol_10	361	1
journal_of_discourses:vol_10	373	1
journal_of_discourses:vol_10	379	1
journal_of_discourses:vol_10	393	1
journal_of_discourses:vol_10	402	1
journal_of_discourses:vol_10	404	1
journal_of_discourses:vol_10	413	1
journal_of_discourses:vol_10	434	1
journal_of_discourses:vol_10	456	1
journal_of_discourses:vol_10	475	1
journal_of_discourses:vol_10	491	1
journal_of_discourses:vol_10	503	1
journal_of_discourses:vol_10	557	1
journal_of_discourses:vol_10	596	1
journal_of_discourses:vol_10	608	1
journal_of_discourses:vol_10	610	1
journal_of_discourses:vol_10	629	1
journal_of_discourses:vol_10	640	1
journal_of_discourses:vol_10	646	1
journal_of_discourses:vol_10	651	1
journal_of_discourses:vol_10	653	1
journal_of_discourses:vol_10	656	1
journal_of_discourses:vol_10	669	1
journal_of_discourses:vol_10	670	1
journal_of_discourses:vol_10	687	1
journal_of_discourses:vol_10	741	1
journal_of_discourses:vol_10	764	1
journal_of_discourses:vol_10	850	1
journal_of_discourses:vol_10	853	1
journal_of_discourses:vol_10	867	1
journal_of_discourses:vol_10	868	1
journal_of_discourses:vol_10	869	1
journal_of_discourses:vol_10	870	1
journal_of_discourses:vol_11	5	1
journal_of_discourses:vol_11	27	1
journal_of_discourses:vol_11	46	1
journal_of_discourses:vol_11	54	1
journal_of_discourses:vol_11	69	1
journal_of_discourses:vol_11	84	1
journal_of_discourses:vol_11	85	1
journal_of_discourses:vol_11	102	1
journal_of_discourses:vol_11	128	1
journal_of_discourses:vol_11	134	1
journal_of_discourses:vol_11	138	1
journal_of_discourses:vol_11	173	1
journal_of_discourses:vol_11	187	1
journal_of_discourses:vol_11	221	1
journal_of_discourses:vol_11	222	1
journal_of_discourses:vol_11	230	1
journal_of_discourses:vol_11	273	1
journal_of_discourses:vol_11	289	1
journal_of_discourses:vol_11	292	1
journal_of_discourses:vol_11	332	1
journal_of_discourses:vol_11	333	1
journal_of_discourses:vol_11	364	1
journal_of_discourses:vol_11	382	1
journal_of_discourses:vol_11	390	1
journal_of_discourses:vol_11	399	1
journal_of_discourses:vol_11	419	1
journal_of_discourses:vol_11	475	1
journal_of_discourses:vol_11	492	1
journal_of_discourses:vol_11	497	1
journal_of_discourses:vol_11	511	1
journal_of_discourses:vol_11	527	1
journal_of_discourses:vol_11	531	1
journal_of_discourses:vol_11	544	1
journal_of_discourses:vol_11	558	1
journal_of_discourses:vol_11	576	1
journal_of_discourses:vol_11	578	1
journal_of_discourses:vol_11	579	1
journal_of_discourses:vol_11	613	1
journal_of_discourses:vol_11	643	1
journal_of_discourses:vol_11	645	1
journal_of_discourses:vol_11	658	1
journal_of_discourses:vol_11	687	1
journal_of_discourses:vol_11	733	1
journal_of_discourses:vol_11	744	1
journal_of_discourses:vol_11	767	1
journal_of_discourses:vol_11	806	1
journal_of_discourses:vol_11	809	1
journal_of_discourses:vol_11	850	1
journal_of_discourses:vol_11	860	1
journal_of_discourses:vol_12	78	1
journal_of_discourses:vol_12	93	1
journal_of_discourses:vol_12	102	1
journal_of_discourses:vol_12	138	1
journal_of_discourses:vol_12	153	1
journal_of_discourses:vol_12	158	1
journal_of_discourses:vol_12	211	1
journal_of_discourses:vol_12	214	1
journal_of_discourses:vol_12	219	1
journal_of_discourses:vol_12	254	1
journal_of_discourses:vol_12	281	1
journal_of_discourses:vol_12	285	1
journal_of_discourses:vol_12	300	1
journal_of_discourses:vol_12	320	1
journal_of_discourses:vol_12	329	1
journal_of_discourses:vol_12	338	1
journal_of_discourses:vol_12	339	1
journal_of_discourses:vol_12	364	1
journal_of_discourses:vol_12	369	1
journal_of_discourses:vol_12	375	1
journal_of_discourses:vol_12	387	1
journal_of_discourses:vol_12	436	1
journal_of_discourses:vol_12	439	1
journal_of_discourses:vol_12	455	1
journal_of_discourses:vol_12	474	1
journal_of_discourses:vol_12	529	1
journal_of_discourses:vol_12	544	1
journal_of_discourses:vol_12	549	1
journal_of_discourses:vol_12	558	1
journal_of_discourses:vol_12	561	1
journal_of_discourses:vol_12	588	1
journal_of_discourses:vol_12	591	1
journal_of_discourses:vol_12	594	1
journal_of_discourses:vol_12	600	1
journal_of_discourses:vol_12	614	1
journal_of_discourses:vol_12	630	1
journal_of_discourses:vol_12	647	1
journal_of_discourses:vol_12	653	1
journal_of_discourses:vol_12	676	1
journal_of_discourses:vol_12	742	1
journal_of_discourses:vol_12	782	1
journal_of_discourses:vol_12	799	1
journal_of_discourses:vol_12	814	1
journal_of_discourses:vol_12	869	1
journal_of_discourses:vol_12	888	1
journal_of_discourses:vol_12	898	1
journal_of_discourses:vol_13	12	1
journal_of_discourses:vol_13	14	1
journal_of_discourses:vol_13	18	1
journal_of_discourses:vol_13	26	1
journal_of_discourses:vol_13	51	1
journal_of_discourses:vol_13	81	1
journal_of_discourses:vol_13	121	1
journal_of_discourses:vol_13	139	1
journal_of_discourses:vol_13	228	1
journal_of_discourses:vol_13	234	1
journal_of_discourses:vol_13	261	1
journal_of_discourses:vol_13	317	1
journal_of_discourses:vol_13	331	1
journal_of_discourses:vol_13	335	1
journal_of_discourses:vol_13	348	1
journal_of_discourses:vol_13	353	1
journal_of_discourses:vol_13	355	1
journal_of_discourses:vol_13	366	1
journal_of_discourses:vol_13	418	1
journal_of_discourses:vol_13	422	1
journal_of_discourses:vol_13	429	1
journal_of_discourses:vol_13	456	1
journal_of_discourses:vol_13	511	1
journal_of_discourses:vol_13	547	1
journal_of_discourses:vol_13	550	1
journal_of_discourses:vol_13	568	1
journal_of_discourses:vol_13	610	1
journal_of_discourses:vol_13	633	1
journal_of_discourses:vol_13	636	1
journal_of_discourses:vol_13	664	1
journal_of_discourses:vol_13	691	1
journal_of_discourses:vol_13	763	1
journal_of_discourses:vol_13	777	1
journal_of_discourses:vol_13	796	1
journal_of_discourses:vol_13	801	1
journal_of_discourses:vol_13	809	1
journal_of_discourses:vol_13	818	1
journal_of_discourses:vol_13	819	1
journal_of_discourses:vol_13	846	1
journal_of_discourses:vol_13	851	1
journal_of_discourses:vol_14	7	1
journal_of_discourses:vol_14	13	1
journal_of_discourses:vol_14	17	1
journal_of_discourses:vol_14	59	1
journal_of_discourses:vol_14	61	1
journal_of_discourses:vol_14	95	1
journal_of_discourses:vol_14	105	1
journal_of_discourses:vol_14	115	1
journal_of_discourses:vol_14	118	1
journal_of_discourses:vol_14	121	1
journal_of_discourses:vol_14	150	1
journal_of_discourses:vol_14	152	1
journal_of_discourses:vol_14	157	1
journal_of_discourses:vol_14	159	1
journal_of_discourses:vol_14	177	1
journal_of_discourses:vol_14	200	1
journal_of_discourses:vol_14	216	1
journal_of_discourses:vol_14	228	1
journal_of_discourses:vol_14	268	1
journal_of_discourses:vol_14	292	1
journal_of_discourses:vol_14	334	1
journal_of_discourses:vol_14	335	1
journal_of_discourses:vol_14	350	1
journal_of_discourses:vol_14	367	1
journal_of_discourses:vol_14	410	1
journal_of_discourses:vol_14	420	1
journal_of_discourses:vol_14	428	1
journal_of_discourses:vol_14	449	1
journal_of_discourses:vol_14	450	1
journal_of_discourses:vol_14	453	1
journal_of_discourses:vol_14	491	1
journal_of_discourses:vol_14	501	1
journal_of_discourses:vol_14	531	1
journal_of_discourses:vol_14	534	1
journal_of_discourses:vol_14	551	1
journal_of_discourses:vol_14	555	1
journal_of_discourses:vol_14	557	1
journal_of_discourses:vol_14	560	1
journal_of_discourses:vol_14	583	1
journal_of_discourses:vol_14	632	1
journal_of_discourses:vol_14	640	1
journal_of_discourses:vol_14	651	1
journal_of_discourses:vol_14	664	1
journal_of_discourses:vol_14	670	1
journal_of_discourses:vol_14	679	1
journal_of_discourses:vol_14	723	1
journal_of_discourses:vol_14	734	1
journal_of_discourses:vol_14	770	1
journal_of_discourses:vol_14	776	1
journal_of_discourses:vol_14	803	1
journal_of_discourses:vol_14	806	1
journal_of_discourses:vol_14	809	1
journal_of_discourses:vol_14	810	1
journal_of_discourses:vol_14	818	1
journal_of_discourses:vol_14	821	1
journal_of_discourses:vol_14	831	1
journal_of_discourses:vol_14	832	1
journal_of_discourses:vol_14	843	1
journal_of_discourses:vol_15	54	1
journal_of_discourses:vol_15	65	1
journal_of_discourses:vol_15	68	1
journal_of_discourses:vol_15	93	1
journal_of_discourses:vol_15	94	1
journal_of_discourses:vol_15	112	1
journal_of_discourses:vol_15	120	1
journal_of_discourses:vol_15	121	1
journal_of_discourses:vol_15	122	1
journal_of_discourses:vol_15	123	1
journal_of_discourses:vol_15	124	1
journal_of_discourses:vol_15	126	1
journal_of_discourses:vol_15	181	1
journal_of_discourses:vol_15	209	1
journal_of_discourses:vol_15	214	1
journal_of_discourses:vol_15	243	1
journal_of_discourses:vol_15	251	1
journal_of_discourses:vol_15	276	1
journal_of_discourses:vol_15	284	1
journal_of_discourses:vol_15	325	1
journal_of_discourses:vol_15	349	1
journal_of_discourses:vol_15	355	1
journal_of_discourses:vol_15	356	1
journal_of_discourses:vol_15	385	1
journal_of_discourses:vol_15	390	1
journal_of_discourses:vol_15	409	1
journal_of_discourses:vol_15	410	1
journal_of_discourses:vol_15	424	1
journal_of_discourses:vol_15	425	1
journal_of_discourses:vol_15	428	1
journal_of_discourses:vol_15	448	1
journal_of_discourses:vol_15	460	1
journal_of_discourses:vol_15	464	1
journal_of_discourses:vol_15	475	1
journal_of_discourses:vol_15	486	1
journal_of_discourses:vol_15	500	1
journal_of_discourses:vol_15	524	1
journal_of_discourses:vol_15	530	1
journal_of_discourses:vol_15	553	1
journal_of_discourses:vol_15	556	1
journal_of_discourses:vol_15	566	1
journal_of_discourses:vol_15	572	1
journal_of_discourses:vol_15	578	1
journal_of_discourses:vol_15	599	1
journal_of_discourses:vol_15	601	1
journal_of_discourses:vol_15	655	1
journal_of_discourses:vol_15	659	1
journal_of_discourses:vol_15	663	1
journal_of_discourses:vol_15	724	1
journal_of_discourses:vol_15	727	1
journal_of_discourses:vol_15	754	1
journal_of_discourses:vol_15	756	1
journal_of_discourses:vol_15	766	1
journal_of_discourses:vol_15	771	1
journal_of_discourses:vol_15	806	1
journal_of_discourses:vol_15	820	1
journal_of_discourses:vol_15	830	1
journal_of_discourses:vol_15	833	1
journal_of_discourses:vol_15	851	1
journal_of_discourses:vol_16	22	1
journal_of_discourses:vol_16	67	1
journal_of_discourses:vol_16	69	1
journal_of_discourses:vol_16	99	1
journal_of_discourses:vol_16	116	1
journal_of_discourses:vol_16	118	1
journal_of_discourses:vol_16	130	1
journal_of_discourses:vol_16	136	1
journal_of_discourses:vol_16	140	1
journal_of_discourses:vol_16	173	1
journal_of_discourses:vol_16	187	1
journal_of_discourses:vol_16	199	1
journal_of_discourses:vol_16	201	1
journal_of_discourses:vol_16	220	1
journal_of_discourses:vol_16	229	1
journal_of_discourses:vol_16	233	1
journal_of_discourses:vol_16	241	1
journal_of_discourses:vol_16	243	1
journal_of_discourses:vol_16	278	1
journal_of_discourses:vol_16	300	1
journal_of_discourses:vol_16	310	1
journal_of_discourses:vol_16	313	1
journal_of_discourses:vol_16	317	1
journal_of_discourses:vol_16	325	1
journal_of_discourses:vol_16	355	1
journal_of_discourses:vol_16	361	1
journal_of_discourses:vol_16	386	1
journal_of_discourses:vol_16	418	1
journal_of_discourses:vol_16	425	1
journal_of_discourses:vol_16	450	1
journal_of_discourses:vol_16	451	1
journal_of_discourses:vol_16	459	1
journal_of_discourses:vol_16	464	1
journal_of_discourses:vol_16	466	1
journal_of_discourses:vol_16	472	1
journal_of_discourses:vol_16	492	1
journal_of_discourses:vol_16	504	1
journal_of_discourses:vol_16	557	1
journal_of_discourses:vol_16	559	1
journal_of_discourses:vol_16	563	1
journal_of_discourses:vol_16	567	1
journal_of_discourses:vol_16	575	1
journal_of_discourses:vol_16	583	1
journal_of_discourses:vol_16	597	1
journal_of_discourses:vol_16	608	1
journal_of_discourses:vol_16	612	1
journal_of_discourses:vol_16	633	1
journal_of_discourses:vol_16	635	1
journal_of_discourses:vol_16	664	1
journal_of_discourses:vol_16	705	1
journal_of_discourses:vol_16	713	1
journal_of_discourses:vol_16	722	1
journal_of_discourses:vol_16	725	1
journal_of_discourses:vol_16	733	1
journal_of_discourses:vol_16	736	1
journal_of_discourses:vol_16	738	1
journal_of_discourses:vol_16	760	1
journal_of_discourses:vol_16	779	1
journal_of_discourses:vol_16	780	1
journal_of_discourses:vol_16	799	1
journal_of_discourses:vol_16	811	1
journal_of_discourses:vol_16	835	1
journal_of_discourses:vol_16	851	1
journal_of_discourses:vol_17	9	1
journal_of_discourses:vol_17	15	1
journal_of_discourses:vol_17	51	1
journal_of_discourses:vol_17	64	1
journal_of_discourses:vol_17	84	1
journal_of_discourses:vol_17	86	1
journal_of_discourses:vol_17	101	1
journal_of_discourses:vol_17	117	1
journal_of_discourses:vol_17	143	1
journal_of_discourses:vol_17	265	1
journal_of_discourses:vol_17	276	1
journal_of_discourses:vol_17	299	1
journal_of_discourses:vol_17	308	1
journal_of_discourses:vol_17	327	1
journal_of_discourses:vol_17	346	1
journal_of_discourses:vol_17	357	1
journal_of_discourses:vol_17	372	1
journal_of_discourses:vol_17	387	1
journal_of_discourses:vol_17	392	1
journal_of_discourses:vol_17	393	1
journal_of_discourses:vol_17	429	1
journal_of_discourses:vol_17	432	1
journal_of_discourses:vol_17	434	1
journal_of_discourses:vol_17	438	1
journal_of_discourses:vol_17	444	1
journal_of_discourses:vol_17	458	1
journal_of_discourses:vol_17	490	1
journal_of_discourses:vol_17	536	1
journal_of_discourses:vol_17	537	1
journal_of_discourses:vol_17	552	1
journal_of_discourses:vol_17	572	1
journal_of_discourses:vol_17	587	1
journal_of_discourses:vol_17	592	1
journal_of_discourses:vol_17	594	1
journal_of_discourses:vol_17	597	1
journal_of_discourses:vol_17	608	1
journal_of_discourses:vol_17	610	1
journal_of_discourses:vol_17	616	1
journal_of_discourses:vol_17	619	1
journal_of_discourses:vol_17	659	1
journal_of_discourses:vol_17	660	1
journal_of_discourses:vol_17	691	1
journal_of_discourses:vol_17	708	1
journal_of_discourses:vol_17	714	1
journal_of_discourses:vol_17	717	1
journal_of_discourses:vol_17	737	1
journal_of_discourses:vol_17	742	1
journal_of_discourses:vol_17	743	1
journal_of_discourses:vol_17	796	1
journal_of_discourses:vol_17	826	1
journal_of_discourses:vol_17	829	1
journal_of_discourses:vol_17	838	1
journal_of_discourses:vol_17	863	1
journal_of_discourses:vol_18	13	1
journal_of_discourses:vol_18	23	1
journal_of_discourses:vol_18	46	1
journal_of_discourses:vol_18	55	1
journal_of_discourses:vol_18	76	1
journal_of_discourses:vol_18	128	1
journal_of_discourses:vol_18	139	1
journal_of_discourses:vol_18	145	1
journal_of_discourses:vol_18	146	1
journal_of_discourses:vol_18	147	1
journal_of_discourses:vol_18	150	1
journal_of_discourses:vol_18	166	1
journal_of_discourses:vol_18	176	1
journal_of_discourses:vol_18	188	1
journal_of_discourses:vol_18	203	1
journal_of_discourses:vol_18	231	1
journal_of_discourses:vol_18	257	1
journal_of_discourses:vol_18	264	1
journal_of_discourses:vol_18	265	1
journal_of_discourses:vol_18	269	1
journal_of_discourses:vol_18	337	1
journal_of_discourses:vol_18	345	1
journal_of_discourses:vol_18	359	1
journal_of_discourses:vol_18	370	1
journal_of_discourses:vol_18	373	1
journal_of_discourses:vol_18	374	1
journal_of_discourses:vol_18	397	1
journal_of_discourses:vol_18	408	1
journal_of_discourses:vol_18	424	1
journal_of_discourses:vol_18	440	1
journal_of_discourses:vol_18	472	1
journal_of_discourses:vol_18	493	1
journal_of_discourses:vol_18	494	1
journal_of_discourses:vol_18	496	1
journal_of_discourses:vol_18	503	1
journal_of_discourses:vol_18	508	1
journal_of_discourses:vol_18	513	1
journal_of_discourses:vol_18	516	1
journal_of_discourses:vol_18	590	1
journal_of_discourses:vol_18	592	1
journal_of_discourses:vol_18	596	1
journal_of_discourses:vol_18	603	1
journal_of_discourses:vol_18	607	1
journal_of_discourses:vol_18	632	1
journal_of_discourses:vol_18	633	1
journal_of_discourses:vol_18	634	1
journal_of_discourses:vol_18	666	1
journal_of_discourses:vol_18	672	1
journal_of_discourses:vol_18	683	1
journal_of_discourses:vol_18	695	1
journal_of_discourses:vol_18	704	1
journal_of_discourses:vol_18	712	1
journal_of_discourses:vol_18	717	1
journal_of_discourses:vol_18	719	1
journal_of_discourses:vol_18	735	1
journal_of_discourses:vol_18	738	1
journal_of_discourses:vol_18	744	1
journal_of_discourses:vol_18	749	1
journal_of_discourses:vol_18	753	1
journal_of_discourses:vol_18	759	1
journal_of_discourses:vol_18	761	1
journal_of_discourses:vol_18	762	1
journal_of_discourses:vol_18	768	1
journal_of_discourses:vol_18	770	1
journal_of_discourses:vol_18	783	1
journal_of_discourses:vol_18	811	1
journal_of_discourses:vol_18	815	1
journal_of_discourses:vol_18	821	1
journal_of_discourses:vol_18	822	1
journal_of_discourses:vol_18	827	1
journal_of_discourses:vol_19	2	1
journal_of_discourses:vol_19	4	1
journal_of_discourses:vol_19	5	1
journal_of_discourses:vol_19	44	1
journal_of_discourses:vol_19	58	1
journal_of_discourses:vol_19	73	1
journal_of_discourses:vol_19	76	1
journal_of_discourses:vol_19	82	1
journal_of_discourses:vol_19	83	1
journal_of_discourses:vol_19	97	1
journal_of_discourses:vol_19	108	1
journal_of_discourses:vol_19	137	1
journal_of_discourses:vol_19	149	1
journal_of_discourses:vol_19	173	1
journal_of_discourses:vol_19	183	1
journal_of_discourses:vol_19	203	1
journal_of_discourses:vol_19	233	1
journal_of_discourses:vol_19	236	1
journal_of_discourses:vol_19	237	1
journal_of_discourses:vol_19	265	1
journal_of_discourses:vol_19	287	1
journal_of_discourses:vol_19	291	1
journal_of_discourses:vol_19	391	1
journal_of_discourses:vol_19	408	1
journal_of_discourses:vol_19	415	1
journal_of_discourses:vol_19	430	1
journal_of_discourses:vol_19	440	1
journal_of_discourses:vol_19	442	1
journal_of_discourses:vol_19	467	1
journal_of_discourses:vol_19	479	1
journal_of_discourses:vol_19	487	1
journal_of_discourses:vol_19	501	1
journal_of_discourses:vol_19	568	1
journal_of_discourses:vol_19	591	1
journal_of_discourses:vol_19	593	1
journal_of_discourses:vol_19	603	1
journal_of_discourses:vol_19	605	1
journal_of_discourses:vol_19	658	1
journal_of_discourses:vol_19	665	1
journal_of_discourses:vol_19	703	1
journal_of_discourses:vol_19	714	1
journal_of_discourses:vol_19	746	1
journal_of_discourses:vol_19	759	1
journal_of_discourses:vol_19	767	1
journal_of_discourses:vol_19	807	1
journal_of_discourses:vol_19	811	1
journal_of_discourses:vol_19	840	1
journal_of_discourses:vol_19	841	1
journal_of_discourses:vol_19	846	1
journal_of_discourses:vol_19	862	1
journal_of_discourses:vol_20	35	1
journal_of_discourses:vol_20	39	1
journal_of_discourses:vol_20	43	1
journal_of_discourses:vol_20	47	1
journal_of_discourses:vol_20	48	1
journal_of_discourses:vol_20	76	1
journal_of_discourses:vol_20	120	1
journal_of_discourses:vol_20	121	1
journal_of_discourses:vol_20	133	1
journal_of_discourses:vol_20	142	1
journal_of_discourses:vol_20	161	1
journal_of_discourses:vol_20	169	1
journal_of_discourses:vol_20	193	1
journal_of_discourses:vol_20	219	1
journal_of_discourses:vol_20	250	1
journal_of_discourses:vol_20	262	1
journal_of_discourses:vol_20	302	1
journal_of_discourses:vol_20	306	1
journal_of_discourses:vol_20	318	1
journal_of_discourses:vol_20	329	1
journal_of_discourses:vol_20	333	1
journal_of_discourses:vol_20	345	1
journal_of_discourses:vol_20	405	1
journal_of_discourses:vol_20	423	1
journal_of_discourses:vol_20	427	1
journal_of_discourses:vol_20	436	1
journal_of_discourses:vol_20	470	1
journal_of_discourses:vol_20	474	1
journal_of_discourses:vol_20	481	1
journal_of_discourses:vol_20	487	1
journal_of_discourses:vol_20	489	1
journal_of_discourses:vol_20	492	1
journal_of_discourses:vol_20	498	1
journal_of_discourses:vol_20	499	1
journal_of_discourses:vol_20	505	1
journal_of_discourses:vol_20	518	1
journal_of_discourses:vol_20	530	1
journal_of_discourses:vol_20	554	1
journal_of_discourses:vol_20	572	1
journal_of_discourses:vol_20	581	1
journal_of_discourses:vol_20	588	1
journal_of_discourses:vol_20	624	1
journal_of_discourses:vol_20	633	1
journal_of_discourses:vol_20	650	1
journal_of_discourses:vol_20	721	1
journal_of_discourses:vol_20	729	1
journal_of_discourses:vol_20	763	1
journal_of_discourses:vol_20	811	1
journal_of_discourses:vol_20	825	1
journal_of_discourses:vol_20	835	1
journal_of_discourses:vol_20	845	1
journal_of_discourses:vol_20	852	1
journal_of_discourses:vol_21	6	1
journal_of_discourses:vol_21	23	1
journal_of_discourses:vol_21	34	1
journal_of_discourses:vol_21	47	1
journal_of_discourses:vol_21	107	1
journal_of_discourses:vol_21	115	1
journal_of_discourses:vol_21	146	1
journal_of_discourses:vol_21	172	1
journal_of_discourses:vol_21	192	1
journal_of_discourses:vol_21	194	1
journal_of_discourses:vol_21	198	1
journal_of_discourses:vol_21	207	1
journal_of_discourses:vol_21	208	1
journal_of_discourses:vol_21	293	1
journal_of_discourses:vol_21	325	1
journal_of_discourses:vol_21	326	1
journal_of_discourses:vol_21	330	1
journal_of_discourses:vol_21	338	1
journal_of_discourses:vol_21	357	1
journal_of_discourses:vol_21	358	1
journal_of_discourses:vol_21	416	1
journal_of_discourses:vol_21	437	1
journal_of_discourses:vol_21	443	1
journal_of_discourses:vol_21	448	1
journal_of_discourses:vol_21	469	1
journal_of_discourses:vol_21	477	1
journal_of_discourses:vol_21	499	1
journal_of_discourses:vol_21	500	1
journal_of_discourses:vol_21	506	1
journal_of_discourses:vol_21	524	1
journal_of_discourses:vol_21	534	1
journal_of_discourses:vol_21	545	1
journal_of_discourses:vol_21	560	1
journal_of_discourses:vol_21	566	1
journal_of_discourses:vol_21	600	1
journal_of_discourses:vol_21	604	1
journal_of_discourses:vol_21	607	1
journal_of_discourses:vol_21	613	1
journal_of_discourses:vol_21	684	1
journal_of_discourses:vol_21	703	1
journal_of_discourses:vol_21	716	1
journal_of_discourses:vol_21	719	1
journal_of_discourses:vol_21	786	1
journal_of_discourses:vol_21	794	1
journal_of_discourses:vol_21	795	1
journal_of_discourses:vol_21	817	1
journal_of_discourses:vol_22	25	1
journal_of_discourses:vol_22	52	1
journal_of_discourses:vol_22	96	1
journal_of_discourses:vol_22	108	1
journal_of_discourses:vol_22	129	1
journal_of_discourses:vol_22	130	1
journal_of_discourses:vol_22	133	1
journal_of_discourses:vol_22	183	1
journal_of_discourses:vol_22	196	1
journal_of_discourses:vol_22	205	1
journal_of_discourses:vol_22	240	1
journal_of_discourses:vol_22	241	1
journal_of_discourses:vol_22	276	1
journal_of_discourses:vol_22	307	1
journal_of_discourses:vol_22	334	1
journal_of_discourses:vol_22	339	1
journal_of_discourses:vol_22	361	1
journal_of_discourses:vol_22	367	1
journal_of_discourses:vol_22	376	1
journal_of_discourses:vol_22	406	1
journal_of_discourses:vol_22	411	1
journal_of_discourses:vol_22	412	1
journal_of_discourses:vol_22	444	1
journal_of_discourses:vol_22	463	1
journal_of_discourses:vol_22	465	1
journal_of_discourses:vol_22	478	1
journal_of_discourses:vol_22	498	1
journal_of_discourses:vol_22	507	1
journal_of_discourses:vol_22	508	1
journal_of_discourses:vol_22	515	1
journal_of_discourses:vol_22	527	1
journal_of_discourses:vol_22	532	1
journal_of_discourses:vol_22	535	1
journal_of_discourses:vol_22	548	1
journal_of_discourses:vol_22	558	1
journal_of_discourses:vol_22	606	1
journal_of_discourses:vol_22	630	1
journal_of_discourses:vol_22	712	1
journal_of_discourses:vol_22	717	1
journal_of_discourses:vol_22	719	1
journal_of_discourses:vol_22	722	1
journal_of_discourses:vol_22	726	1
journal_of_discourses:vol_22	742	1
journal_of_discourses:vol_22	765	1
journal_of_discourses:vol_22	772	1
journal_of_discourses:vol_22	821	1
journal_of_discourses:vol_22	838	1
journal_of_discourses:vol_22	858	1
journal_of_discourses:vol_23	10	1
journal_of_discourses:vol_23	19	1
journal_of_discourses:vol_23	20	1
journal_of_discourses:vol_23	39	1
journal_of_discourses:vol_23	144	1
journal_of_discourses:vol_23	154	1
journal_of_discourses:vol_23	175	1
journal_of_discourses:vol_23	208	1
journal_of_discourses:vol_23	284	1
journal_of_discourses:vol_23	303	1
journal_of_discourses:vol_23	356	1
journal_of_discourses:vol_23	358	1
journal_of_discourses:vol_23	374	1
journal_of_discourses:vol_23	381	1
journal_of_discourses:vol_23	383	1
journal_of_discourses:vol_23	389	1
journal_of_discourses:vol_23	391	1
journal_of_discourses:vol_23	395	1
journal_of_discourses:vol_23	397	1
journal_of_discourses:vol_23	404	1
journal_of_discourses:vol_23	410	1
journal_of_discourses:vol_23	411	1
journal_of_discourses:vol_23	416	1
journal_of_discourses:vol_23	457	1
journal_of_discourses:vol_23	461	1
journal_of_discourses:vol_23	463	1
journal_of_discourses:vol_23	475	1
journal_of_discourses:vol_23	495	1
journal_of_discourses:vol_23	496	1
journal_of_discourses:vol_23	498	1
journal_of_discourses:vol_23	503	1
journal_of_discourses:vol_23	506	1
journal_of_discourses:vol_23	516	1
journal_of_discourses:vol_23	590	1
journal_of_discourses:vol_23	608	1
journal_of_discourses:vol_23	653	1
journal_of_discourses:vol_23	662	1
journal_of_discourses:vol_23	682	1
journal_of_discourses:vol_23	684	1
journal_of_discourses:vol_23	693	1
journal_of_discourses:vol_23	697	1
journal_of_discourses:vol_23	702	1
journal_of_discourses:vol_23	704	1
journal_of_discourses:vol_23	716	1
journal_of_discourses:vol_23	737	1
journal_of_discourses:vol_23	749	1
journal_of_discourses:vol_23	753	1
journal_of_discourses:vol_23	766	1
journal_of_discourses:vol_23	786	1
journal_of_discourses:vol_23	822	1
journal_of_discourses:vol_24	2	1
journal_of_discourses:vol_24	45	1
journal_of_discourses:vol_24	56	1
journal_of_discourses:vol_24	88	1
journal_of_discourses:vol_24	121	1
journal_of_discourses:vol_24	178	1
journal_of_discourses:vol_24	193	1
journal_of_discourses:vol_24	194	1
journal_of_discourses:vol_24	216	1
journal_of_discourses:vol_24	221	1
journal_of_discourses:vol_24	225	1
journal_of_discourses:vol_24	238	1
journal_of_discourses:vol_24	247	1
journal_of_discourses:vol_24	248	1
journal_of_discourses:vol_24	288	1
journal_of_discourses:vol_24	318	1
journal_of_discourses:vol_24	338	1
journal_of_discourses:vol_24	351	1
journal_of_discourses:vol_24	362	1
journal_of_discourses:vol_24	363	1
journal_of_discourses:vol_24	377	1
journal_of_discourses:vol_24	384	1
journal_of_discourses:vol_24	404	1
journal_of_discourses:vol_24	462	1
journal_of_discourses:vol_24	481	1
journal_of_discourses:vol_24	526	1
journal_of_discourses:vol_24	558	1
journal_of_discourses:vol_24	586	1
journal_of_discourses:vol_24	588	1
journal_of_discourses:vol_24	596	1
journal_of_discourses:vol_24	620	1
journal_of_discourses:vol_24	628	1
journal_of_discourses:vol_24	636	1
journal_of_discourses:vol_24	640	1
journal_of_discourses:vol_24	659	1
journal_of_discourses:vol_24	661	1
journal_of_discourses:vol_24	677	1
journal_of_discourses:vol_24	743	1
journal_of_discourses:vol_24	771	1
journal_of_discourses:vol_24	772	1
journal_of_discourses:vol_24	805	1
journal_of_discourses:vol_24	818	1
journal_of_discourses:vol_25	50	1
journal_of_discourses:vol_25	83	1
journal_of_discourses:vol_25	90	1
journal_of_discourses:vol_25	92	1
journal_of_discourses:vol_25	145	1
journal_of_discourses:vol_25	161	1
journal_of_discourses:vol_25	175	1
journal_of_discourses:vol_25	194	1
journal_of_discourses:vol_25	325	1
journal_of_discourses:vol_25	328	1
journal_of_discourses:vol_25	331	1
journal_of_discourses:vol_25	356	1
journal_of_discourses:vol_25	370	1
journal_of_discourses:vol_25	371	1
journal_of_discourses:vol_25	414	1
journal_of_discourses:vol_25	419	1
journal_of_discourses:vol_25	434	1
journal_of_discourses:vol_25	439	1
journal_of_discourses:vol_25	443	1
journal_of_discourses:vol_25	454	1
journal_of_discourses:vol_25	511	1
journal_of_discourses:vol_25	521	1
journal_of_discourses:vol_25	554	1
journal_of_discourses:vol_25	583	1
journal_of_discourses:vol_25	616	1
journal_of_discourses:vol_25	620	1
journal_of_discourses:vol_25	649	1
journal_of_discourses:vol_25	653	1
journal_of_discourses:vol_25	654	1
journal_of_discourses:vol_25	762	1
journal_of_discourses:vol_25	804	1
journal_of_discourses:vol_25	813	1
journal_of_discourses:vol_26	2	1
journal_of_discourses:vol_26	34	1
journal_of_discourses:vol_26	43	1
journal_of_discourses:vol_26	78	1
journal_of_discourses:vol_26	97	1
journal_of_discourses:vol_26	111	1
journal_of_discourses:vol_26	117	1
journal_of_discourses:vol_26	121	1
journal_of_discourses:vol_26	142	1
journal_of_discourses:vol_26	146	1
journal_of_discourses:vol_26	147	1
journal_of_discourses:vol_26	154	1
journal_of_discourses:vol_26	157	1
journal_of_discourses:vol_26	175	1
journal_of_discourses:vol_26	178	1
journal_of_discourses:vol_26	185	1
journal_of_discourses:vol_26	187	1
journal_of_discourses:vol_26	189	1
journal_of_discourses:vol_26	217	1
journal_of_discourses:vol_26	221	1
journal_of_discourses:vol_26	241	1
journal_of_discourses:vol_26	256	1
journal_of_discourses:vol_26	282	1
journal_of_discourses:vol_26	284	1
journal_of_discourses:vol_26	303	1
journal_of_discourses:vol_26	318	1
journal_of_discourses:vol_26	345	1
journal_of_discourses:vol_26	349	1
journal_of_discourses:vol_26	411	1
journal_of_discourses:vol_26	426	1
journal_of_discourses:vol_26	452	1
journal_of_discourses:vol_26	464	1
journal_of_discourses:vol_26	476	1
journal_of_discourses:vol_26	478	1
journal_of_discourses:vol_26	512	1
journal_of_discourses:vol_26	529	1
journal_of_discourses:vol_26	530	1
journal_of_discourses:vol_26	531	1
journal_of_discourses:vol_26	533	1
journal_of_discourses:vol_26	535	1
journal_of_discourses:vol_26	546	1
journal_of_discourses:vol_26	573	1
journal_of_discourses:vol_26	619	1
journal_of_discourses:vol_26	623	1
journal_of_discourses:vol_26	634	1
journal_of_discourses:vol_26	669	1
journal_of_discourses:vol_26	700	1
journal_of_discourses:vol_26	701	1
journal_of_discourses:vol_26	712	1
journal_of_discourses:vol_26	738	1
journal_of_discourses:vol_26	739	1
journal_of_discourses:vol_26	750	1
journal_of_discourses:vol_26	763	1
journal_of_discourses:vol_26	798	1
millennial_star:millennial_star_1840_1859_1850_february_vol_17_no_05	133	1
millennial_star:millennial_star_1840_1859_1850_june_vol_18_no_20	26	1
millennial_star:millennial_star_1840_1859_1850_june_vol_18_no_20	118	1
millennial_star:millennial_star_1840_1859_1850_june_vol_18_no_20	131	1
millennial_star:millennial_star_1840_1859_1850_may_vol_18_no_22	304	1
millennial_star:millennial_star_1840_1859_1852_april_vol_14_no_09	50	1
millennial_star:millennial_star_1840_1859_1852_april_vol_14_no_09	101	1
millennial_star:millennial_star_1840_1859_1852_april_vol_14_no_09	328	1
millennial_star:millennial_star_1840_1859_1852_april_vol_14_no_09	386	1
millennial_star:millennial_star_1840_1859_1852_april_vol_14_no_09	411	1
millennial_star:millennial_star_1840_1859_1852_april_vol_14_no_09	612	1
millennial_star:millennial_star_1840_1859_1852_april_vol_14_no_09	1109	1
millennial_star:millennial_star_1840_1859_1852_august_vol_14_no_25	33	1
millennial_star:millennial_star_1840_1859_1852_august_vol_14_no_25	94	1
millennial_star:millennial_star_1840_1859_1852_august_vol_14_no_26	47	1
millennial_star:millennial_star_1840_1859_1852_august_vol_14_no_26	119	1
millennial_star:millennial_star_1840_1859_1852_august_vol_14_no_27	73	1
millennial_star:millennial_star_1840_1859_1852_december_vol_14_no_43	29	1
millennial_star:millennial_star_1840_1859_1852_december_vol_14_no_43	117	1
millennial_star:millennial_star_1840_1859_1852_december_vol_14_no_44	44	1
millennial_star:millennial_star_1840_1859_1852_december_vol_14_no_44	166	1
millennial_star:millennial_star_1840_1859_1852_december_vol_14_no_44	277	1
millennial_star:millennial_star_1840_1859_1852_december_vol_14_no_44	746	1
millennial_star:millennial_star_1840_1859_1852_december_vol_14_no_44	1011	1
millennial_star:millennial_star_1840_1859_1852_december_vol_14_no_44	1118	1
millennial_star:millennial_star_1840_1859_1852_december_vol_14_no_44	1257	1
millennial_star:millennial_star_1840_1859_1852_july_vol_14_no_21	60	1
millennial_star:millennial_star_1840_1859_1853_november_vol_15_no_04	1437	1
millennial_star:millennial_star_1840_1859_1854_february_vol_16_no_05	942	1
millennial_star:millennial_star_1840_1859_1854_february_vol_16_no_05	1242	1
millennial_star:millennial_star_1840_1859_1854_february_vol_16_no_05	1567	1
millennial_star:millennial_star_1840_1859_1854_february_vol_16_no_05	2667	1
millennial_star:millennial_star_1840_1859_1854_june_vol_16_no_24	531	1
millennial_star:millennial_star_1840_1859_1854_october_vol_16_no_43	240	1
millennial_star:millennial_star_1840_1859_1856_august_vol_18_no_32	191	1
millennial_star:millennial_star_1840_1859_1856_may_vol_18_no_20	53	1
millennial_star:millennial_star_1840_1859_1859_december_vol_21_no_51	17	1
millennial_star:millennial_star_1840_1859_1859_december_vol_21_no_53	2159	1
millennial_star:millennial_star_1840_1859_1859_december_vol_21_no_53	5407	1
millennial_star:millennial_star_1840_1859_1859_december_vol_21_no_53	5880	1
millennial_star:millennial_star_1840_1859_1859_december_vol_21_no_53	6200	1
millennial_star:millennial_star_1840_1859_1859_december_vol_21_no_53	10423	1
millennial_star:millennial_star_1840_1859_1859_december_vol_21_no_53	15164	1
millennial_star:millennial_star_1840_1859_1859_december_vol_21_no_53	17038	1
millennial_star:millennial_star_1840_1859_1859_december_vol_21_no_53	19332	1
millennial_star:millennial_star_1840_1859_1859_december_vol_21_no_53	20557	1
millennial_star:millennial_star_1840_1859_1859_march_vol_21_no_11	121	1
millennial_star:millennial_star_1840_1859_1859_october_vol_21_no_43	484	1
pioneer_journals:lucy_mack_smith_history	72	1
pioneer_journals:lucy_mack_smith_history	85	1
pioneer_journals:lucy_mack_smith_history	152	1
pioneer_journals:lucy_mack_smith_history	319	1
pioneer_journals:lucy_mack_smith_history	323	1
pioneer_journals:lucy_mack_smith_history	336	1
pioneer_journals:lucy_mack_smith_history	375	1
pioneer_journals:lucy_mack_smith_history	378	1
pioneer_journals:lucy_mack_smith_history	380	1
pioneer_journals:lucy_mack_smith_history	524	1
pioneer_journals:lucy_mack_smith_history	525	1
pioneer_journals:lucy_mack_smith_history	530	1
pioneer_journals:lucy_mack_smith_history	606	1
pioneer_journals:lucy_mack_smith_history	612	1
pioneer_journals:lucy_mack_smith_history	735	1
pioneer_journals:lucy_mack_smith_history	826	1
pioneer_journals:lucy_mack_smith_history	838	1
pioneer_journals:lucy_mack_smith_history	947	1
pioneer_journals:lucy_mack_smith_history	955	1
pioneer_journals:lucy_mack_smith_history	977	1
pioneer_journals:lucy_mack_smith_history	1050	1
pioneer_journals:lucy_mack_smith_history	1051	1
pioneer_journals:lucy_mack_smith_history	1140	1
pioneer_journals:lucy_mack_smith_history	1141	1
pioneer_journals:lucy_mack_smith_history	1145	1
pioneer_journals:lucy_mack_smith_history	1183	1
pioneer_journals:lucy_mack_smith_history	1197	1
pioneer_journals:lucy_mack_smith_history	1260	1
pioneer_journals:lucy_mack_smith_history	1265	1
pioneer_journals:wilford_woodruff_journals	17	1
pioneer_journals:wilford_woodruff_journals	90	1
pioneer_journals:wilford_woodruff_journals	99	1
pioneer_journals:wilford_woodruff_journals	141	1
pioneer_journals:wilford_woodruff_journals	181	1
pioneer_journals:wilford_woodruff_journals	206	1
pioneer_journals:wilford_woodruff_journals	279	1
pioneer_journals:wilford_woodruff_journals	295	1
pioneer_journals:wilford_woodruff_journals	315	1
pioneer_journals:wilford_woodruff_journals	334	1
pioneer_journals:wilford_woodruff_journals	347	1
pioneer_journals:wilford_woodruff_journals	358	1
pioneer_journals:wilford_woodruff_journals	390	1
pioneer_journals:wilford_woodruff_journals	417	1
pioneer_journals:wilford_woodruff_journals	425	1
pioneer_journals:wilford_woodruff_journals	500	1
pioneer_journals:wilford_woodruff_journals	506	1
pioneer_journals:wilford_woodruff_journals	565	1
pioneer_journals:wilford_woodruff_journals	648	1
pioneer_journals:wilford_woodruff_journals	686	1
pioneer_journals:wilford_woodruff_journals	690	1
pioneer_journals:wilford_woodruff_journals	697	1
pioneer_journals:wilford_woodruff_journals	719	1
pioneer_journals:wilford_woodruff_journals	720	1
pioneer_journals:wilford_woodruff_journals	739	1
pioneer_journals:wilford_woodruff_journals	774	1
pioneer_journals:wilford_woodruff_journals	775	1
pioneer_journals:wilford_woodruff_journals	787	1
pioneer_journals:wilford_woodruff_journals	788	1
pioneer_journals:wilford_woodruff_journals	794	1
pioneer_journals:wilford_woodruff_journals	796	1
pioneer_journals:wilford_woodruff_journals	898	1
pioneer_journals:wilford_woodruff_journals	917	1
pioneer_journals:wilford_woodruff_journals	962	1
pioneer_journals:wilford_woodruff_journals	978	1
pioneer_journals:wilford_woodruff_journals	999	1
pioneer_journals:wilford_woodruff_journals	1048	1
pioneer_journals:wilford_woodruff_journals	1066	1
pioneer_journals:wilford_woodruff_journals	1139	1
pioneer_journals:wilford_woodruff_journals	1244	1
pioneer_journals:wilford_woodruff_journals	1303	1
pioneer_journals:wilford_woodruff_journals	1334	1
pioneer_journals:wilford_woodruff_journals	1486	1
pioneer_journals:wilford_woodruff_journals	1512	1
pioneer_journals:wilford_woodruff_journals	1521	1
pioneer_journals:wilford_woodruff_journals	1536	1
pioneer_journals:wilford_woodruff_journals	1687	1
pioneer_journals:wilford_woodruff_journals	1706	1
pioneer_journals:wilford_woodruff_journals	1733	1
pioneer_journals:wilford_woodruff_journals	1744	1
pioneer_journals:wilford_woodruff_journals	1817	1
pioneer_journals:wilford_woodruff_journals	1828	1
pioneer_journals:wilford_woodruff_journals	1830	1
pioneer_journals:wilford_woodruff_journals	2127	1
pioneer_journals:wilford_woodruff_journals	2180	1
pioneer_journals:wilford_woodruff_journals	2240	1
pioneer_journals:wilford_woodruff_journals	2275	1
pioneer_journals:wilford_woodruff_journals	2296	1
pioneer_journals:wilford_woodruff_journals	2338	1
pioneer_journals:wilford_woodruff_journals	2353	1
pioneer_journals:wilford_woodruff_journals	2369	1
pioneer_journals:wilford_woodruff_journals	2411	1
pioneer_journals:wilford_woodruff_journals	2445	1
pioneer_journals:wilford_woodruff_journals	2456	1
pioneer_journals:wilford_woodruff_journals	2511	1
pioneer_journals:wilford_woodruff_journals	2579	1
pioneer_journals:wilford_woodruff_journals	2612	1
pioneer_journals:wilford_woodruff_journals	2643	1
pioneer_journals:wilford_woodruff_journals	2674	1
pioneer_journals:wilford_woodruff_journals	2729	1
pioneer_journals:wilford_woodruff_journals	2772	1
pioneer_journals:wilford_woodruff_journals	2798	1
pioneer_journals:wilford_woodruff_journals	2814	1
pioneer_journals:wilford_woodruff_journals	2819	1
pioneer_journals:wilford_woodruff_journals	2842	1
pioneer_journals:wilford_woodruff_journals	2846	1
pioneer_journals:wilford_woodruff_journals	2861	1
pioneer_journals:wilford_woodruff_journals	2881	1
pioneer_journals:wilford_woodruff_journals	2897	1
pioneer_journals:wilford_woodruff_journals	2900	1
pioneer_journals:wilford_woodruff_journals	2912	1
pioneer_journals:wilford_woodruff_journals	2923	1
pioneer_journals:wilford_woodruff_journals	2926	1
pioneer_journals:wilford_woodruff_journals	2937	1
pioneer_journals:wilford_woodruff_journals	2939	1
pioneer_journals:wilford_woodruff_journals	2946	1
pioneer_journals:wilford_woodruff_journals	2951	1
pioneer_journals:wilford_woodruff_journals	2955	1
pioneer_journals:wilford_woodruff_journals	2959	1
times_and_seasons:times_and_seasons_1839_1846_1839_december_vol_04_no_02	20	1
times_and_seasons:times_and_seasons_1839_1846_1839_december_vol_04_no_02	94	1
times_and_seasons:times_and_seasons_1839_1846_1839_december_vol_04_no_02	122	1
times_and_seasons:times_and_seasons_1839_1846_1839_july_vol_01_no_01	4	1
times_and_seasons:times_and_seasons_1839_1846_1839_july_vol_01_no_01	36	1
times_and_seasons:times_and_seasons_1839_1846_1839_july_vol_01_no_01	97	1
times_and_seasons:times_and_seasons_1839_1846_1840_april_vol_01_no_06	40	1
times_and_seasons:times_and_seasons_1839_1846_1840_april_vol_01_no_06	187	1
times_and_seasons:times_and_seasons_1839_1846_1840_april_vol_01_no_06	325	1
times_and_seasons:times_and_seasons_1839_1846_1840_april_vol_01_no_06	411	1
times_and_seasons:times_and_seasons_1839_1846_1840_april_vol_01_no_06	599	1
times_and_seasons:times_and_seasons_1839_1846_1840_april_vol_01_no_06	619	1
times_and_seasons:times_and_seasons_1839_1846_1840_april_vol_01_no_06	672	1
times_and_seasons:times_and_seasons_1839_1846_1840_december_vol_02_no_04	31	1
times_and_seasons:times_and_seasons_1839_1846_1840_january_vol_01_no_03	6	1
times_and_seasons:times_and_seasons_1839_1846_1840_january_vol_01_no_03	106	1
times_and_seasons:times_and_seasons_1839_1846_1840_march_vol_01_no_05	13	1
times_and_seasons:times_and_seasons_1839_1846_1840_march_vol_01_no_05	68	1
times_and_seasons:times_and_seasons_1839_1846_1840_march_vol_01_no_05	91	1
times_and_seasons:times_and_seasons_1839_1846_1840_september_vol_01_no_11	241	1
times_and_seasons:times_and_seasons_1839_1846_1840_september_vol_01_no_11	314	1
times_and_seasons:times_and_seasons_1839_1846_1840_september_vol_01_no_11	338	1
times_and_seasons:times_and_seasons_1839_1846_1840_september_vol_01_no_11	358	1
times_and_seasons:times_and_seasons_1839_1846_1840_september_vol_01_no_11	406	1
times_and_seasons:times_and_seasons_1839_1846_1840_september_vol_01_no_11	497	1
times_and_seasons:times_and_seasons_1839_1846_1840_september_vol_01_no_11	522	1
times_and_seasons:times_and_seasons_1839_1846_1840_september_vol_01_no_11	677	1
times_and_seasons:times_and_seasons_1839_1846_1841_april_vol_02_no_11	15	1
times_and_seasons:times_and_seasons_1839_1846_1841_april_vol_02_no_11	165	1
times_and_seasons:times_and_seasons_1839_1846_1841_april_vol_02_no_11	229	1
times_and_seasons:times_and_seasons_1839_1846_1841_april_vol_02_no_11	354	1
times_and_seasons:times_and_seasons_1839_1846_1841_april_vol_02_no_11	528	1
times_and_seasons:times_and_seasons_1839_1846_1841_february_vol_02_no_07	19	1
times_and_seasons:times_and_seasons_1839_1846_1841_february_vol_02_no_07	22	1
times_and_seasons:times_and_seasons_1839_1846_1841_february_vol_02_no_07	24	1
times_and_seasons:times_and_seasons_1839_1846_1841_february_vol_02_no_07	50	1
times_and_seasons:times_and_seasons_1839_1846_1841_february_vol_02_no_07	74	1
times_and_seasons:times_and_seasons_1839_1846_1841_february_vol_02_no_07	125	1
times_and_seasons:times_and_seasons_1839_1846_1841_february_vol_02_no_07	160	1
times_and_seasons:times_and_seasons_1839_1846_1841_january_vol_02_no_05	20	1
times_and_seasons:times_and_seasons_1839_1846_1841_january_vol_02_no_05	41	1
times_and_seasons:times_and_seasons_1839_1846_1841_january_vol_02_no_05	110	1
times_and_seasons:times_and_seasons_1839_1846_1841_june_vol_02_no_15	45	1
times_and_seasons:times_and_seasons_1839_1846_1841_june_vol_02_no_15	120	1
times_and_seasons:times_and_seasons_1839_1846_1841_june_vol_02_no_15	127	1
times_and_seasons:times_and_seasons_1839_1846_1841_june_vol_02_no_15	128	1
times_and_seasons:times_and_seasons_1839_1846_1841_june_vol_02_no_15	142	1
times_and_seasons:times_and_seasons_1839_1846_1841_june_vol_02_no_15	200	1
times_and_seasons:times_and_seasons_1839_1846_1841_june_vol_02_no_15	232	1
times_and_seasons:times_and_seasons_1839_1846_1841_june_vol_02_no_15	751	1
times_and_seasons:times_and_seasons_1839_1846_1841_june_vol_02_no_15	890	1
times_and_seasons:times_and_seasons_1839_1846_1841_june_vol_02_no_15	1133	1
times_and_seasons:times_and_seasons_1839_1846_1841_june_vol_02_no_15	1561	1
times_and_seasons:times_and_seasons_1839_1846_1841_june_vol_02_no_15	1674	1
times_and_seasons:times_and_seasons_1839_1846_1841_june_vol_02_no_15	1686	1
times_and_seasons:times_and_seasons_1839_1846_1841_june_vol_02_no_15	1714	1
times_and_seasons:times_and_seasons_1839_1846_1841_june_vol_02_no_15	1863	1
times_and_seasons:times_and_seasons_1839_1846_1841_june_vol_02_no_15	1868	1
times_and_seasons:times_and_seasons_1839_1846_1841_june_vol_02_no_15	1959	1
times_and_seasons:times_and_seasons_1839_1846_1841_june_vol_02_no_15	2012	1
times_and_seasons:times_and_seasons_1839_1846_1841_june_vol_02_no_15	2260	1
times_and_seasons:times_and_seasons_1839_1846_1841_june_vol_02_no_15	2263	1
times_and_seasons:times_and_seasons_1839_1846_1841_june_vol_02_no_15	2268	1
times_and_seasons:times_and_seasons_1839_1846_1841_june_vol_02_no_15	2279	1
times_and_seasons:times_and_seasons_1839_1846_1841_june_vol_02_no_15	2287	1
times_and_seasons:times_and_seasons_1839_1846_1841_june_vol_02_no_15	2365	1
times_and_seasons:times_and_seasons_1839_1846_1841_june_vol_02_no_15	2405	1
times_and_seasons:times_and_seasons_1839_1846_1841_june_vol_02_no_15	2413	1
times_and_seasons:times_and_seasons_1839_1846_1841_june_vol_02_no_15	2544	1
times_and_seasons:times_and_seasons_1839_1846_1841_june_vol_02_no_15	2551	1
times_and_seasons:times_and_seasons_1839_1846_1841_june_vol_02_no_15	2580	1
times_and_seasons:times_and_seasons_1839_1846_1841_june_vol_02_no_15	2867	1
times_and_seasons:times_and_seasons_1839_1846_1841_june_vol_02_no_15	3026	1
times_and_seasons:times_and_seasons_1839_1846_1841_june_vol_02_no_15	3081	1
times_and_seasons:times_and_seasons_1839_1846_1841_june_vol_02_no_15	3191	1
times_and_seasons:times_and_seasons_1839_1846_1841_june_vol_02_no_15	3216	1
times_and_seasons:times_and_seasons_1839_1846_1841_june_vol_02_no_15	3250	1
times_and_seasons:times_and_seasons_1839_1846_1841_june_vol_02_no_15	3612	1
times_and_seasons:times_and_seasons_1839_1846_1841_june_vol_02_no_15	3668	1
times_and_seasons:times_and_seasons_1839_1846_1841_june_vol_02_no_15	3827	1
times_and_seasons:times_and_seasons_1839_1846_1841_june_vol_02_no_15	3855	1
times_and_seasons:times_and_seasons_1839_1846_1841_june_vol_02_no_15	3945	1
times_and_seasons:times_and_seasons_1839_1846_1841_march_vol_02_no_09	32	1
times_and_seasons:times_and_seasons_1839_1846_1841_march_vol_02_no_09	104	1
times_and_seasons:times_and_seasons_1839_1846_1842_july_vol_03_no_17	19	1
times_and_seasons:times_and_seasons_1839_1846_1842_july_vol_03_no_17	221	1
times_and_seasons:times_and_seasons_1839_1846_1842_july_vol_03_no_17	728	1
times_and_seasons:times_and_seasons_1839_1846_1842_july_vol_03_no_17	1191	1
times_and_seasons:times_and_seasons_1839_1846_1842_july_vol_03_no_17	1233	1
times_and_seasons:times_and_seasons_1839_1846_1842_july_vol_03_no_17	3119	1
times_and_seasons:times_and_seasons_1839_1846_1842_july_vol_03_no_17	4138	1
times_and_seasons:times_and_seasons_1839_1846_1842_july_vol_03_no_17	4795	1
times_and_seasons:times_and_seasons_1839_1846_1844_august_vol_05_no_34	231	1
times_and_seasons:times_and_seasons_1839_1846_1844_january_vol_05_no_02	214	1
times_and_seasons:times_and_seasons_1839_1846_1844_march_vol_05_no_00	63	1
times_and_seasons:times_and_seasons_1839_1846_1844_november_vol_05_no_21	359	1
times_and_seasons:times_and_seasons_1839_1846_1844_november_vol_05_no_21	389	1
times_and_seasons:times_and_seasons_1839_1846_1844_november_vol_05_no_21	507	1
times_and_seasons:times_and_seasons_1839_1846_1844_november_vol_05_no_21	510	1
times_and_seasons:times_and_seasons_1839_1846_1844_november_vol_05_no_21	1470	1
times_and_seasons:times_and_seasons_1839_1846_1844_november_vol_05_no_21	2381	1
times_and_seasons:times_and_seasons_1839_1846_1844_november_vol_05_no_21	2745	1
times_and_seasons:times_and_seasons_1839_1846_1845_july_vol_06_no_13	517	1
times_and_seasons:times_and_seasons_1839_1846_1845_july_vol_06_no_13	521	1
times_and_seasons:times_and_seasons_1839_1846_1845_june_vol_06_no_11	157	1
times_and_seasons:times_and_seasons_1839_1846_1845_november_vol_06_no_17	9	1
