Everything up-to-date
fatal: Unable to create '/Users/reify/Classified/wescripture/.git/index.lock': File exists.

Another git process seems to be running in this repository, e.g.
an editor opened by 'git commit'. Please make sure all processes
are terminated then try again. If it still fails, a git process
may have crashed in this repository earlier:
remove the file manually to continue.
Traceback (most recent call last):
  File "/Users/reify/Classified/wescripture/lds_pipeline/task_worker.py", line 314, in <module>
    main()
  File "/Users/reify/Classified/wescripture/lds_pipeline/task_worker.py", line 258, in main
    new_commit = git_commit_work(tid, d.summary)
  File "/Users/reify/Classified/wescripture/lds_pipeline/task_worker.py", line 164, in git_commit_work
    run(["git", "add", "-A"])
  File "/Users/reify/Classified/wescripture/lds_pipeline/task_worker.py", line 81, in run
    return subprocess.run(
  File "/Library/Developer/CommandLineTools/Library/Frameworks/Python3.framework/Versions/3.9/lib/python3.9/subprocess.py", line 528, in run
    raise CalledProcessError(retcode, process.args,
subprocess.CalledProcessError: Command '['git', 'add', '-A']' returned non-zero exit status 128.
  [ledger] push failed: Command '['git', 'commit', '-m', 'ledger: task_reopened T-0067']' returned non-zero exit status 1.
To https://github.com/reif-is-a-foofie/wescripture.git
 ! [remote rejected]   main -> main (cannot lock ref 'refs/heads/main': is at 9f61ef99c73047a1e07b8f10ba0e94f6f3797e2a but expected 2cf5dbe58d56dd100000f93e5d6831074abce8fb)
error: failed to push some refs to 'https://github.com/reif-is-a-foofie/wescripture.git'
  [ledger] push failed: fatal: Unable to create '/Users/reify/Classified/wescripture/.git/index.lock': File exists.

Another git process seems to be running in this repository, e.g.
an editor opened by 'git commit'. Please make sure all processes
are terminated then try again. If it still fails, a git process
may have crashed in this repository earlier:
remove the file manually to continue.

To https://github.com/reif-is-a-foofie/wescripture.git
   d6b47073..ae017fc6  main -> main
Everything up-to-date
Everything up-to-date
  [ledger] push failed: fatal: Unable to create '/Users/reify/Classified/wescripture/.git/index.lock': File exists.

Another git process seems to be running in this repository, e.g.
an editor opened by 'git commit'. Please make sure all processes
are terminated then try again. If it still fails, a git process
may have crashed in this repository earlier:
remove the file manually to continue.

To https://github.com/reif-is-a-foofie/wescripture.git
   b1ae85a5..0766f9bd  main -> main
To https://github.com/reif-is-a-foofie/wescripture.git
 ! [remote rejected]   main -> main (cannot lock ref 'refs/heads/main': is at 1ce23b54dc2a8c8dce1c80d2ceaf6f2e9963f428 but expected 358fc6cedba671277bdedf89dc3891b9f6233bdd)
error: failed to push some refs to 'https://github.com/reif-is-a-foofie/wescripture.git'
task_followup: Ollama error: timed out
  [ledger] push failed: fatal: Unable to create '/Users/reify/Classified/wescripture/.git/index.lock': File exists.

Another git process seems to be running in this repository, e.g.
an editor opened by 'git commit'. Please make sure all processes
are terminated then try again. If it still fails, a git process
may have crashed in this repository earlier:
remove the file manually to continue.

To https://github.com/reif-is-a-foofie/wescripture.git
 ! [remote rejected]   main -> main (cannot lock ref 'refs/heads/main': is at 201473f70cd630679e4d7f5dfe5ac55c6b75d2c9 but expected 3321fec1cea1721370cfdca3f3d0a272061bdb8e)
error: failed to push some refs to 'https://github.com/reif-is-a-foofie/wescripture.git'
  [ledger] push failed: fatal: Unable to create '/Users/reify/Classified/wescripture/.git/index.lock': File exists.

Another git process seems to be running in this repository, e.g.
an editor opened by 'git commit'. Please make sure all processes
are terminated then try again. If it still fails, a git process
may have crashed in this repository earlier:
remove the file manually to continue.

To https://github.com/reif-is-a-foofie/wescripture.git
 ! [remote rejected]   main -> main (cannot lock ref 'refs/heads/main': is at dea9c0fcc946f51c4663d301adf7755476749d1f but expected 7a131e577c72a272f17280519cd7d5e0a42853aa)
error: failed to push some refs to 'https://github.com/reif-is-a-foofie/wescripture.git'
  [ledger] push failed: fatal: Unable to create '/Users/reify/Classified/wescripture/.git/index.lock': File exists.

Another git process seems to be running in this repository, e.g.
an editor opened by 'git commit'. Please make sure all processes
are terminated then try again. If it still fails, a git process
may have crashed in this repository earlier:
remove the file manually to continue.

To https://github.com/reif-is-a-foofie/wescripture.git
   c377350b..35ef895f  main -> main
  [ledger] push failed: fatal: Unable to create '/Users/reify/Classified/wescripture/.git/index.lock': File exists.

Another git process seems to be running in this repository, e.g.
an editor opened by 'git commit'. Please make sure all processes
are terminated then try again. If it still fails, a git process
may have crashed in this repository earlier:
remove the file manually to continue.

To https://github.com/reif-is-a-foofie/wescripture.git
 ! [remote rejected]   main -> main (cannot lock ref 'refs/heads/main': is at 1a3ba31c8ae9f3c126b947479a98d6b962ad1d73 but expected 850af7b37a64445e14d0672e024c190b7edcf370)
error: failed to push some refs to 'https://github.com/reif-is-a-foofie/wescripture.git'
  [ledger] push failed: fatal: Unable to create '/Users/reify/Classified/wescripture/.git/index.lock': File exists.

Another git process seems to be running in this repository, e.g.
an editor opened by 'git commit'. Please make sure all processes
are terminated then try again. If it still fails, a git process
may have crashed in this repository earlier:
remove the file manually to continue.

To https://github.com/reif-is-a-foofie/wescripture.git
 ! [remote rejected]   main -> main (cannot lock ref 'refs/heads/main': is at 0251b55bb2f448622f2d0785fd2ad1912d8bb744 but expected 4d908e4a505588216b3feeaa5fc33f88b0db1e05)
error: failed to push some refs to 'https://github.com/reif-is-a-foofie/wescripture.git'
Everything up-to-date
  [ledger] push failed: fatal: Unable to create '/Users/reify/Classified/wescripture/.git/index.lock': File exists.

Another git process seems to be running in this repository, e.g.
an editor opened by 'git commit'. Please make sure all processes
are terminated then try again. If it still fails, a git process
may have crashed in this repository earlier:
remove the file manually to continue.

To https://github.com/reif-is-a-foofie/wescripture.git
   6dd65ea6..6a459628  main -> main
  [ledger] push failed: fatal: Unable to create '/Users/reify/Classified/wescripture/.git/index.lock': File exists.

Another git process seems to be running in this repository, e.g.
an editor opened by 'git commit'. Please make sure all processes
are terminated then try again. If it still fails, a git process
may have crashed in this repository earlier:
remove the file manually to continue.

To https://github.com/reif-is-a-foofie/wescripture.git
   63d4bde9..5ab8b218  main -> main
  [ledger] push failed: fatal: Unable to create '/Users/reify/Classified/wescripture/.git/index.lock': File exists.

Another git process seems to be running in this repository, e.g.
an editor opened by 'git commit'. Please make sure all processes
are terminated then try again. If it still fails, a git process
may have crashed in this repository earlier:
remove the file manually to continue.

To https://github.com/reif-is-a-foofie/wescripture.git
 ! [remote rejected]   main -> main (cannot lock ref 'refs/heads/main': is at 52cba394fe3a4d65ba0ed3af98b15928a25bf138 but expected 442c04d11e9ab357145b0ecaf75ef9cdbfa663ea)
error: failed to push some refs to 'https://github.com/reif-is-a-foofie/wescripture.git'
  [ledger] push failed: fatal: Unable to create '/Users/reify/Classified/wescripture/.git/index.lock': File exists.

Another git process seems to be running in this repository, e.g.
an editor opened by 'git commit'. Please make sure all processes
are terminated then try again. If it still fails, a git process
may have crashed in this repository earlier:
remove the file manually to continue.

To https://github.com/reif-is-a-foofie/wescripture.git
 ! [remote rejected]   main -> main (cannot lock ref 'refs/heads/main': is at 957344cf0af6c7d5b6e8aa34c577ec4e06d83154 but expected 41c1e7abc2be274700a40ca3cc4a480f46ffcf21)
error: failed to push some refs to 'https://github.com/reif-is-a-foofie/wescripture.git'
  [ledger] push failed: fatal: Unable to create '/Users/reify/Classified/wescripture/.git/index.lock': File exists.

Another git process seems to be running in this repository, e.g.
an editor opened by 'git commit'. Please make sure all processes
are terminated then try again. If it still fails, a git process
may have crashed in this repository earlier:
remove the file manually to continue.

To https://github.com/reif-is-a-foofie/wescripture.git
   d360649b..8cbc7bb3  main -> main
  [ledger] push failed: fatal: Unable to create '/Users/reify/Classified/wescripture/.git/index.lock': File exists.

Another git process seems to be running in this repository, e.g.
an editor opened by 'git commit'. Please make sure all processes
are terminated then try again. If it still fails, a git process
may have crashed in this repository earlier:
remove the file manually to continue.

To https://github.com/reif-is-a-foofie/wescripture.git
 ! [remote rejected]   main -> main (cannot lock ref 'refs/heads/main': is at 24ded42928503947a5e16171a2924379841ed451 but expected efb67cdd087bfa6802d9b4aa48a2d3e0b1f1d9e7)
error: failed to push some refs to 'https://github.com/reif-is-a-foofie/wescripture.git'
  [ledger] push failed: To https://github.com/reif-is-a-foofie/wescripture.git
 ! [remote rejected]   main -> main (cannot lock ref 'refs/heads/main': is at f85a2def38b0415b62a2c5b74ab4385f724cf221 but expected 31902d964896a1a2d3191eedf4c252c62048dd8d)
error: failed to push some refs to 'https://github.com/reif-is-a-foofie/wescripture.git'

To https://github.com/reif-is-a-foofie/wescripture.git
   f85a2def..0319cea8  main -> main
  [ledger] push failed: fatal: Unable to create '/Users/reify/Classified/wescripture/.git/index.lock': File exists.

Another git process seems to be running in this repository, e.g.
an editor opened by 'git commit'. Please make sure all processes
are terminated then try again. If it still fails, a git process
may have crashed in this repository earlier:
remove the file manually to continue.

To https://github.com/reif-is-a-foofie/wescripture.git
 ! [remote rejected]   main -> main (cannot lock ref 'refs/heads/main': is at da3d8b122b092bf66d7933f5470d3c2692ca3f73 but expected 0319cea8e786a3da66ec5c04468f7eec0f8e3173)
error: failed to push some refs to 'https://github.com/reif-is-a-foofie/wescripture.git'
  [ledger] push failed: fatal: Unable to create '/Users/reify/Classified/wescripture/.git/index.lock': File exists.

Another git process seems to be running in this repository, e.g.
an editor opened by 'git commit'. Please make sure all processes
are terminated then try again. If it still fails, a git process
may have crashed in this repository earlier:
remove the file manually to continue.

To https://github.com/reif-is-a-foofie/wescripture.git
 ! [remote rejected]   main -> main (cannot lock ref 'refs/heads/main': is at 0211a73d30627cd7df7763fff0d2d65c863f4584 but expected d6b24b92ce4082b462e1dea3bb4fc4768a7f6195)
error: failed to push some refs to 'https://github.com/reif-is-a-foofie/wescripture.git'
  [ledger] push failed: To https://github.com/reif-is-a-foofie/wescripture.git
 ! [remote rejected]   main -> main (cannot lock ref 'refs/heads/main': is at 57dcd0a5bbfc4b5a00c1d751730e8dab0bcc7bd7 but expected 303ce542557553b64ebe3760d8545b32f3076eeb)
error: failed to push some refs to 'https://github.com/reif-is-a-foofie/wescripture.git'

Everything up-to-date
  [ledger] push failed: To https://github.com/reif-is-a-foofie/wescripture.git
 ! [remote rejected]   main -> main (cannot lock ref 'refs/heads/main': is at 1055336a429b9adb4b4013243018b042a6035b96 but expected 57dcd0a5bbfc4b5a00c1d751730e8dab0bcc7bd7)
error: failed to push some refs to 'https://github.com/reif-is-a-foofie/wescripture.git'

To https://github.com/reif-is-a-foofie/wescripture.git
   1055336a..47ddd38d  main -> main
  [ledger] push failed: To https://github.com/reif-is-a-foofie/wescripture.git
 ! [remote rejected]   main -> main (cannot lock ref 'refs/heads/main': is at e6b354244f3fca9540a64195dee7969087f797db but expected 47ddd38daa3ca1dcc53c723ddc263150aa14291d)
error: failed to push some refs to 'https://github.com/reif-is-a-foofie/wescripture.git'

To https://github.com/reif-is-a-foofie/wescripture.git
   e6b35424..8539afac  main -> main
Everything up-to-date
  [ledger] push failed: fatal: Unable to create '/Users/reify/Classified/wescripture/.git/index.lock': File exists.

Another git process seems to be running in this repository, e.g.
an editor opened by 'git commit'. Please make sure all processes
are terminated then try again. If it still fails, a git process
may have crashed in this repository earlier:
remove the file manually to continue.

To https://github.com/reif-is-a-foofie/wescripture.git
   2b03155f..b8dcf7f7  main -> main
  [ledger] push failed: fatal: Unable to create '/Users/reify/Classified/wescripture/.git/index.lock': File exists.

Another git process seems to be running in this repository, e.g.
an editor opened by 'git commit'. Please make sure all processes
are terminated then try again. If it still fails, a git process
may have crashed in this repository earlier:
remove the file manually to continue.

  [ledger] push failed: To https://github.com/reif-is-a-foofie/wescripture.git
 ! [remote rejected]   main -> main (cannot lock ref 'refs/heads/main': is at a55a2319150ca207a8c044b1fec93903162d3f3a but expected 094a551ee9017cf71ea2a61f79d184800eb726ca)
error: failed to push some refs to 'https://github.com/reif-is-a-foofie/wescripture.git'

Everything up-to-date
  [ledger] push failed: fatal: Unable to create '/Users/reify/Classified/wescripture/.git/index.lock': File exists.

Another git process seems to be running in this repository, e.g.
an editor opened by 'git commit'. Please make sure all processes
are terminated then try again. If it still fails, a git process
may have crashed in this repository earlier:
remove the file manually to continue.

To https://github.com/reif-is-a-foofie/wescripture.git
 ! [remote rejected]   main -> main (cannot lock ref 'refs/heads/main': is at b9bb30cb971904da3e5efb5a08d3735247769a2e but expected ec0de6dc633585afc20e0c015e148764282c782f)
error: failed to push some refs to 'https://github.com/reif-is-a-foofie/wescripture.git'
  [ledger] push failed: fatal: Unable to create '/Users/reify/Classified/wescripture/.git/index.lock': File exists.

Another git process seems to be running in this repository, e.g.
an editor opened by 'git commit'. Please make sure all processes
are terminated then try again. If it still fails, a git process
may have crashed in this repository earlier:
remove the file manually to continue.

To https://github.com/reif-is-a-foofie/wescripture.git
 ! [remote rejected]   main -> main (cannot lock ref 'refs/heads/main': is at e50f677b9cd3bfa4e0a04624262cd2ced48b0fb0 but expected e6efa517c15caf26bc7d7839971c7f26ef3a3243)
error: failed to push some refs to 'https://github.com/reif-is-a-foofie/wescripture.git'
Everything up-to-date
  [ledger] push failed: fatal: Unable to create '/Users/reify/Classified/wescripture/.git/index.lock': File exists.

Another git process seems to be running in this repository, e.g.
an editor opened by 'git commit'. Please make sure all processes
are terminated then try again. If it still fails, a git process
may have crashed in this repository earlier:
remove the file manually to continue.

To https://github.com/reif-is-a-foofie/wescripture.git
 ! [remote rejected]   main -> main (cannot lock ref 'refs/heads/main': is at bf10e21bad4708a1d25f55d09c2902a1f4558fef but expected dc78dafe17474d799fbfd62d4cf563ce1fd7833a)
error: failed to push some refs to 'https://github.com/reif-is-a-foofie/wescripture.git'
  [ledger] push failed: fatal: Unable to create '/Users/reify/Classified/wescripture/.git/index.lock': File exists.

Another git process seems to be running in this repository, e.g.
an editor opened by 'git commit'. Please make sure all processes
are terminated then try again. If it still fails, a git process
may have crashed in this repository earlier:
remove the file manually to continue.

To https://github.com/reif-is-a-foofie/wescripture.git
 ! [remote rejected]   main -> main (cannot lock ref 'refs/heads/main': is at 8198265e12ab488457f95891ae9176300602a142 but expected e1e8083191ff430d64394ec99dee681197dc268b)
error: failed to push some refs to 'https://github.com/reif-is-a-foofie/wescripture.git'
  [ledger] push failed: To https://github.com/reif-is-a-foofie/wescripture.git
 ! [remote rejected]   main -> main (cannot lock ref 'refs/heads/main': is at 67492b906334210752ecd593fff062f289db90ef but expected 7962f5f484c00ecd50bcdf669c508b28ffcb09cf)
error: failed to push some refs to 'https://github.com/reif-is-a-foofie/wescripture.git'

Everything up-to-date
  [ledger] push failed: fatal: Unable to create '/Users/reify/Classified/wescripture/.git/index.lock': File exists.

Another git process seems to be running in this repository, e.g.
an editor opened by 'git commit'. Please make sure all processes
are terminated then try again. If it still fails, a git process
may have crashed in this repository earlier:
remove the file manually to continue.

To https://github.com/reif-is-a-foofie/wescripture.git
   b15201d8..7eb40e33  main -> main
  [ledger] push failed: fatal: Unable to create '/Users/reify/Classified/wescripture/.git/index.lock': File exists.

Another git process seems to be running in this repository, e.g.
an editor opened by 'git commit'. Please make sure all processes
are terminated then try again. If it still fails, a git process
may have crashed in this repository earlier:
remove the file manually to continue.

To https://github.com/reif-is-a-foofie/wescripture.git
   0320e36f..c9688f5b  main -> main
  [ledger] push failed: To https://github.com/reif-is-a-foofie/wescripture.git
 ! [remote rejected]   main -> main (cannot lock ref 'refs/heads/main': is at 489e375ced7eeeac1bfe17036954e595bddd49f4 but expected e3cccdf8b318c75de2c6b1de917a21f2387b4ab0)
error: failed to push some refs to 'https://github.com/reif-is-a-foofie/wescripture.git'

Everything up-to-date
  [ledger] push failed: fatal: Unable to create '/Users/reify/Classified/wescripture/.git/index.lock': File exists.

Another git process seems to be running in this repository, e.g.
an editor opened by 'git commit'. Please make sure all processes
are terminated then try again. If it still fails, a git process
may have crashed in this repository earlier:
remove the file manually to continue.

To https://github.com/reif-is-a-foofie/wescripture.git
 ! [remote rejected]   main -> main (cannot lock ref 'refs/heads/main': is at e09b7f4f1d4230f0b0e4ca9f4b0eef5770e68ae0 but expected dfad898f629308cadcd2f1d3eb09831ee2be017e)
error: failed to push some refs to 'https://github.com/reif-is-a-foofie/wescripture.git'
  [ledger] push failed: fatal: Unable to create '/Users/reify/Classified/wescripture/.git/index.lock': File exists.

Another git process seems to be running in this repository, e.g.
an editor opened by 'git commit'. Please make sure all processes
are terminated then try again. If it still fails, a git process
may have crashed in this repository earlier:
remove the file manually to continue.

To https://github.com/reif-is-a-foofie/wescripture.git
   6b9bfa14..10ccdcce  main -> main
Everything up-to-date
  [ledger] push failed: fatal: Unable to create '/Users/reify/Classified/wescripture/.git/index.lock': File exists.

Another git process seems to be running in this repository, e.g.
an editor opened by 'git commit'. Please make sure all processes
are terminated then try again. If it still fails, a git process
may have crashed in this repository earlier:
remove the file manually to continue.

To https://github.com/reif-is-a-foofie/wescripture.git
 ! [remote rejected]   main -> main (cannot lock ref 'refs/heads/main': is at 6081fa461846d29097bae3063164c485aeff7d57 but expected ed4aeab64f23f55cf5b5212b5a252d5ec9c18bea)
error: failed to push some refs to 'https://github.com/reif-is-a-foofie/wescripture.git'
  [ledger] push failed: To https://github.com/reif-is-a-foofie/wescripture.git
 ! [remote rejected]   main -> main (cannot lock ref 'refs/heads/main': is at c9dede8690a88f0a85cb4cff2a4c2e70c56e47c7 but expected c7f0b052fd8211a48d9857cedc1f75e006a9cd87)
error: failed to push some refs to 'https://github.com/reif-is-a-foofie/wescripture.git'

To https://github.com/reif-is-a-foofie/wescripture.git
   c9dede86..0e513cf0  main -> main
  [ledger] push failed: fatal: Unable to create '/Users/reify/Classified/wescripture/.git/index.lock': File exists.

Another git process seems to be running in this repository, e.g.
an editor opened by 'git commit'. Please make sure all processes
are terminated then try again. If it still fails, a git process
may have crashed in this repository earlier:
remove the file manually to continue.

To https://github.com/reif-is-a-foofie/wescripture.git
 ! [remote rejected]   main -> main (cannot lock ref 'refs/heads/main': is at 4dca14d9111fe8ed0df5d8e9194b2a1b03848ca7 but expected 0e513cf0809e09ece3a0426aa4ce9f94de4a75b5)
error: failed to push some refs to 'https://github.com/reif-is-a-foofie/wescripture.git'
  [ledger] push failed: fatal: Unable to create '/Users/reify/Classified/wescripture/.git/index.lock': File exists.

Another git process seems to be running in this repository, e.g.
an editor opened by 'git commit'. Please make sure all processes
are terminated then try again. If it still fails, a git process
may have crashed in this repository earlier:
remove the file manually to continue.

To https://github.com/reif-is-a-foofie/wescripture.git
   8d9830ab..2c745dc8  main -> main
  [ledger] push failed: fatal: Unable to create '/Users/reify/Classified/wescripture/.git/index.lock': File exists.

Another git process seems to be running in this repository, e.g.
an editor opened by 'git commit'. Please make sure all processes
are terminated then try again. If it still fails, a git process
may have crashed in this repository earlier:
remove the file manually to continue.

To https://github.com/reif-is-a-foofie/wescripture.git
 ! [remote rejected]   main -> main (cannot lock ref 'refs/heads/main': is at a4cac62745b7555436a8263ef3180c592df5307d but expected bffe3a80a83bec2ecc2463cd8afe8347a2310c75)
error: failed to push some refs to 'https://github.com/reif-is-a-foofie/wescripture.git'
  [ledger] push failed: fatal: Unable to create '/Users/reify/Classified/wescripture/.git/index.lock': File exists.

Another git process seems to be running in this repository, e.g.
an editor opened by 'git commit'. Please make sure all processes
are terminated then try again. If it still fails, a git process
may have crashed in this repository earlier:
remove the file manually to continue.

To https://github.com/reif-is-a-foofie/wescripture.git
 ! [remote rejected]   main -> main (cannot lock ref 'refs/heads/main': is at 0f827ecf49f839c2867e5ac04fddd11d8c67228e but expected f44748543509eac60897279f77821c494adbea2c)
error: failed to push some refs to 'https://github.com/reif-is-a-foofie/wescripture.git'
  [ledger] push failed: fatal: Unable to create '/Users/reify/Classified/wescripture/.git/index.lock': File exists.

Another git process seems to be running in this repository, e.g.
an editor opened by 'git commit'. Please make sure all processes
are terminated then try again. If it still fails, a git process
may have crashed in this repository earlier:
remove the file manually to continue.

To https://github.com/reif-is-a-foofie/wescripture.git
 ! [remote rejected]   main -> main (cannot lock ref 'refs/heads/main': is at e760e5405861ade1d27ba3d453f6f8ce0f076f79 but expected fb4af06bdc70c4f8586fa5c3978d0ff64a48c0ed)
error: failed to push some refs to 'https://github.com/reif-is-a-foofie/wescripture.git'
  [ledger] push failed: fatal: Unable to create '/Users/reify/Classified/wescripture/.git/index.lock': File exists.

Another git process seems to be running in this repository, e.g.
an editor opened by 'git commit'. Please make sure all processes
are terminated then try again. If it still fails, a git process
may have crashed in this repository earlier:
remove the file manually to continue.

To https://github.com/reif-is-a-foofie/wescripture.git
   e496520d..95becfa2  main -> main
  [ledger] push failed: To https://github.com/reif-is-a-foofie/wescripture.git
 ! [remote rejected]   main -> main (cannot lock ref 'refs/heads/main': is at 9e071781fe1dd3d770f998f6b7a7671c711845b1 but expected 2c865d36d34a45cd153ffcaa52ca01eb88390dfe)
error: failed to push some refs to 'https://github.com/reif-is-a-foofie/wescripture.git'

Everything up-to-date
  [ledger] push failed: fatal: Unable to create '/Users/reify/Classified/wescripture/.git/index.lock': File exists.

Another git process seems to be running in this repository, e.g.
an editor opened by 'git commit'. Please make sure all processes
are terminated then try again. If it still fails, a git process
may have crashed in this repository earlier:
remove the file manually to continue.

To https://github.com/reif-is-a-foofie/wescripture.git
 ! [remote rejected]   main -> main (cannot lock ref 'refs/heads/main': is at e7fafef3607a9075d64254c81d885da2d7382267 but expected 9e071781fe1dd3d770f998f6b7a7671c711845b1)
error: failed to push some refs to 'https://github.com/reif-is-a-foofie/wescripture.git'
Everything up-to-date
  [ledger] push failed: fatal: Unable to create '/Users/reify/Classified/wescripture/.git/index.lock': File exists.

Another git process seems to be running in this repository, e.g.
an editor opened by 'git commit'. Please make sure all processes
are terminated then try again. If it still fails, a git process
may have crashed in this repository earlier:
remove the file manually to continue.

To https://github.com/reif-is-a-foofie/wescripture.git
 ! [remote rejected]   main -> main (cannot lock ref 'refs/heads/main': is at 4f20b665c61c0e3d6384bb3e52a1fdddae813d37 but expected 399e58d66e336adc52da5e80b0463d2a1e66266a)
error: failed to push some refs to 'https://github.com/reif-is-a-foofie/wescripture.git'
  [ledger] push failed: To https://github.com/reif-is-a-foofie/wescripture.git
 ! [remote rejected]   main -> main (cannot lock ref 'refs/heads/main': is at cfa101f0497126cc3512fcd0f550c50bd71939fd but expected ae9b5ccda209799efebc0b06479417484ee168a1)
error: failed to push some refs to 'https://github.com/reif-is-a-foofie/wescripture.git'

Everything up-to-date
Everything up-to-date
  [ledger] push failed: To https://github.com/reif-is-a-foofie/wescripture.git
 ! [remote rejected]   main -> main (cannot lock ref 'refs/heads/main': is at 356ae482d42ac3a2df8e5d3782176b8239570ca7 but expected ada6974ac8756fdf2be482b613ebc0662b1b9e40)
error: failed to push some refs to 'https://github.com/reif-is-a-foofie/wescripture.git'

Everything up-to-date
  [ledger] push failed: To https://github.com/reif-is-a-foofie/wescripture.git
 ! [remote rejected]   main -> main (cannot lock ref 'refs/heads/main': is at d74ccc606c1238fa80e92acf34d55e85c95116ca but expected e90474ead882e90bb697e83648f60f6b16d87b66)
error: failed to push some refs to 'https://github.com/reif-is-a-foofie/wescripture.git'

Everything up-to-date
  [ledger] push failed: To https://github.com/reif-is-a-foofie/wescripture.git
 ! [remote rejected]   main -> main (cannot lock ref 'refs/heads/main': is at ca4ad32b7da018b65eda28ffd078ab295276bc39 but expected 800a4abca31d93025b28e2c25a2d324c75bd3ac9)
error: failed to push some refs to 'https://github.com/reif-is-a-foofie/wescripture.git'

Everything up-to-date
Everything up-to-date
  [ledger] push failed: fatal: Unable to create '/Users/reify/Classified/wescripture/.git/index.lock': File exists.

Another git process seems to be running in this repository, e.g.
an editor opened by 'git commit'. Please make sure all processes
are terminated then try again. If it still fails, a git process
may have crashed in this repository earlier:
remove the file manually to continue.

To https://github.com/reif-is-a-foofie/wescripture.git
 ! [remote rejected]   main -> main (cannot lock ref 'refs/heads/main': is at 7081e628280f752e78d6ce5d4414243e0622b9b4 but expected 3d2d52996fc03ef02302269795ffc4c6c0196cfa)
error: failed to push some refs to 'https://github.com/reif-is-a-foofie/wescripture.git'
  [ledger] push failed: fatal: Unable to create '/Users/reify/Classified/wescripture/.git/index.lock': File exists.

Another git process seems to be running in this repository, e.g.
an editor opened by 'git commit'. Please make sure all processes
are terminated then try again. If it still fails, a git process
may have crashed in this repository earlier:
remove the file manually to continue.

To https://github.com/reif-is-a-foofie/wescripture.git
   c796f12c..99841b18  main -> main
  [ledger] push failed: fatal: Unable to create '/Users/reify/Classified/wescripture/.git/index.lock': File exists.

Another git process seems to be running in this repository, e.g.
an editor opened by 'git commit'. Please make sure all processes
are terminated then try again. If it still fails, a git process
may have crashed in this repository earlier:
remove the file manually to continue.

To https://github.com/reif-is-a-foofie/wescripture.git
 ! [remote rejected]   main -> main (cannot lock ref 'refs/heads/main': is at de150acfb07f9434443ebbfcd2dbd8eb2139a9b8 but expected f2f1b02fcb630e395f0c992a24785f2f56806947)
error: failed to push some refs to 'https://github.com/reif-is-a-foofie/wescripture.git'
  [ledger] push failed: fatal: Unable to create '/Users/reify/Classified/wescripture/.git/index.lock': File exists.

Another git process seems to be running in this repository, e.g.
an editor opened by 'git commit'. Please make sure all processes
are terminated then try again. If it still fails, a git process
may have crashed in this repository earlier:
remove the file manually to continue.

To https://github.com/reif-is-a-foofie/wescripture.git
   d6d63016..188acea9  main -> main
  [ledger] push failed: fatal: Unable to create '/Users/reify/Classified/wescripture/.git/index.lock': File exists.

Another git process seems to be running in this repository, e.g.
an editor opened by 'git commit'. Please make sure all processes
are terminated then try again. If it still fails, a git process
may have crashed in this repository earlier:
remove the file manually to continue.

To https://github.com/reif-is-a-foofie/wescripture.git
   29ee47cc..96f57d48  main -> main
  [ledger] push failed: fatal: Unable to create '/Users/reify/Classified/wescripture/.git/index.lock': File exists.

Another git process seems to be running in this repository, e.g.
an editor opened by 'git commit'. Please make sure all processes
are terminated then try again. If it still fails, a git process
may have crashed in this repository earlier:
remove the file manually to continue.

To https://github.com/reif-is-a-foofie/wescripture.git
   eccd13ca..b24f5c48  main -> main
  [ledger] push failed: fatal: Unable to create '/Users/reify/Classified/wescripture/.git/index.lock': File exists.

Another git process seems to be running in this repository, e.g.
an editor opened by 'git commit'. Please make sure all processes
are terminated then try again. If it still fails, a git process
may have crashed in this repository earlier:
remove the file manually to continue.

To https://github.com/reif-is-a-foofie/wescripture.git
 ! [remote rejected]   main -> main (cannot lock ref 'refs/heads/main': is at 39826517f832039b30faf57a7b63c8711ee61069 but expected 016b5a793bdeca31941b59a30627d821ba612129)
error: failed to push some refs to 'https://github.com/reif-is-a-foofie/wescripture.git'
  [ledger] push failed: fatal: Unable to create '/Users/reify/Classified/wescripture/.git/index.lock': File exists.

Another git process seems to be running in this repository, e.g.
an editor opened by 'git commit'. Please make sure all processes
are terminated then try again. If it still fails, a git process
may have crashed in this repository earlier:
remove the file manually to continue.

To https://github.com/reif-is-a-foofie/wescripture.git
   3f3e3e0c..bb24f087  main -> main
  [ledger] push failed: fatal: Unable to create '/Users/reify/Classified/wescripture/.git/index.lock': File exists.

Another git process seems to be running in this repository, e.g.
an editor opened by 'git commit'. Please make sure all processes
are terminated then try again. If it still fails, a git process
may have crashed in this repository earlier:
remove the file manually to continue.

To https://github.com/reif-is-a-foofie/wescripture.git
   8491bf4c..321c1928  main -> main
  [ledger] push failed: fatal: Unable to create '/Users/reify/Classified/wescripture/.git/index.lock': File exists.

Another git process seems to be running in this repository, e.g.
an editor opened by 'git commit'. Please make sure all processes
are terminated then try again. If it still fails, a git process
may have crashed in this repository earlier:
remove the file manually to continue.

To https://github.com/reif-is-a-foofie/wescripture.git
 ! [remote rejected]   main -> main (cannot lock ref 'refs/heads/main': is at d4b1664c90073a2eeb3444dcbb1cfec9283a3b8e but expected a4e3213b93d3d332242176cc1bc8c8accedb2d12)
error: failed to push some refs to 'https://github.com/reif-is-a-foofie/wescripture.git'
  [ledger] push failed: To https://github.com/reif-is-a-foofie/wescripture.git
 ! [remote rejected]   main -> main (cannot lock ref 'refs/heads/main': is at 648f5c47b9fcf49c22d5caaff5d19dce412d03ff but expected cc85e6a209804b855055e65a6f0390cb55c4bf5f)
error: failed to push some refs to 'https://github.com/reif-is-a-foofie/wescripture.git'

Everything up-to-date
  [ledger] push failed: Command '['git', 'commit', '-m', 'ledger: task_reopened T-0072']' returned non-zero exit status 1.
To https://github.com/reif-is-a-foofie/wescripture.git
 ! [remote rejected]   main -> main (cannot lock ref 'refs/heads/main': is at a010fbcbec6904237afc036fb004efaaa9eebdac but expected d72b7483e25af55e7127a351c4a9d5d46b255108)
error: failed to push some refs to 'https://github.com/reif-is-a-foofie/wescripture.git'
  [ledger] push failed: fatal: Unable to create '/Users/reify/Classified/wescripture/.git/index.lock': File exists.

Another git process seems to be running in this repository, e.g.
an editor opened by 'git commit'. Please make sure all processes
are terminated then try again. If it still fails, a git process
may have crashed in this repository earlier:
remove the file manually to continue.

To https://github.com/reif-is-a-foofie/wescripture.git
   120ddb59..c9bec9c7  main -> main
  [ledger] push failed: fatal: Unable to create '/Users/reify/Classified/wescripture/.git/index.lock': File exists.

Another git process seems to be running in this repository, e.g.
an editor opened by 'git commit'. Please make sure all processes
are terminated then try again. If it still fails, a git process
may have crashed in this repository earlier:
remove the file manually to continue.

To https://github.com/reif-is-a-foofie/wescripture.git
 ! [remote rejected]   main -> main (cannot lock ref 'refs/heads/main': is at 64885e93aa4ad05bc72ac934f5b2a798f243d652 but expected daffd6691555787bee131018dcc60b9cded84718)
error: failed to push some refs to 'https://github.com/reif-is-a-foofie/wescripture.git'
  [ledger] push failed: fatal: Unable to create '/Users/reify/Classified/wescripture/.git/index.lock': File exists.

Another git process seems to be running in this repository, e.g.
an editor opened by 'git commit'. Please make sure all processes
are terminated then try again. If it still fails, a git process
may have crashed in this repository earlier:
remove the file manually to continue.

To https://github.com/reif-is-a-foofie/wescripture.git
 ! [remote rejected]   main -> main (cannot lock ref 'refs/heads/main': is at 5b16d3faf31da4182dcbfc1c16ffd41e6fa8ab7f but expected 758d9de8a68dd62d1e6853a102697174c351ec69)
error: failed to push some refs to 'https://github.com/reif-is-a-foofie/wescripture.git'
  [ledger] push failed: fatal: Unable to create '/Users/reify/Classified/wescripture/.git/index.lock': File exists.

Another git process seems to be running in this repository, e.g.
an editor opened by 'git commit'. Please make sure all processes
are terminated then try again. If it still fails, a git process
may have crashed in this repository earlier:
remove the file manually to continue.

To https://github.com/reif-is-a-foofie/wescripture.git
 ! [remote rejected]   main -> main (cannot lock ref 'refs/heads/main': is at 509ce06e1be709878769d34ecbc56256a34336e6 but expected 84e558725b44f29bd61b5b3e2ac5a6bce235001f)
error: failed to push some refs to 'https://github.com/reif-is-a-foofie/wescripture.git'
  [ledger] push failed: To https://github.com/reif-is-a-foofie/wescripture.git
 ! [remote rejected]   main -> main (cannot lock ref 'refs/heads/main': is at 4643c235347d1b9513353f99d9b512b1f5064afd but expected 0a6c49568ee2ecdb31c9d1a3a185b2295b5a54e9)
error: failed to push some refs to 'https://github.com/reif-is-a-foofie/wescripture.git'

To https://github.com/reif-is-a-foofie/wescripture.git
   4643c235..36e10c2a  main -> main
  [ledger] push failed: fatal: Unable to create '/Users/reify/Classified/wescripture/.git/index.lock': File exists.

Another git process seems to be running in this repository, e.g.
an editor opened by 'git commit'. Please make sure all processes
are terminated then try again. If it still fails, a git process
may have crashed in this repository earlier:
remove the file manually to continue.

To https://github.com/reif-is-a-foofie/wescripture.git
   36e10c2a..421713ad  main -> main
  [ledger] push failed: fatal: Unable to create '/Users/reify/Classified/wescripture/.git/index.lock': File exists.

Another git process seems to be running in this repository, e.g.
an editor opened by 'git commit'. Please make sure all processes
are terminated then try again. If it still fails, a git process
may have crashed in this repository earlier:
remove the file manually to continue.

To https://github.com/reif-is-a-foofie/wescripture.git
   58784ebb..6c0acff3  main -> main
  [ledger] push failed: To https://github.com/reif-is-a-foofie/wescripture.git
 ! [remote rejected]   main -> main (cannot lock ref 'refs/heads/main': is at 64d79a02a4b8db08a4df3578560b9ffd7ca8f829 but expected 9fcb8c1972e35bfe174a5c38b4c7a4ef254d38c2)
error: failed to push some refs to 'https://github.com/reif-is-a-foofie/wescripture.git'

Everything up-to-date
  [ledger] push failed: fatal: Unable to create '/Users/reify/Classified/wescripture/.git/index.lock': File exists.

Another git process seems to be running in this repository, e.g.
an editor opened by 'git commit'. Please make sure all processes
are terminated then try again. If it still fails, a git process
may have crashed in this repository earlier:
remove the file manually to continue.

To https://github.com/reif-is-a-foofie/wescripture.git
 ! [remote rejected]   main -> main (cannot lock ref 'refs/heads/main': is at 90c7675bf95812a99f54719e25cdda9806f8f1ae but expected b889aa775cb207ff982ad3a68822deaac4533a04)
error: failed to push some refs to 'https://github.com/reif-is-a-foofie/wescripture.git'
  [ledger] push failed: fatal: Unable to create '/Users/reify/Classified/wescripture/.git/index.lock': File exists.

Another git process seems to be running in this repository, e.g.
an editor opened by 'git commit'. Please make sure all processes
are terminated then try again. If it still fails, a git process
may have crashed in this repository earlier:
remove the file manually to continue.

To https://github.com/reif-is-a-foofie/wescripture.git
   40ec08a0..28874be6  main -> main
Everything up-to-date
  [ledger] push failed: fatal: Unable to create '/Users/reify/Classified/wescripture/.git/index.lock': File exists.

Another git process seems to be running in this repository, e.g.
an editor opened by 'git commit'. Please make sure all processes
are terminated then try again. If it still fails, a git process
may have crashed in this repository earlier:
remove the file manually to continue.

To https://github.com/reif-is-a-foofie/wescripture.git
 ! [remote rejected]   main -> main (cannot lock ref 'refs/heads/main': is at b0b84daa35aea3e3b82adaaf9d5c70f0c09a3cde but expected a88b54596fd83dd793a8f178fe6a93ce12d27428)
error: failed to push some refs to 'https://github.com/reif-is-a-foofie/wescripture.git'
  [ledger] push failed: fatal: Unable to create '/Users/reify/Classified/wescripture/.git/index.lock': File exists.

Another git process seems to be running in this repository, e.g.
an editor opened by 'git commit'. Please make sure all processes
are terminated then try again. If it still fails, a git process
may have crashed in this repository earlier:
remove the file manually to continue.

To https://github.com/reif-is-a-foofie/wescripture.git
 ! [remote rejected]   main -> main (cannot lock ref 'refs/heads/main': is at 7a3e2f7abfa92c8eb09b02e9c11d651dcd846ab0 but expected 527117d41cfc059eed8989dbfd9898fe1f35f0d9)
error: failed to push some refs to 'https://github.com/reif-is-a-foofie/wescripture.git'
  [ledger] push failed: fatal: Unable to create '/Users/reify/Classified/wescripture/.git/index.lock': File exists.

Another git process seems to be running in this repository, e.g.
an editor opened by 'git commit'. Please make sure all processes
are terminated then try again. If it still fails, a git process
may have crashed in this repository earlier:
remove the file manually to continue.

To https://github.com/reif-is-a-foofie/wescripture.git
 ! [remote rejected]   main -> main (cannot lock ref 'refs/heads/main': is at a853b2e1706f14b80322cee62df297f05a37965c but expected 95a83742b79fc2494607f9f4f34515f30b95adb5)
error: failed to push some refs to 'https://github.com/reif-is-a-foofie/wescripture.git'
  [ledger] push failed: fatal: Unable to create '/Users/reify/Classified/wescripture/.git/index.lock': File exists.

Another git process seems to be running in this repository, e.g.
an editor opened by 'git commit'. Please make sure all processes
are terminated then try again. If it still fails, a git process
may have crashed in this repository earlier:
remove the file manually to continue.

To https://github.com/reif-is-a-foofie/wescripture.git
 ! [remote rejected]   main -> main (cannot lock ref 'refs/heads/main': is at 6dd535a4212c69d8ef39cd426b9c2688442b6383 but expected 1d4485a946b42689921db937543fb1a060d8ff98)
error: failed to push some refs to 'https://github.com/reif-is-a-foofie/wescripture.git'
  [ledger] push failed: fatal: Unable to create '/Users/reify/Classified/wescripture/.git/index.lock': File exists.

Another git process seems to be running in this repository, e.g.
an editor opened by 'git commit'. Please make sure all processes
are terminated then try again. If it still fails, a git process
may have crashed in this repository earlier:
remove the file manually to continue.

  [ledger] push failed: fatal: Unable to create '/Users/reify/Classified/wescripture/.git/index.lock': File exists.

Another git process seems to be running in this repository, e.g.
an editor opened by 'git commit'. Please make sure all processes
are terminated then try again. If it still fails, a git process
may have crashed in this repository earlier:
remove the file manually to continue.

To https://github.com/reif-is-a-foofie/wescripture.git
 ! [remote rejected]   main -> main (cannot lock ref 'refs/heads/main': is at bdd9a3a5ae78efccda6f95f1f3a8e4a925e5fb33 but expected c04cd4874594b79cc187fe6cee47f319ca75bb3f)
error: failed to push some refs to 'https://github.com/reif-is-a-foofie/wescripture.git'
  [ledger] push failed: fatal: Unable to create '/Users/reify/Classified/wescripture/.git/index.lock': File exists.

Another git process seems to be running in this repository, e.g.
an editor opened by 'git commit'. Please make sure all processes
are terminated then try again. If it still fails, a git process
may have crashed in this repository earlier:
remove the file manually to continue.

To https://github.com/reif-is-a-foofie/wescripture.git
 ! [remote rejected]   main -> main (cannot lock ref 'refs/heads/main': is at aa24ed404fb7e6dda5f2cbc93888c1024404d8e3 but expected 5d8fad87c13a8b4541b9263141e69962c63fd10c)
error: failed to push some refs to 'https://github.com/reif-is-a-foofie/wescripture.git'
  [ledger] push failed: Command '['git', 'commit', '-m', 'ledger: task_reopened T-0080']' returned non-zero exit status 1.
To https://github.com/reif-is-a-foofie/wescripture.git
 ! [remote rejected]   main -> main (cannot lock ref 'refs/heads/main': is at 91ee37b9cb0db56c08c0267def986b9f11898c7c but expected 8f819c380f8c2a00567c165b46c425b9b80cc362)
error: failed to push some refs to 'https://github.com/reif-is-a-foofie/wescripture.git'
  [ledger] push failed: fatal: Unable to create '/Users/reify/Classified/wescripture/.git/index.lock': File exists.

Another git process seems to be running in this repository, e.g.
an editor opened by 'git commit'. Please make sure all processes
are terminated then try again. If it still fails, a git process
may have crashed in this repository earlier:
remove the file manually to continue.

To https://github.com/reif-is-a-foofie/wescripture.git
 ! [remote rejected]   main -> main (cannot lock ref 'refs/heads/main': is at a56385a2193cd18cc376e7f717ee94ce54d8d7a1 but expected 3c5e3fd9d7dfa17cce0f6db4b62788144f319847)
error: failed to push some refs to 'https://github.com/reif-is-a-foofie/wescripture.git'
  [ledger] push failed: fatal: Unable to create '/Users/reify/Classified/wescripture/.git/index.lock': File exists.

Another git process seems to be running in this repository, e.g.
an editor opened by 'git commit'. Please make sure all processes
are terminated then try again. If it still fails, a git process
may have crashed in this repository earlier:
remove the file manually to continue.

To https://github.com/reif-is-a-foofie/wescripture.git
 ! [remote rejected]   main -> main (cannot lock ref 'refs/heads/main': is at b7defb6fcc837ee709149d09a513e7e9a0c6d2da but expected 593bc858083c214eeddb0c8505148a8ab31d52c2)
error: failed to push some refs to 'https://github.com/reif-is-a-foofie/wescripture.git'
  [ledger] push failed: fatal: Unable to create '/Users/reify/Classified/wescripture/.git/index.lock': File exists.

Another git process seems to be running in this repository, e.g.
an editor opened by 'git commit'. Please make sure all processes
are terminated then try again. If it still fails, a git process
may have crashed in this repository earlier:
remove the file manually to continue.

To https://github.com/reif-is-a-foofie/wescripture.git
 ! [remote rejected]   main -> main (cannot lock ref 'refs/heads/main': is at 72e1ff271b6099640976c61b530a1ebe34ad4551 but expected eeae730e0436e7a1ffa3cc0d4540d09e998d3342)
error: failed to push some refs to 'https://github.com/reif-is-a-foofie/wescripture.git'
Everything up-to-date
  [ledger] push failed: fatal: Unable to create '/Users/reify/Classified/wescripture/.git/index.lock': File exists.

Another git process seems to be running in this repository, e.g.
an editor opened by 'git commit'. Please make sure all processes
are terminated then try again. If it still fails, a git process
may have crashed in this repository earlier:
remove the file manually to continue.

To https://github.com/reif-is-a-foofie/wescripture.git
   fff3b4af..762dcb4f  main -> main
  [ledger] push failed: fatal: Unable to create '/Users/reify/Classified/wescripture/.git/index.lock': File exists.

Another git process seems to be running in this repository, e.g.
an editor opened by 'git commit'. Please make sure all processes
are terminated then try again. If it still fails, a git process
may have crashed in this repository earlier:
remove the file manually to continue.

To https://github.com/reif-is-a-foofie/wescripture.git
 ! [remote rejected]   main -> main (cannot lock ref 'refs/heads/main': is at 7abd0f7fa29d712cf7b98fb98116f60acfa38b94 but expected b0de4f69bc6161c44407aae60ebef2d9effadb58)
error: failed to push some refs to 'https://github.com/reif-is-a-foofie/wescripture.git'
  [ledger] push failed: To https://github.com/reif-is-a-foofie/wescripture.git
 ! [remote rejected]   main -> main (cannot lock ref 'refs/heads/main': is at d4b75fab2e85aa42f3ce667c26976aa8c0e0d0cc but expected d54cd184cfcd2da375b27ce47719d6bc64acd655)
error: failed to push some refs to 'https://github.com/reif-is-a-foofie/wescripture.git'

Everything up-to-date
fatal: Unable to create '/Users/reify/Classified/wescripture/.git/index.lock': File exists.

Another git process seems to be running in this repository, e.g.
an editor opened by 'git commit'. Please make sure all processes
are terminated then try again. If it still fails, a git process
may have crashed in this repository earlier:
remove the file manually to continue.
Traceback (most recent call last):
  File "/Users/reify/Classified/wescripture/lds_pipeline/task_worker.py", line 354, in <module>
    main()
  File "/Users/reify/Classified/wescripture/lds_pipeline/task_worker.py", line 279, in main
    new_commit = git_commit_work(tid, d.summary)
  File "/Users/reify/Classified/wescripture/lds_pipeline/task_worker.py", line 164, in git_commit_work
    run(["git", "add", "-A"])
  File "/Users/reify/Classified/wescripture/lds_pipeline/task_worker.py", line 81, in run
    return subprocess.run(
  File "/Library/Developer/CommandLineTools/Library/Frameworks/Python3.framework/Versions/3.9/lib/python3.9/subprocess.py", line 528, in run
    raise CalledProcessError(retcode, process.args,
subprocess.CalledProcessError: Command '['git', 'add', '-A']' returned non-zero exit status 128.
  [ledger] push failed: fatal: Unable to create '/Users/reify/Classified/wescripture/.git/index.lock': File exists.

Another git process seems to be running in this repository, e.g.
an editor opened by 'git commit'. Please make sure all processes
are terminated then try again. If it still fails, a git process
may have crashed in this repository earlier:
remove the file manually to continue.

To https://github.com/reif-is-a-foofie/wescripture.git
 ! [remote rejected]   main -> main (cannot lock ref 'refs/heads/main': is at 749afcadd93e5d386d6f86f1134188058e5cbd64 but expected ed779152cf8166ade4203f3dcb588c18d4d19087)
error: failed to push some refs to 'https://github.com/reif-is-a-foofie/wescripture.git'
  [ledger] push failed: fatal: Unable to create '/Users/reify/Classified/wescripture/.git/index.lock': File exists.

Another git process seems to be running in this repository, e.g.
an editor opened by 'git commit'. Please make sure all processes
are terminated then try again. If it still fails, a git process
may have crashed in this repository earlier:
remove the file manually to continue.

To https://github.com/reif-is-a-foofie/wescripture.git
 ! [remote rejected]   main -> main (cannot lock ref 'refs/heads/main': is at 0358b9c6d27abfd84e7b02138c12e546620e320a but expected 43ac4e1b6129bd3e26c40fc1ab3434f64112a47b)
error: failed to push some refs to 'https://github.com/reif-is-a-foofie/wescripture.git'
fatal: Unable to create '/Users/reify/Classified/wescripture/.git/index.lock': File exists.

Another git process seems to be running in this repository, e.g.
an editor opened by 'git commit'. Please make sure all processes
are terminated then try again. If it still fails, a git process
may have crashed in this repository earlier:
remove the file manually to continue.
Traceback (most recent call last):
  File "/Users/reify/Classified/wescripture/lds_pipeline/task_worker.py", line 354, in <module>
    main()
  File "/Users/reify/Classified/wescripture/lds_pipeline/task_worker.py", line 279, in main
    new_commit = git_commit_work(tid, d.summary)
  File "/Users/reify/Classified/wescripture/lds_pipeline/task_worker.py", line 165, in git_commit_work
    run(["git", "commit", "-m", msg])
  File "/Users/reify/Classified/wescripture/lds_pipeline/task_worker.py", line 81, in run
    return subprocess.run(
  File "/Library/Developer/CommandLineTools/Library/Frameworks/Python3.framework/Versions/3.9/lib/python3.9/subprocess.py", line 528, in run
    raise CalledProcessError(retcode, process.args,
subprocess.CalledProcessError: Command '['git', 'commit', '-m', '[task] T-0090: annotate_entity_spans --books job (exit 0)']' returned non-zero exit status 128.
  [ledger] push failed: fatal: Unable to create '/Users/reify/Classified/wescripture/.git/index.lock': File exists.

Another git process seems to be running in this repository, e.g.
an editor opened by 'git commit'. Please make sure all processes
are terminated then try again. If it still fails, a git process
may have crashed in this repository earlier:
remove the file manually to continue.

To https://github.com/reif-is-a-foofie/wescripture.git
   e80add8b..4e430913  main -> main
  [ledger] push failed: To https://github.com/reif-is-a-foofie/wescripture.git
 ! [remote rejected]   main -> main (cannot lock ref 'refs/heads/main': is at ce7030257d5aed5ad95fa85180e6a78ac7b73552 but expected ceaed0508fd500fef56b0655b96109b5328c9ad6)
error: failed to push some refs to 'https://github.com/reif-is-a-foofie/wescripture.git'

Everything up-to-date
  [ledger] push failed: fatal: Unable to create '/Users/reify/Classified/wescripture/.git/index.lock': File exists.

Another git process seems to be running in this repository, e.g.
an editor opened by 'git commit'. Please make sure all processes
are terminated then try again. If it still fails, a git process
may have crashed in this repository earlier:
remove the file manually to continue.

To https://github.com/reif-is-a-foofie/wescripture.git
 ! [remote rejected]   main -> main (cannot lock ref 'refs/heads/main': is at 21c6fdca3eeb524ad0599807efbfc9701f4d006e but expected 3621a78dc7e78d4d1c606781d7afadcc3fa03153)
error: failed to push some refs to 'https://github.com/reif-is-a-foofie/wescripture.git'
  [ledger] push failed: fatal: Unable to create '/Users/reify/Classified/wescripture/.git/index.lock': File exists.

Another git process seems to be running in this repository, e.g.
an editor opened by 'git commit'. Please make sure all processes
are terminated then try again. If it still fails, a git process
may have crashed in this repository earlier:
remove the file manually to continue.

To https://github.com/reif-is-a-foofie/wescripture.git
 ! [remote rejected]   main -> main (cannot lock ref 'refs/heads/main': is at 67e26e65864de5a566d937d4035d14e2d484ce67 but expected 16c1f40f0ce3dd56082744da98acde5068a419d9)
error: failed to push some refs to 'https://github.com/reif-is-a-foofie/wescripture.git'
fatal: Unable to create '/Users/reify/Classified/wescripture/.git/index.lock': File exists.

Another git process seems to be running in this repository, e.g.
an editor opened by 'git commit'. Please make sure all processes
are terminated then try again. If it still fails, a git process
may have crashed in this repository earlier:
remove the file manually to continue.
Traceback (most recent call last):
  File "/Users/reify/Classified/wescripture/lds_pipeline/task_worker.py", line 354, in <module>
    main()
  File "/Users/reify/Classified/wescripture/lds_pipeline/task_worker.py", line 279, in main
    new_commit = git_commit_work(tid, d.summary)
  File "/Users/reify/Classified/wescripture/lds_pipeline/task_worker.py", line 164, in git_commit_work
    run(["git", "add", "-A"])
  File "/Users/reify/Classified/wescripture/lds_pipeline/task_worker.py", line 81, in run
    return subprocess.run(
  File "/Library/Developer/CommandLineTools/Library/Frameworks/Python3.framework/Versions/3.9/lib/python3.9/subprocess.py", line 528, in run
    raise CalledProcessError(retcode, process.args,
subprocess.CalledProcessError: Command '['git', 'add', '-A']' returned non-zero exit status 128.
  [ledger] push failed: fatal: Unable to create '/Users/reify/Classified/wescripture/.git/index.lock': File exists.

Another git process seems to be running in this repository, e.g.
an editor opened by 'git commit'. Please make sure all processes
are terminated then try again. If it still fails, a git process
may have crashed in this repository earlier:
remove the file manually to continue.

To https://github.com/reif-is-a-foofie/wescripture.git
 ! [remote rejected]   main -> main (cannot lock ref 'refs/heads/main': is at 4f70e4b3b9a6bad33d07e72bbd997a5217b9384e but expected a47e0b8d30508d74fcf50de367d40222758880b1)
error: failed to push some refs to 'https://github.com/reif-is-a-foofie/wescripture.git'
Everything up-to-date
  [ledger] push failed: fatal: Unable to create '/Users/reify/Classified/wescripture/.git/index.lock': File exists.

Another git process seems to be running in this repository, e.g.
an editor opened by 'git commit'. Please make sure all processes
are terminated then try again. If it still fails, a git process
may have crashed in this repository earlier:
remove the file manually to continue.

To https://github.com/reif-is-a-foofie/wescripture.git
 ! [remote rejected]   main -> main (cannot lock ref 'refs/heads/main': is at 2de3e84b26b3de168508fd732ef9d7791b73b58b but expected 0a30ac985c67f32a084aae15dbc16173b39c0fc6)
error: failed to push some refs to 'https://github.com/reif-is-a-foofie/wescripture.git'
  [ledger] push failed: fatal: Unable to create '/Users/reify/Classified/wescripture/.git/index.lock': File exists.

Another git process seems to be running in this repository, e.g.
an editor opened by 'git commit'. Please make sure all processes
are terminated then try again. If it still fails, a git process
may have crashed in this repository earlier:
remove the file manually to continue.

To https://github.com/reif-is-a-foofie/wescripture.git
 ! [remote rejected]   main -> main (cannot lock ref 'refs/heads/main': is at 4e1fca7681f1220da95f66f7dd5f09edc15f6efb but expected 6fb6e56728bce3ab8fd5f84a3ba39c440e931938)
error: failed to push some refs to 'https://github.com/reif-is-a-foofie/wescripture.git'
  [ledger] push failed: Command '['git', 'commit', '-m', 'ledger: task_reopened T-0095']' returned non-zero exit status 1.
To https://github.com/reif-is-a-foofie/wescripture.git
 ! [remote rejected]   main -> main (cannot lock ref 'refs/heads/main': is at 948a54354575cea007c3d807880969b7e4a15b79 but expected 3910253dc13bfc7602aa49462b2f2a9a8edf449b)
error: failed to push some refs to 'https://github.com/reif-is-a-foofie/wescripture.git'
Everything up-to-date
  [ledger] push failed: To https://github.com/reif-is-a-foofie/wescripture.git
 ! [remote rejected]   main -> main (cannot lock ref 'refs/heads/main': is at fde7025b0793479c09d3d2b536d0c13f748e4b5c but expected ce34e345d7143b5f9330a2ccf6ffdc59de7dd5b3)
error: failed to push some refs to 'https://github.com/reif-is-a-foofie/wescripture.git'

Everything up-to-date
  [ledger] push failed: fatal: Unable to create '/Users/reify/Classified/wescripture/.git/index.lock': File exists.

Another git process seems to be running in this repository, e.g.
an editor opened by 'git commit'. Please make sure all processes
are terminated then try again. If it still fails, a git process
may have crashed in this repository earlier:
remove the file manually to continue.

To https://github.com/reif-is-a-foofie/wescripture.git
 ! [remote rejected]   main -> main (cannot lock ref 'refs/heads/main': is at 9a2877ff95f290a2d695e8af0dc50ad3c527eed9 but expected bd710ce304cd9cbfeac6b2085e50580fbe22f5b4)
error: failed to push some refs to 'https://github.com/reif-is-a-foofie/wescripture.git'
  [ledger] push failed: fatal: Unable to create '/Users/reify/Classified/wescripture/.git/index.lock': File exists.

Another git process seems to be running in this repository, e.g.
an editor opened by 'git commit'. Please make sure all processes
are terminated then try again. If it still fails, a git process
may have crashed in this repository earlier:
remove the file manually to continue.

To https://github.com/reif-is-a-foofie/wescripture.git
 ! [remote rejected]   main -> main (cannot lock ref 'refs/heads/main': is at 6aa0ffc791f514498166e973671499a134553a95 but expected 991d83cd09a04ef36ca31f49db16346ee9e10f87)
error: failed to push some refs to 'https://github.com/reif-is-a-foofie/wescripture.git'
  [ledger] push failed: fatal: Unable to create '/Users/reify/Classified/wescripture/.git/index.lock': File exists.

Another git process seems to be running in this repository, e.g.
an editor opened by 'git commit'. Please make sure all processes
are terminated then try again. If it still fails, a git process
may have crashed in this repository earlier:
remove the file manually to continue.

To https://github.com/reif-is-a-foofie/wescripture.git
 ! [remote rejected]   main -> main (cannot lock ref 'refs/heads/main': is at 05e051d4d38e025139998ea1d231eece81ce5298 but expected 9e23c6bb5e8ac777c91682f848c82af2f4660e5c)
error: failed to push some refs to 'https://github.com/reif-is-a-foofie/wescripture.git'
  [ledger] push failed: To https://github.com/reif-is-a-foofie/wescripture.git
 ! [remote rejected]   main -> main (cannot lock ref 'refs/heads/main': is at 0a641664ad4e05af3adb03417028187b7034843a but expected d76a6a3237c68d80eab3897736b3a02e257beca6)
error: failed to push some refs to 'https://github.com/reif-is-a-foofie/wescripture.git'

Everything up-to-date
  [ledger] push failed: fatal: Unable to create '/Users/reify/Classified/wescripture/.git/index.lock': File exists.

Another git process seems to be running in this repository, e.g.
an editor opened by 'git commit'. Please make sure all processes
are terminated then try again. If it still fails, a git process
may have crashed in this repository earlier:
remove the file manually to continue.

To https://github.com/reif-is-a-foofie/wescripture.git
 ! [remote rejected]   main -> main (cannot lock ref 'refs/heads/main': is at 54f99e5b2af3aaff2675517c4cf56916589f945e but expected 5e957ed2581e5d3f5dbfb2b5f7c013bce6777823)
error: failed to push some refs to 'https://github.com/reif-is-a-foofie/wescripture.git'
  [ledger] push failed: fatal: Unable to create '/Users/reify/Classified/wescripture/.git/index.lock': File exists.

Another git process seems to be running in this repository, e.g.
an editor opened by 'git commit'. Please make sure all processes
are terminated then try again. If it still fails, a git process
may have crashed in this repository earlier:
remove the file manually to continue.

To https://github.com/reif-is-a-foofie/wescripture.git
 ! [remote rejected]   main -> main (cannot lock ref 'refs/heads/main': is at dbe25c6aa4544dde8292b209f2a4f893f0d27a91 but expected ca2d25e952b3a0eca4d4f957750dee80482e26d1)
error: failed to push some refs to 'https://github.com/reif-is-a-foofie/wescripture.git'
  [ledger] push failed: fatal: Unable to create '/Users/reify/Classified/wescripture/.git/index.lock': File exists.

Another git process seems to be running in this repository, e.g.
an editor opened by 'git commit'. Please make sure all processes
are terminated then try again. If it still fails, a git process
may have crashed in this repository earlier:
remove the file manually to continue.

To https://github.com/reif-is-a-foofie/wescripture.git
 ! [remote rejected]   main -> main (cannot lock ref 'refs/heads/main': is at 27ca887ffa78ed167351a7d5fe5fa07d6fdb70af but expected 65c74f5d81c9b25977a350ee2cb595619c521d68)
error: failed to push some refs to 'https://github.com/reif-is-a-foofie/wescripture.git'
  [ledger] push failed: fatal: Unable to create '/Users/reify/Classified/wescripture/.git/index.lock': File exists.

Another git process seems to be running in this repository, e.g.
an editor opened by 'git commit'. Please make sure all processes
are terminated then try again. If it still fails, a git process
may have crashed in this repository earlier:
remove the file manually to continue.

To https://github.com/reif-is-a-foofie/wescripture.git
   fa8e5344..f56e719b  main -> main
  [ledger] push failed: fatal: Unable to create '/Users/reify/Classified/wescripture/.git/index.lock': File exists.

Another git process seems to be running in this repository, e.g.
an editor opened by 'git commit'. Please make sure all processes
are terminated then try again. If it still fails, a git process
may have crashed in this repository earlier:
remove the file manually to continue.

To https://github.com/reif-is-a-foofie/wescripture.git
 ! [remote rejected]   main -> main (cannot lock ref 'refs/heads/main': is at ea756e263fbcae73a51984e547544968a7031f75 but expected 446401cfe677e12167d9722acd2348bdbad84344)
error: failed to push some refs to 'https://github.com/reif-is-a-foofie/wescripture.git'
  [ledger] push failed: To https://github.com/reif-is-a-foofie/wescripture.git
 ! [remote rejected]   main -> main (cannot lock ref 'refs/heads/main': is at 70190f78a07d43859c95489ae6d7e6949f363163 but expected ba30194ad73760a20548e2b14b67c9b49d327ae1)
error: failed to push some refs to 'https://github.com/reif-is-a-foofie/wescripture.git'

Everything up-to-date
  [ledger] push failed: fatal: Unable to create '/Users/reify/Classified/wescripture/.git/index.lock': File exists.

Another git process seems to be running in this repository, e.g.
an editor opened by 'git commit'. Please make sure all processes
are terminated then try again. If it still fails, a git process
may have crashed in this repository earlier:
remove the file manually to continue.

To https://github.com/reif-is-a-foofie/wescripture.git
 ! [remote rejected]   main -> main (cannot lock ref 'refs/heads/main': is at 876c770cacbf59cfd1c78626f1866353110421ac but expected 45b36f612c9295c5d7dbb9e6a44cefa41a014f32)
error: failed to push some refs to 'https://github.com/reif-is-a-foofie/wescripture.git'
  [ledger] push failed: To https://github.com/reif-is-a-foofie/wescripture.git
 ! [remote rejected]   main -> main (cannot lock ref 'refs/heads/main': is at 007ab5a83814ff11c1a9784af3310a53557614bd but expected 04cc09b9d506a03bcc7c74e1d49da2e1664369b2)
error: failed to push some refs to 'https://github.com/reif-is-a-foofie/wescripture.git'

Everything up-to-date
  [ledger] push failed: fatal: Unable to create '/Users/reify/Classified/wescripture/.git/index.lock': File exists.

Another git process seems to be running in this repository, e.g.
an editor opened by 'git commit'. Please make sure all processes
are terminated then try again. If it still fails, a git process
may have crashed in this repository earlier:
remove the file manually to continue.

To https://github.com/reif-is-a-foofie/wescripture.git
 ! [remote rejected]   main -> main (cannot lock ref 'refs/heads/main': is at 8eb9a738fc3f578f1f3265966852105a931d9c74 but expected 2a4c0d6fa1896441aefb56520bda73b988a02446)
error: failed to push some refs to 'https://github.com/reif-is-a-foofie/wescripture.git'
  [ledger] push failed: fatal: Unable to create '/Users/reify/Classified/wescripture/.git/index.lock': File exists.

Another git process seems to be running in this repository, e.g.
an editor opened by 'git commit'. Please make sure all processes
are terminated then try again. If it still fails, a git process
may have crashed in this repository earlier:
remove the file manually to continue.

To https://github.com/reif-is-a-foofie/wescripture.git
 ! [remote rejected]   main -> main (cannot lock ref 'refs/heads/main': is at 296f9aa3b37ed4539ce8db9c7dd20fde193982d9 but expected bae123ca86040c0e8000bcb2f5f814acdde90443)
error: failed to push some refs to 'https://github.com/reif-is-a-foofie/wescripture.git'
  [ledger] push failed: To https://github.com/reif-is-a-foofie/wescripture.git
 ! [remote rejected]   main -> main (cannot lock ref 'refs/heads/main': is at 939f3f940a95f2b517b7e8a8263bd5ab26ed4f42 but expected 0d6cd3375e95015e26039744274ca2e71d22d72f)
error: failed to push some refs to 'https://github.com/reif-is-a-foofie/wescripture.git'

Everything up-to-date
  [ledger] push failed: fatal: Unable to create '/Users/reify/Classified/wescripture/.git/index.lock': File exists.

Another git process seems to be running in this repository, e.g.
an editor opened by 'git commit'. Please make sure all processes
are terminated then try again. If it still fails, a git process
may have crashed in this repository earlier:
remove the file manually to continue.

To https://github.com/reif-is-a-foofie/wescripture.git
 ! [remote rejected]   main -> main (cannot lock ref 'refs/heads/main': is at a6ccb4b8a7e3bff257c5d67c9d6cdec868a00771 but expected 67d6caafa0c267eec02f5bf2b56a2d358975b5cd)
error: failed to push some refs to 'https://github.com/reif-is-a-foofie/wescripture.git'
  [ledger] push failed: To https://github.com/reif-is-a-foofie/wescripture.git
 ! [remote rejected]   main -> main (cannot lock ref 'refs/heads/main': is at b2505732b82b19d4052bf8e043f3ba5fed826aec but expected 46abf65b9258cba0ce6ba6c2a5f4beb415186ff2)
error: failed to push some refs to 'https://github.com/reif-is-a-foofie/wescripture.git'

To https://github.com/reif-is-a-foofie/wescripture.git
 ! [remote rejected]   main -> main (cannot lock ref 'refs/heads/main': is at 3d04beb207912ff84e65ab6de85a46fb8f59159b but expected b2505732b82b19d4052bf8e043f3ba5fed826aec)
error: failed to push some refs to 'https://github.com/reif-is-a-foofie/wescripture.git'
Everything up-to-date
  [ledger] push failed: fatal: Unable to create '/Users/reify/Classified/wescripture/.git/index.lock': File exists.

Another git process seems to be running in this repository, e.g.
an editor opened by 'git commit'. Please make sure all processes
are terminated then try again. If it still fails, a git process
may have crashed in this repository earlier:
remove the file manually to continue.

To https://github.com/reif-is-a-foofie/wescripture.git
 ! [remote rejected]   main -> main (cannot lock ref 'refs/heads/main': is at 8285b9bc9430176d6e3fb00d1647cadac7f4a062 but expected dbe8a2d0764c8fa81d394e96eb2540485a12304a)
error: failed to push some refs to 'https://github.com/reif-is-a-foofie/wescripture.git'
  [ledger] push failed: fatal: Unable to create '/Users/reify/Classified/wescripture/.git/index.lock': File exists.

Another git process seems to be running in this repository, e.g.
an editor opened by 'git commit'. Please make sure all processes
are terminated then try again. If it still fails, a git process
may have crashed in this repository earlier:
remove the file manually to continue.

To https://github.com/reif-is-a-foofie/wescripture.git
 ! [remote rejected]   main -> main (cannot lock ref 'refs/heads/main': is at c01b3a2e655f45db32aebe7d7d0a0d485653c555 but expected 4c694a292878e5e5097b45b401b26d7749820ce0)
error: failed to push some refs to 'https://github.com/reif-is-a-foofie/wescripture.git'
  [ledger] push failed: To https://github.com/reif-is-a-foofie/wescripture.git
 ! [remote rejected]   main -> main (cannot lock ref 'refs/heads/main': is at 067f976ae6511df047d7d1ffe800d43da77604e6 but expected 09168207e96f889373a840b99ea9525e660f2393)
error: failed to push some refs to 'https://github.com/reif-is-a-foofie/wescripture.git'

To https://github.com/reif-is-a-foofie/wescripture.git
   067f976a..b6efe9fa  main -> main
  [ledger] push failed: fatal: Unable to create '/Users/reify/Classified/wescripture/.git/index.lock': File exists.

Another git process seems to be running in this repository, e.g.
an editor opened by 'git commit'. Please make sure all processes
are terminated then try again. If it still fails, a git process
may have crashed in this repository earlier:
remove the file manually to continue.

To https://github.com/reif-is-a-foofie/wescripture.git
 ! [remote rejected]   main -> main (cannot lock ref 'refs/heads/main': is at db4793c3923f44abc6e3712165353ca0cd955f6a but expected b6efe9fa0ab9ee9a14cc61fb1db24c09495fb78e)
error: failed to push some refs to 'https://github.com/reif-is-a-foofie/wescripture.git'
  [ledger] push failed: To https://github.com/reif-is-a-foofie/wescripture.git
 ! [remote rejected]   main -> main (cannot lock ref 'refs/heads/main': is at fc8ccb929f1662f34ef071b3f50a68a1b0c68844 but expected 259f51cf68041899964ebd087e9fec59e37c042e)
error: failed to push some refs to 'https://github.com/reif-is-a-foofie/wescripture.git'

Everything up-to-date
  [ledger] push failed: fatal: Unable to create '/Users/reify/Classified/wescripture/.git/index.lock': File exists.

Another git process seems to be running in this repository, e.g.
an editor opened by 'git commit'. Please make sure all processes
are terminated then try again. If it still fails, a git process
may have crashed in this repository earlier:
remove the file manually to continue.

To https://github.com/reif-is-a-foofie/wescripture.git
 ! [remote rejected]   main -> main (cannot lock ref 'refs/heads/main': is at ba57af5fd3c7692e4bad70d7c142a3cf0da6f35e but expected f1740add40bc30232acccbfccc52f9248654d864)
error: failed to push some refs to 'https://github.com/reif-is-a-foofie/wescripture.git'
  [ledger] push failed: fatal: Unable to create '/Users/reify/Classified/wescripture/.git/index.lock': File exists.

Another git process seems to be running in this repository, e.g.
an editor opened by 'git commit'. Please make sure all processes
are terminated then try again. If it still fails, a git process
may have crashed in this repository earlier:
remove the file manually to continue.

To https://github.com/reif-is-a-foofie/wescripture.git
 ! [remote rejected]   main -> main (cannot lock ref 'refs/heads/main': is at ba6dac4c2e7fc4e304fc6f18ce0a381db1da78a4 but expected bb68d11607a3a560879b99d7bc248df49cc68b8e)
error: failed to push some refs to 'https://github.com/reif-is-a-foofie/wescripture.git'
  [ledger] push failed: fatal: Unable to create '/Users/reify/Classified/wescripture/.git/index.lock': File exists.

Another git process seems to be running in this repository, e.g.
an editor opened by 'git commit'. Please make sure all processes
are terminated then try again. If it still fails, a git process
may have crashed in this repository earlier:
remove the file manually to continue.

To https://github.com/reif-is-a-foofie/wescripture.git
 ! [remote rejected]   main -> main (cannot lock ref 'refs/heads/main': is at b449bf7b3300e830035abcc798ee502a2f83b2c9 but expected e1605deb93464abddd21ea8853cdf6a86ad89c48)
error: failed to push some refs to 'https://github.com/reif-is-a-foofie/wescripture.git'
  [ledger] push failed: fatal: Unable to create '/Users/reify/Classified/wescripture/.git/index.lock': File exists.

Another git process seems to be running in this repository, e.g.
an editor opened by 'git commit'. Please make sure all processes
are terminated then try again. If it still fails, a git process
may have crashed in this repository earlier:
remove the file manually to continue.

To https://github.com/reif-is-a-foofie/wescripture.git
 ! [remote rejected]   main -> main (cannot lock ref 'refs/heads/main': is at a12f23d62bdfda6c7fd868899cb454cb08c67af6 but expected 48f213dc458e1d295fa92886386814bb69317164)
error: failed to push some refs to 'https://github.com/reif-is-a-foofie/wescripture.git'
  [ledger] push failed: fatal: Unable to create '/Users/reify/Classified/wescripture/.git/index.lock': File exists.

Another git process seems to be running in this repository, e.g.
an editor opened by 'git commit'. Please make sure all processes
are terminated then try again. If it still fails, a git process
may have crashed in this repository earlier:
remove the file manually to continue.

To https://github.com/reif-is-a-foofie/wescripture.git
   cd2a5d5e..6b07f9fc  main -> main
  [ledger] push failed: fatal: Unable to create '/Users/reify/Classified/wescripture/.git/index.lock': File exists.

Another git process seems to be running in this repository, e.g.
an editor opened by 'git commit'. Please make sure all processes
are terminated then try again. If it still fails, a git process
may have crashed in this repository earlier:
remove the file manually to continue.

  [ledger] push failed: fatal: Unable to create '/Users/reify/Classified/wescripture/.git/index.lock': File exists.

Another git process seems to be running in this repository, e.g.
an editor opened by 'git commit'. Please make sure all processes
are terminated then try again. If it still fails, a git process
may have crashed in this repository earlier:
remove the file manually to continue.

To https://github.com/reif-is-a-foofie/wescripture.git
 ! [remote rejected]   main -> main (cannot lock ref 'refs/heads/main': is at b2ec52e41bd87624d66ec3dc5a0e0ec99a3c9ea4 but expected 257a0574d3adff266993a3e0b92da62a39dbdf30)
error: failed to push some refs to 'https://github.com/reif-is-a-foofie/wescripture.git'
Everything up-to-date
  [ledger] push failed: To https://github.com/reif-is-a-foofie/wescripture.git
 ! [remote rejected]   main -> main (cannot lock ref 'refs/heads/main': is at b2ec52e41bd87624d66ec3dc5a0e0ec99a3c9ea4 but expected 257a0574d3adff266993a3e0b92da62a39dbdf30)
error: failed to push some refs to 'https://github.com/reif-is-a-foofie/wescripture.git'

Everything up-to-date
  [ledger] push failed: fatal: Unable to create '/Users/reify/Classified/wescripture/.git/index.lock': File exists.

Another git process seems to be running in this repository, e.g.
an editor opened by 'git commit'. Please make sure all processes
are terminated then try again. If it still fails, a git process
may have crashed in this repository earlier:
remove the file manually to continue.

To https://github.com/reif-is-a-foofie/wescripture.git
   00469402..0f17eb00  main -> main
  [ledger] push failed: fatal: Unable to create '/Users/reify/Classified/wescripture/.git/index.lock': File exists.

Another git process seems to be running in this repository, e.g.
an editor opened by 'git commit'. Please make sure all processes
are terminated then try again. If it still fails, a git process
may have crashed in this repository earlier:
remove the file manually to continue.

  [ledger] push failed: fatal: Unable to create '/Users/reify/Classified/wescripture/.git/index.lock': File exists.

Another git process seems to be running in this repository, e.g.
an editor opened by 'git commit'. Please make sure all processes
are terminated then try again. If it still fails, a git process
may have crashed in this repository earlier:
remove the file manually to continue.

To https://github.com/reif-is-a-foofie/wescripture.git
 ! [remote rejected]   main -> main (cannot lock ref 'refs/heads/main': is at 8642190acddbb1394b8aa776bfdb3652985608c4 but expected e9d9f8db3c9db74c59a42f24e665ce1d764c8c89)
error: failed to push some refs to 'https://github.com/reif-is-a-foofie/wescripture.git'
To https://github.com/reif-is-a-foofie/wescripture.git
 ! [remote rejected]   main -> main (cannot lock ref 'refs/heads/main': is at 8642190acddbb1394b8aa776bfdb3652985608c4 but expected e9d9f8db3c9db74c59a42f24e665ce1d764c8c89)
error: failed to push some refs to 'https://github.com/reif-is-a-foofie/wescripture.git'
  [ledger] push failed: To https://github.com/reif-is-a-foofie/wescripture.git
 ! [remote rejected]   main -> main (cannot lock ref 'refs/heads/main': is at 8642190acddbb1394b8aa776bfdb3652985608c4 but expected e9d9f8db3c9db74c59a42f24e665ce1d764c8c89)
error: failed to push some refs to 'https://github.com/reif-is-a-foofie/wescripture.git'

To https://github.com/reif-is-a-foofie/wescripture.git
 ! [remote rejected]   main -> main (cannot lock ref 'refs/heads/main': is at 66324ebb2662aa1161d05782b200ea9a63a619b2 but expected 8642190acddbb1394b8aa776bfdb3652985608c4)
error: failed to push some refs to 'https://github.com/reif-is-a-foofie/wescripture.git'
  [ledger] push failed: fatal: Unable to create '/Users/reify/Classified/wescripture/.git/index.lock': File exists.

Another git process seems to be running in this repository, e.g.
an editor opened by 'git commit'. Please make sure all processes
are terminated then try again. If it still fails, a git process
may have crashed in this repository earlier:
remove the file manually to continue.

  [ledger] push failed: fatal: Unable to create '/Users/reify/Classified/wescripture/.git/index.lock': File exists.

Another git process seems to be running in this repository, e.g.
an editor opened by 'git commit'. Please make sure all processes
are terminated then try again. If it still fails, a git process
may have crashed in this repository earlier:
remove the file manually to continue.

To https://github.com/reif-is-a-foofie/wescripture.git
 ! [remote rejected]   main -> main (cannot lock ref 'refs/heads/main': is at 9ea0b175d0ad6aaad8653fd0a3257fb5a8f2be48 but expected 66324ebb2662aa1161d05782b200ea9a63a619b2)
error: failed to push some refs to 'https://github.com/reif-is-a-foofie/wescripture.git'
  [ledger] push failed: fatal: Unable to create '/Users/reify/Classified/wescripture/.git/index.lock': File exists.

Another git process seems to be running in this repository, e.g.
an editor opened by 'git commit'. Please make sure all processes
are terminated then try again. If it still fails, a git process
may have crashed in this repository earlier:
remove the file manually to continue.

To https://github.com/reif-is-a-foofie/wescripture.git
 ! [remote rejected]   main -> main (cannot lock ref 'refs/heads/main': is at 8456bebf95b2c75edccca218c7edf7f31ddb1dca but expected 9ea0b175d0ad6aaad8653fd0a3257fb5a8f2be48)
error: failed to push some refs to 'https://github.com/reif-is-a-foofie/wescripture.git'
To https://github.com/reif-is-a-foofie/wescripture.git
 ! [rejected]          main -> main (non-fast-forward)
error: failed to push some refs to 'https://github.com/reif-is-a-foofie/wescripture.git'
hint: Updates were rejected because the tip of your current branch is behind
hint: its remote counterpart. Integrate the remote changes (e.g.
hint: 'git pull ...') before pushing again.
hint: See the 'Note about fast-forwards' in 'git push --help' for details.
  [ledger] push failed: To https://github.com/reif-is-a-foofie/wescripture.git
 ! [remote rejected]   main -> main (cannot lock ref 'refs/heads/main': is at 8456bebf95b2c75edccca218c7edf7f31ddb1dca but expected 9ea0b175d0ad6aaad8653fd0a3257fb5a8f2be48)
error: failed to push some refs to 'https://github.com/reif-is-a-foofie/wescripture.git'

To https://github.com/reif-is-a-foofie/wescripture.git
 ! [remote rejected]   main -> main (cannot lock ref 'refs/heads/main': is at 241b470de53c3d2362ffaea2693797ee970d259e but expected 8456bebf95b2c75edccca218c7edf7f31ddb1dca)
error: failed to push some refs to 'https://github.com/reif-is-a-foofie/wescripture.git'
  [ledger] push failed: fatal: Unable to create '/Users/reify/Classified/wescripture/.git/index.lock': File exists.

Another git process seems to be running in this repository, e.g.
an editor opened by 'git commit'. Please make sure all processes
are terminated then try again. If it still fails, a git process
may have crashed in this repository earlier:
remove the file manually to continue.

  [ledger] push failed: fatal: Unable to create '/Users/reify/Classified/wescripture/.git/index.lock': File exists.

Another git process seems to be running in this repository, e.g.
an editor opened by 'git commit'. Please make sure all processes
are terminated then try again. If it still fails, a git process
may have crashed in this repository earlier:
remove the file manually to continue.

Everything up-to-date
  [ledger] push failed: fatal: Unable to create '/Users/reify/Classified/wescripture/.git/index.lock': File exists.

Another git process seems to be running in this repository, e.g.
an editor opened by 'git commit'. Please make sure all processes
are terminated then try again. If it still fails, a git process
may have crashed in this repository earlier:
remove the file manually to continue.

  [ledger] push failed: To https://github.com/reif-is-a-foofie/wescripture.git
 ! [remote rejected]   main -> main (cannot lock ref 'refs/heads/main': is at 765c61dee64421e207af6dee298eb40b9bd14f3d but expected a5e4e84b128055ed073bf3530b277d263a05aadd)
error: failed to push some refs to 'https://github.com/reif-is-a-foofie/wescripture.git'

Everything up-to-date
To https://github.com/reif-is-a-foofie/wescripture.git
 ! [remote rejected]   main -> main (cannot lock ref 'refs/heads/main': is at 765c61dee64421e207af6dee298eb40b9bd14f3d but expected a5e4e84b128055ed073bf3530b277d263a05aadd)
error: failed to push some refs to 'https://github.com/reif-is-a-foofie/wescripture.git'
To https://github.com/reif-is-a-foofie/wescripture.git
 ! [remote rejected]   main -> main (cannot lock ref 'refs/heads/main': is at 0a195bb1170e80f0120ffd658f00d58e4dbf7d53 but expected 765c61dee64421e207af6dee298eb40b9bd14f3d)
error: failed to push some refs to 'https://github.com/reif-is-a-foofie/wescripture.git'
  [ledger] push failed: To https://github.com/reif-is-a-foofie/wescripture.git
 ! [remote rejected]   main -> main (cannot lock ref 'refs/heads/main': is at 88635c8f2c819e8aff827e87fa5b519c71ce6920 but expected 0a195bb1170e80f0120ffd658f00d58e4dbf7d53)
error: failed to push some refs to 'https://github.com/reif-is-a-foofie/wescripture.git'

Everything up-to-date
  [ledger] push failed: fatal: Unable to create '/Users/reify/Classified/wescripture/.git/index.lock': File exists.

Another git process seems to be running in this repository, e.g.
an editor opened by 'git commit'. Please make sure all processes
are terminated then try again. If it still fails, a git process
may have crashed in this repository earlier:
remove the file manually to continue.

  [ledger] push failed: fatal: cannot lock ref 'HEAD': is at a7e06c2bad02cfc10c9030f871ac94e8543779d0 but expected db2a18aec05e61e5fcf8fb712db467183c7f00f8

  [ledger] push failed: To https://github.com/reif-is-a-foofie/wescripture.git
 ! [remote rejected]   main -> main (cannot lock ref 'refs/heads/main': is at a8512295752655acbf5deffd1f3d20fb1df1c1c7 but expected 246e7b3672bf0c64003222d029a4ce265694b276)
error: failed to push some refs to 'https://github.com/reif-is-a-foofie/wescripture.git'

To https://github.com/reif-is-a-foofie/wescripture.git
 ! [remote rejected]   main -> main (cannot lock ref 'refs/heads/main': is at a8512295752655acbf5deffd1f3d20fb1df1c1c7 but expected 246e7b3672bf0c64003222d029a4ce265694b276)
error: failed to push some refs to 'https://github.com/reif-is-a-foofie/wescripture.git'
To https://github.com/reif-is-a-foofie/wescripture.git
 ! [remote rejected]   main -> main (cannot lock ref 'refs/heads/main': is at a8512295752655acbf5deffd1f3d20fb1df1c1c7 but expected 246e7b3672bf0c64003222d029a4ce265694b276)
error: failed to push some refs to 'https://github.com/reif-is-a-foofie/wescripture.git'
Everything up-to-date
  [ledger] push failed: fatal: Unable to create '/Users/reify/Classified/wescripture/.git/index.lock': File exists.

Another git process seems to be running in this repository, e.g.
an editor opened by 'git commit'. Please make sure all processes
are terminated then try again. If it still fails, a git process
may have crashed in this repository earlier:
remove the file manually to continue.

To https://github.com/reif-is-a-foofie/wescripture.git
 ! [remote rejected]   main -> main (cannot lock ref 'refs/heads/main': is at 6d6a7a31d9fbfc52965b7e8f9b880e5570e6552c but expected 385fa7b2e596c0718168a18dd6b8b8080673fea7)
error: failed to push some refs to 'https://github.com/reif-is-a-foofie/wescripture.git'
  [ledger] push failed: fatal: Unable to create '/Users/reify/Classified/wescripture/.git/index.lock': File exists.

Another git process seems to be running in this repository, e.g.
an editor opened by 'git commit'. Please make sure all processes
are terminated then try again. If it still fails, a git process
may have crashed in this repository earlier:
remove the file manually to continue.

  [ledger] push failed: fatal: Unable to create '/Users/reify/Classified/wescripture/.git/index.lock': File exists.

Another git process seems to be running in this repository, e.g.
an editor opened by 'git commit'. Please make sure all processes
are terminated then try again. If it still fails, a git process
may have crashed in this repository earlier:
remove the file manually to continue.

To https://github.com/reif-is-a-foofie/wescripture.git
 ! [remote rejected]   main -> main (cannot lock ref 'refs/heads/main': is at f639da9a3640f416d7bd1b212e071686570a296e but expected 1bde50e782f434e3733a3c6dbb9bd8736990a548)
error: failed to push some refs to 'https://github.com/reif-is-a-foofie/wescripture.git'
To https://github.com/reif-is-a-foofie/wescripture.git
 ! [remote rejected]   main -> main (cannot lock ref 'refs/heads/main': is at f639da9a3640f416d7bd1b212e071686570a296e but expected 1bde50e782f434e3733a3c6dbb9bd8736990a548)
error: failed to push some refs to 'https://github.com/reif-is-a-foofie/wescripture.git'
  [ledger] push failed: To https://github.com/reif-is-a-foofie/wescripture.git
 ! [remote rejected]   main -> main (cannot lock ref 'refs/heads/main': is at 059d1518437f04f7a5bc85d0278741ad09db1572 but expected f639da9a3640f416d7bd1b212e071686570a296e)
error: failed to push some refs to 'https://github.com/reif-is-a-foofie/wescripture.git'

Everything up-to-date
  [ledger] push failed: To https://github.com/reif-is-a-foofie/wescripture.git
 ! [remote rejected]   main -> main (cannot lock ref 'refs/heads/main': is at 77e3d1d842093965bfa076c7440db14d49b06a6d but expected 059d1518437f04f7a5bc85d0278741ad09db1572)
error: failed to push some refs to 'https://github.com/reif-is-a-foofie/wescripture.git'

  [ledger] push failed: fatal: Unable to create '/Users/reify/Classified/wescripture/.git/index.lock': File exists.

Another git process seems to be running in this repository, e.g.
an editor opened by 'git commit'. Please make sure all processes
are terminated then try again. If it still fails, a git process
may have crashed in this repository earlier:
remove the file manually to continue.

To https://github.com/reif-is-a-foofie/wescripture.git
 ! [remote rejected]   main -> main (cannot lock ref 'refs/heads/main': is at 891cb5b729cc7a5956f688811e8879eeafbd1e79 but expected 77e3d1d842093965bfa076c7440db14d49b06a6d)
error: failed to push some refs to 'https://github.com/reif-is-a-foofie/wescripture.git'
  [ledger] push failed: fatal: Unable to create '/Users/reify/Classified/wescripture/.git/index.lock': File exists.

Another git process seems to be running in this repository, e.g.
an editor opened by 'git commit'. Please make sure all processes
are terminated then try again. If it still fails, a git process
may have crashed in this repository earlier:
remove the file manually to continue.

  [ledger] push failed: fatal: Unable to create '/Users/reify/Classified/wescripture/.git/index.lock': File exists.

Another git process seems to be running in this repository, e.g.
an editor opened by 'git commit'. Please make sure all processes
are terminated then try again. If it still fails, a git process
may have crashed in this repository earlier:
remove the file manually to continue.

To https://github.com/reif-is-a-foofie/wescripture.git
 ! [remote rejected]   main -> main (cannot lock ref 'refs/heads/main': is at 891cb5b729cc7a5956f688811e8879eeafbd1e79 but expected 77e3d1d842093965bfa076c7440db14d49b06a6d)
error: failed to push some refs to 'https://github.com/reif-is-a-foofie/wescripture.git'
To https://github.com/reif-is-a-foofie/wescripture.git
 ! [remote rejected]   main -> main (cannot lock ref 'refs/heads/main': is at dd8118c4ccf30603a4e1f402dd6a6b42552126f1 but expected 891cb5b729cc7a5956f688811e8879eeafbd1e79)
error: failed to push some refs to 'https://github.com/reif-is-a-foofie/wescripture.git'
To https://github.com/reif-is-a-foofie/wescripture.git
 ! [remote rejected]   main -> main (cannot lock ref 'refs/heads/main': is at dd8118c4ccf30603a4e1f402dd6a6b42552126f1 but expected 891cb5b729cc7a5956f688811e8879eeafbd1e79)
error: failed to push some refs to 'https://github.com/reif-is-a-foofie/wescripture.git'
  [ledger] push failed: fatal: Unable to create '/Users/reify/Classified/wescripture/.git/index.lock': File exists.

Another git process seems to be running in this repository, e.g.
an editor opened by 'git commit'. Please make sure all processes
are terminated then try again. If it still fails, a git process
may have crashed in this repository earlier:
remove the file manually to continue.

To https://github.com/reif-is-a-foofie/wescripture.git
 ! [remote rejected]   main -> main (cannot lock ref 'refs/heads/main': is at cb78ad359c61d738a9d4cde1be295348d931d227 but expected c96a1d56921375f336ff66631a523d4faf3bdf9e)
error: failed to push some refs to 'https://github.com/reif-is-a-foofie/wescripture.git'
  [ledger] push failed: To https://github.com/reif-is-a-foofie/wescripture.git
 ! [remote rejected]   main -> main (cannot lock ref 'refs/heads/main': is at 45057894c9defef5bb4de707d79be095b0d96378 but expected cb78ad359c61d738a9d4cde1be295348d931d227)
error: failed to push some refs to 'https://github.com/reif-is-a-foofie/wescripture.git'

  [ledger] push failed: fatal: Unable to create '/Users/reify/Classified/wescripture/.git/index.lock': File exists.

Another git process seems to be running in this repository, e.g.
an editor opened by 'git commit'. Please make sure all processes
are terminated then try again. If it still fails, a git process
may have crashed in this repository earlier:
remove the file manually to continue.

Everything up-to-date
  [ledger] push failed: To https://github.com/reif-is-a-foofie/wescripture.git
 ! [remote rejected]   main -> main (cannot lock ref 'refs/heads/main': is at 010a9c8675a107d282a60b0a47e108c7c47e4222 but expected 45057894c9defef5bb4de707d79be095b0d96378)
error: failed to push some refs to 'https://github.com/reif-is-a-foofie/wescripture.git'

To https://github.com/reif-is-a-foofie/wescripture.git
 ! [remote rejected]   main -> main (cannot lock ref 'refs/heads/main': is at 010a9c8675a107d282a60b0a47e108c7c47e4222 but expected 45057894c9defef5bb4de707d79be095b0d96378)
error: failed to push some refs to 'https://github.com/reif-is-a-foofie/wescripture.git'
Everything up-to-date
  [ledger] push failed: fatal: Unable to create '/Users/reify/Classified/wescripture/.git/index.lock': File exists.

Another git process seems to be running in this repository, e.g.
an editor opened by 'git commit'. Please make sure all processes
are terminated then try again. If it still fails, a git process
may have crashed in this repository earlier:
remove the file manually to continue.

To https://github.com/reif-is-a-foofie/wescripture.git
 ! [remote rejected]   main -> main (cannot lock ref 'refs/heads/main': is at f2c828cfdcf09fd9deba8042f436a9a3867f4358 but expected 2ad21db5bb24423c6bb0a1b7f6875b392cf4d84f)
error: failed to push some refs to 'https://github.com/reif-is-a-foofie/wescripture.git'
  [ledger] push failed: To https://github.com/reif-is-a-foofie/wescripture.git
 ! [remote rejected]   main -> main (cannot lock ref 'refs/heads/main': is at f2c828cfdcf09fd9deba8042f436a9a3867f4358 but expected 2ad21db5bb24423c6bb0a1b7f6875b392cf4d84f)
error: failed to push some refs to 'https://github.com/reif-is-a-foofie/wescripture.git'

  [ledger] push failed: fatal: Unable to create '/Users/reify/Classified/wescripture/.git/index.lock': File exists.

Another git process seems to be running in this repository, e.g.
an editor opened by 'git commit'. Please make sure all processes
are terminated then try again. If it still fails, a git process
may have crashed in this repository earlier:
remove the file manually to continue.

  [ledger] push failed: fatal: Unable to create '/Users/reify/Classified/wescripture/.git/index.lock': File exists.

Another git process seems to be running in this repository, e.g.
an editor opened by 'git commit'. Please make sure all processes
are terminated then try again. If it still fails, a git process
may have crashed in this repository earlier:
remove the file manually to continue.

To https://github.com/reif-is-a-foofie/wescripture.git
   f2c828cf..2a37f18d  main -> main
To https://github.com/reif-is-a-foofie/wescripture.git
 ! [remote rejected]   main -> main (cannot lock ref 'refs/heads/main': is at 2ac2b910b35e8ad2fd5995e0dcef1cd824034553 but expected f2c828cfdcf09fd9deba8042f436a9a3867f4358)
error: failed to push some refs to 'https://github.com/reif-is-a-foofie/wescripture.git'
Everything up-to-date
  [ledger] push failed: fatal: Unable to create '/Users/reify/Classified/wescripture/.git/index.lock': File exists.

Another git process seems to be running in this repository, e.g.
an editor opened by 'git commit'. Please make sure all processes
are terminated then try again. If it still fails, a git process
may have crashed in this repository earlier:
remove the file manually to continue.

To https://github.com/reif-is-a-foofie/wescripture.git
 ! [remote rejected]   main -> main (cannot lock ref 'refs/heads/main': is at 92f3653d45190c79b42e330775129b1018362f2f but expected 4d50960976fdf00c2cacfd3b6553b43365fd3a67)
error: failed to push some refs to 'https://github.com/reif-is-a-foofie/wescripture.git'
  [ledger] push failed: To https://github.com/reif-is-a-foofie/wescripture.git
 ! [remote rejected]   main -> main (cannot lock ref 'refs/heads/main': is at 7a7a2c4ea41bba3d4dd630ddd1e9a79bb986ee62 but expected 92f3653d45190c79b42e330775129b1018362f2f)
error: failed to push some refs to 'https://github.com/reif-is-a-foofie/wescripture.git'

  [ledger] push failed: fatal: Unable to create '/Users/reify/Classified/wescripture/.git/index.lock': File exists.

Another git process seems to be running in this repository, e.g.
an editor opened by 'git commit'. Please make sure all processes
are terminated then try again. If it still fails, a git process
may have crashed in this repository earlier:
remove the file manually to continue.

  [ledger] push failed: fatal: Unable to create '/Users/reify/Classified/wescripture/.git/index.lock': File exists.

Another git process seems to be running in this repository, e.g.
an editor opened by 'git commit'. Please make sure all processes
are terminated then try again. If it still fails, a git process
may have crashed in this repository earlier:
remove the file manually to continue.

To https://github.com/reif-is-a-foofie/wescripture.git
 ! [remote rejected]   main -> main (cannot lock ref 'refs/heads/main': is at 77f8f7e6b09d278bb279b3142f14b6ae35aeee52 but expected 7a7a2c4ea41bba3d4dd630ddd1e9a79bb986ee62)
error: failed to push some refs to 'https://github.com/reif-is-a-foofie/wescripture.git'
To https://github.com/reif-is-a-foofie/wescripture.git
 ! [remote rejected]   main -> main (cannot lock ref 'refs/heads/main': is at 77f8f7e6b09d278bb279b3142f14b6ae35aeee52 but expected 7a7a2c4ea41bba3d4dd630ddd1e9a79bb986ee62)
error: failed to push some refs to 'https://github.com/reif-is-a-foofie/wescripture.git'
To https://github.com/reif-is-a-foofie/wescripture.git
 ! [remote rejected]   main -> main (cannot lock ref 'refs/heads/main': is at 77f8f7e6b09d278bb279b3142f14b6ae35aeee52 but expected 7a7a2c4ea41bba3d4dd630ddd1e9a79bb986ee62)
error: failed to push some refs to 'https://github.com/reif-is-a-foofie/wescripture.git'
  [ledger] push failed: To https://github.com/reif-is-a-foofie/wescripture.git
 ! [remote rejected]   main -> main (cannot lock ref 'refs/heads/main': is at 70ec2feb7bfcf75eda96ac3b72c54be2540a35e2 but expected 7224290583e8ca4aaf4268dd735bb4e4fa0b8ad5)
error: failed to push some refs to 'https://github.com/reif-is-a-foofie/wescripture.git'

Everything up-to-date
  [ledger] push failed: fatal: Unable to create '/Users/reify/Classified/wescripture/.git/index.lock': File exists.

Another git process seems to be running in this repository, e.g.
an editor opened by 'git commit'. Please make sure all processes
are terminated then try again. If it still fails, a git process
may have crashed in this repository earlier:
remove the file manually to continue.

To https://github.com/reif-is-a-foofie/wescripture.git
   70ec2feb..966cce97  main -> main
  [ledger] push failed: fatal: Unable to create '/Users/reify/Classified/wescripture/.git/index.lock': File exists.

Another git process seems to be running in this repository, e.g.
an editor opened by 'git commit'. Please make sure all processes
are terminated then try again. If it still fails, a git process
may have crashed in this repository earlier:
remove the file manually to continue.

To https://github.com/reif-is-a-foofie/wescripture.git
 ! [remote rejected]   main -> main (cannot lock ref 'refs/heads/main': is at 70d837643e2c7bde20d416fa0ebc103324258831 but expected 70ec2feb7bfcf75eda96ac3b72c54be2540a35e2)
error: failed to push some refs to 'https://github.com/reif-is-a-foofie/wescripture.git'
To https://github.com/reif-is-a-foofie/wescripture.git
 ! [remote rejected]   main -> main (cannot lock ref 'refs/heads/main': is at 413520512e970401a6c05f187acc152cfb0eb7e8 but expected 70d837643e2c7bde20d416fa0ebc103324258831)
error: failed to push some refs to 'https://github.com/reif-is-a-foofie/wescripture.git'
  [ledger] push failed: fatal: Unable to create '/Users/reify/Classified/wescripture/.git/index.lock': File exists.

Another git process seems to be running in this repository, e.g.
an editor opened by 'git commit'. Please make sure all processes
are terminated then try again. If it still fails, a git process
may have crashed in this repository earlier:
remove the file manually to continue.

  [ledger] push failed: fatal: Unable to create '/Users/reify/Classified/wescripture/.git/index.lock': File exists.

Another git process seems to be running in this repository, e.g.
an editor opened by 'git commit'. Please make sure all processes
are terminated then try again. If it still fails, a git process
may have crashed in this repository earlier:
remove the file manually to continue.

To https://github.com/reif-is-a-foofie/wescripture.git
   c59193ca..f0a4b251  main -> main
To https://github.com/reif-is-a-foofie/wescripture.git
 ! [remote rejected]   main -> main (cannot lock ref 'refs/heads/main': is at a114f1fa0b02dfd43c2b5d946f3dec9e90527382 but expected c59193cacb135bf5279dfa630490d0e48eb9f8eb)
error: failed to push some refs to 'https://github.com/reif-is-a-foofie/wescripture.git'
  [ledger] push failed: fatal: Unable to create '/Users/reify/Classified/wescripture/.git/index.lock': File exists.

Another git process seems to be running in this repository, e.g.
an editor opened by 'git commit'. Please make sure all processes
are terminated then try again. If it still fails, a git process
may have crashed in this repository earlier:
remove the file manually to continue.

To https://github.com/reif-is-a-foofie/wescripture.git
 ! [remote rejected]   main -> main (cannot lock ref 'refs/heads/main': is at 1f044817ae494caa0de552523932a467b9be04be but expected a114f1fa0b02dfd43c2b5d946f3dec9e90527382)
error: failed to push some refs to 'https://github.com/reif-is-a-foofie/wescripture.git'
Everything up-to-date
  [ledger] push failed: fatal: Unable to create '/Users/reify/Classified/wescripture/.git/index.lock': File exists.

Another git process seems to be running in this repository, e.g.
an editor opened by 'git commit'. Please make sure all processes
are terminated then try again. If it still fails, a git process
may have crashed in this repository earlier:
remove the file manually to continue.

  [ledger] push failed: fatal: Unable to create '/Users/reify/Classified/wescripture/.git/index.lock': File exists.

Another git process seems to be running in this repository, e.g.
an editor opened by 'git commit'. Please make sure all processes
are terminated then try again. If it still fails, a git process
may have crashed in this repository earlier:
remove the file manually to continue.

To https://github.com/reif-is-a-foofie/wescripture.git
 ! [remote rejected]   main -> main (cannot lock ref 'refs/heads/main': is at 29fe51891c6042bbf3339eb609ea92ea4d0656f1 but expected 725f4f9601be328b0696d2e52fb05f4053074d69)
error: failed to push some refs to 'https://github.com/reif-is-a-foofie/wescripture.git'
To https://github.com/reif-is-a-foofie/wescripture.git
 ! [remote rejected]   main -> main (cannot lock ref 'refs/heads/main': is at 29fe51891c6042bbf3339eb609ea92ea4d0656f1 but expected 725f4f9601be328b0696d2e52fb05f4053074d69)
error: failed to push some refs to 'https://github.com/reif-is-a-foofie/wescripture.git'
  [ledger] push failed: fatal: Unable to create '/Users/reify/Classified/wescripture/.git/index.lock': File exists.

Another git process seems to be running in this repository, e.g.
an editor opened by 'git commit'. Please make sure all processes
are terminated then try again. If it still fails, a git process
may have crashed in this repository earlier:
remove the file manually to continue.

To https://github.com/reif-is-a-foofie/wescripture.git
 ! [remote rejected]   main -> main (cannot lock ref 'refs/heads/main': is at 09ea5ed8cae5e64220b5159ae073466c84f8bf98 but expected 29fe51891c6042bbf3339eb609ea92ea4d0656f1)
error: failed to push some refs to 'https://github.com/reif-is-a-foofie/wescripture.git'
  [ledger] push failed: To https://github.com/reif-is-a-foofie/wescripture.git
 ! [remote rejected]   main -> main (cannot lock ref 'refs/heads/main': is at 6f5c9a12b0c5ace3d45c52b39b8edd616d6ec062 but expected 09ea5ed8cae5e64220b5159ae073466c84f8bf98)
error: failed to push some refs to 'https://github.com/reif-is-a-foofie/wescripture.git'

Everything up-to-date
  [ledger] push failed: fatal: Unable to create '/Users/reify/Classified/wescripture/.git/index.lock': File exists.

Another git process seems to be running in this repository, e.g.
an editor opened by 'git commit'. Please make sure all processes
are terminated then try again. If it still fails, a git process
may have crashed in this repository earlier:
remove the file manually to continue.

  [ledger] push failed: fatal: Unable to create '/Users/reify/Classified/wescripture/.git/index.lock': File exists.

Another git process seems to be running in this repository, e.g.
an editor opened by 'git commit'. Please make sure all processes
are terminated then try again. If it still fails, a git process
may have crashed in this repository earlier:
remove the file manually to continue.

To https://github.com/reif-is-a-foofie/wescripture.git
 ! [remote rejected]   main -> main (cannot lock ref 'refs/heads/main': is at a1ee85af26c9a96c936e25c91c2aba0e56785cd8 but expected 3ebf945ac55847b5e8cc5783f5cef0c2948f6791)
error: failed to push some refs to 'https://github.com/reif-is-a-foofie/wescripture.git'
To https://github.com/reif-is-a-foofie/wescripture.git
 ! [remote rejected]   main -> main (cannot lock ref 'refs/heads/main': is at a1ee85af26c9a96c936e25c91c2aba0e56785cd8 but expected 3ebf945ac55847b5e8cc5783f5cef0c2948f6791)
error: failed to push some refs to 'https://github.com/reif-is-a-foofie/wescripture.git'
  [ledger] push failed: fatal: Unable to create '/Users/reify/Classified/wescripture/.git/index.lock': File exists.

Another git process seems to be running in this repository, e.g.
an editor opened by 'git commit'. Please make sure all processes
are terminated then try again. If it still fails, a git process
may have crashed in this repository earlier:
remove the file manually to continue.

  [ledger] push failed: fatal: Unable to create '/Users/reify/Classified/wescripture/.git/index.lock': File exists.

Another git process seems to be running in this repository, e.g.
an editor opened by 'git commit'. Please make sure all processes
are terminated then try again. If it still fails, a git process
may have crashed in this repository earlier:
remove the file manually to continue.

To https://github.com/reif-is-a-foofie/wescripture.git
 ! [remote rejected]   main -> main (cannot lock ref 'refs/heads/main': is at 64a7a4efc17d4e555bdc27cb915b0b4db99f3b67 but expected 302fea21e61986d7eb5738e581d9ec8cfa8545bf)
error: failed to push some refs to 'https://github.com/reif-is-a-foofie/wescripture.git'
To https://github.com/reif-is-a-foofie/wescripture.git
 ! [remote rejected]   main -> main (cannot lock ref 'refs/heads/main': is at 64a7a4efc17d4e555bdc27cb915b0b4db99f3b67 but expected 302fea21e61986d7eb5738e581d9ec8cfa8545bf)
error: failed to push some refs to 'https://github.com/reif-is-a-foofie/wescripture.git'
  [ledger] push failed: fatal: Unable to create '/Users/reify/Classified/wescripture/.git/index.lock': File exists.

Another git process seems to be running in this repository, e.g.
an editor opened by 'git commit'. Please make sure all processes
are terminated then try again. If it still fails, a git process
may have crashed in this repository earlier:
remove the file manually to continue.

To https://github.com/reif-is-a-foofie/wescripture.git
 ! [remote rejected]   main -> main (cannot lock ref 'refs/heads/main': is at 1f9607caf214fc24b354cc96e53297e26396e667 but expected efe1469d9e6ef5895877f3588efc9656f9cf2f37)
error: failed to push some refs to 'https://github.com/reif-is-a-foofie/wescripture.git'
  [ledger] push failed: fatal: Unable to create '/Users/reify/Classified/wescripture/.git/index.lock': File exists.

Another git process seems to be running in this repository, e.g.
an editor opened by 'git commit'. Please make sure all processes
are terminated then try again. If it still fails, a git process
may have crashed in this repository earlier:
remove the file manually to continue.

  [ledger] push failed: fatal: Unable to create '/Users/reify/Classified/wescripture/.git/index.lock': File exists.

Another git process seems to be running in this repository, e.g.
an editor opened by 'git commit'. Please make sure all processes
are terminated then try again. If it still fails, a git process
may have crashed in this repository earlier:
remove the file manually to continue.

Everything up-to-date
To https://github.com/reif-is-a-foofie/wescripture.git
 ! [remote rejected]   main -> main (cannot lock ref 'refs/heads/main': is at d69691368288403316f6bd0ff039673c139589d5 but expected a5cc7f0ed3c34fe43fd4af8dd32214e6c5e023a3)
error: failed to push some refs to 'https://github.com/reif-is-a-foofie/wescripture.git'
  [ledger] push failed: fatal: Unable to create '/Users/reify/Classified/wescripture/.git/index.lock': File exists.

Another git process seems to be running in this repository, e.g.
an editor opened by 'git commit'. Please make sure all processes
are terminated then try again. If it still fails, a git process
may have crashed in this repository earlier:
remove the file manually to continue.

  [ledger] push failed: fatal: Unable to create '/Users/reify/Classified/wescripture/.git/index.lock': File exists.

Another git process seems to be running in this repository, e.g.
an editor opened by 'git commit'. Please make sure all processes
are terminated then try again. If it still fails, a git process
may have crashed in this repository earlier:
remove the file manually to continue.

Everything up-to-date
  [ledger] push failed: To https://github.com/reif-is-a-foofie/wescripture.git
 ! [remote rejected]   main -> main (cannot lock ref 'refs/heads/main': is at 9a1054c5fccb835fb31905f63ed67d3b67dfb0fb but expected 7afea6b1c3027aa2741f2eaf08f5161c011a971d)
error: failed to push some refs to 'https://github.com/reif-is-a-foofie/wescripture.git'

To https://github.com/reif-is-a-foofie/wescripture.git
 ! [remote rejected]   main -> main (cannot lock ref 'refs/heads/main': is at 812df1f8c313f0801c57644a3a2aa117fb4d2efc but expected 9a1054c5fccb835fb31905f63ed67d3b67dfb0fb)
error: failed to push some refs to 'https://github.com/reif-is-a-foofie/wescripture.git'
To https://github.com/reif-is-a-foofie/wescripture.git
 ! [remote rejected]   main -> main (cannot lock ref 'refs/heads/main': is at 812df1f8c313f0801c57644a3a2aa117fb4d2efc but expected 9a1054c5fccb835fb31905f63ed67d3b67dfb0fb)
error: failed to push some refs to 'https://github.com/reif-is-a-foofie/wescripture.git'
  [ledger] push failed: fatal: Unable to create '/Users/reify/Classified/wescripture/.git/index.lock': File exists.

Another git process seems to be running in this repository, e.g.
an editor opened by 'git commit'. Please make sure all processes
are terminated then try again. If it still fails, a git process
may have crashed in this repository earlier:
remove the file manually to continue.

  [ledger] push failed: To https://github.com/reif-is-a-foofie/wescripture.git
 ! [remote rejected]   main -> main (cannot lock ref 'refs/heads/main': is at 25541a922069639b1a2bae3808a814ed4dfc3a84 but expected e8f5c2a483af37a6f2d5c68e6fbecebf641e4d12)
error: failed to push some refs to 'https://github.com/reif-is-a-foofie/wescripture.git'

To https://github.com/reif-is-a-foofie/wescripture.git
 ! [remote rejected]   main -> main (cannot lock ref 'refs/heads/main': is at 25541a922069639b1a2bae3808a814ed4dfc3a84 but expected e8f5c2a483af37a6f2d5c68e6fbecebf641e4d12)
error: failed to push some refs to 'https://github.com/reif-is-a-foofie/wescripture.git'
To https://github.com/reif-is-a-foofie/wescripture.git
 ! [remote rejected]   main -> main (cannot lock ref 'refs/heads/main': is at 3c36c0d9dffd59b15118cb8b1bbf7f4eebfabd74 but expected 25541a922069639b1a2bae3808a814ed4dfc3a84)
error: failed to push some refs to 'https://github.com/reif-is-a-foofie/wescripture.git'
  [ledger] push failed: To https://github.com/reif-is-a-foofie/wescripture.git
 ! [remote rejected]   main -> main (cannot lock ref 'refs/heads/main': is at 3c36c0d9dffd59b15118cb8b1bbf7f4eebfabd74 but expected 25541a922069639b1a2bae3808a814ed4dfc3a84)
error: failed to push some refs to 'https://github.com/reif-is-a-foofie/wescripture.git'

Everything up-to-date
  [ledger] push failed: fatal: Unable to create '/Users/reify/Classified/wescripture/.git/index.lock': File exists.

Another git process seems to be running in this repository, e.g.
an editor opened by 'git commit'. Please make sure all processes
are terminated then try again. If it still fails, a git process
may have crashed in this repository earlier:
remove the file manually to continue.

  [ledger] push failed: fatal: Unable to create '/Users/reify/Classified/wescripture/.git/index.lock': File exists.

Another git process seems to be running in this repository, e.g.
an editor opened by 'git commit'. Please make sure all processes
are terminated then try again. If it still fails, a git process
may have crashed in this repository earlier:
remove the file manually to continue.

To https://github.com/reif-is-a-foofie/wescripture.git
 ! [remote rejected]   main -> main (cannot lock ref 'refs/heads/main': is at 01a31f765b90324363b302ff8817a9bdccf3c134 but expected d7364f05fe7b504c33b6fbf780d1fc3e958462f5)
error: failed to push some refs to 'https://github.com/reif-is-a-foofie/wescripture.git'
To https://github.com/reif-is-a-foofie/wescripture.git
 ! [remote rejected]   main -> main (cannot lock ref 'refs/heads/main': is at 01a31f765b90324363b302ff8817a9bdccf3c134 but expected d7364f05fe7b504c33b6fbf780d1fc3e958462f5)
error: failed to push some refs to 'https://github.com/reif-is-a-foofie/wescripture.git'
  [ledger] push failed: fatal: Unable to create '/Users/reify/Classified/wescripture/.git/index.lock': File exists.

Another git process seems to be running in this repository, e.g.
an editor opened by 'git commit'. Please make sure all processes
are terminated then try again. If it still fails, a git process
may have crashed in this repository earlier:
remove the file manually to continue.

To https://github.com/reif-is-a-foofie/wescripture.git
   d55dee2f..ce551a3d  main -> main
  [ledger] push failed: To https://github.com/reif-is-a-foofie/wescripture.git
 ! [remote rejected]   main -> main (cannot lock ref 'refs/heads/main': is at f793f350f10bd340b357238213cb181353087d89 but expected d55dee2f6a414d8ba47f575119c15ff41068e393)
error: failed to push some refs to 'https://github.com/reif-is-a-foofie/wescripture.git'

To https://github.com/reif-is-a-foofie/wescripture.git
 ! [remote rejected]   main -> main (cannot lock ref 'refs/heads/main': is at 293925c8d9f3bd1fcf03d4511a1c81baddcea06f but expected f793f350f10bd340b357238213cb181353087d89)
error: failed to push some refs to 'https://github.com/reif-is-a-foofie/wescripture.git'
fatal: Unable to create '/Users/reify/Classified/wescripture/.git/index.lock': File exists.

Another git process seems to be running in this repository, e.g.
an editor opened by 'git commit'. Please make sure all processes
are terminated then try again. If it still fails, a git process
may have crashed in this repository earlier:
remove the file manually to continue.
Traceback (most recent call last):
  File "/Users/reify/Classified/wescripture/lds_pipeline/task_worker.py", line 380, in <module>
    main()
  File "/Users/reify/Classified/wescripture/lds_pipeline/task_worker.py", line 304, in main
    new_commit = git_commit_work(tid, d.summary)
  File "/Users/reify/Classified/wescripture/lds_pipeline/task_worker.py", line 164, in git_commit_work
    run(["git", "add", "-A"])
  File "/Users/reify/Classified/wescripture/lds_pipeline/task_worker.py", line 81, in run
    return subprocess.run(
  File "/Library/Developer/CommandLineTools/Library/Frameworks/Python3.framework/Versions/3.9/lib/python3.9/subprocess.py", line 528, in run
    raise CalledProcessError(retcode, process.args,
subprocess.CalledProcessError: Command '['git', 'add', '-A']' returned non-zero exit status 128.
  [ledger] push failed: fatal: Unable to create '/Users/reify/Classified/wescripture/.git/index.lock': File exists.

Another git process seems to be running in this repository, e.g.
an editor opened by 'git commit'. Please make sure all processes
are terminated then try again. If it still fails, a git process
may have crashed in this repository earlier:
remove the file manually to continue.

  [ledger] push failed: fatal: Unable to create '/Users/reify/Classified/wescripture/.git/index.lock': File exists.

Another git process seems to be running in this repository, e.g.
an editor opened by 'git commit'. Please make sure all processes
are terminated then try again. If it still fails, a git process
may have crashed in this repository earlier:
remove the file manually to continue.

To https://github.com/reif-is-a-foofie/wescripture.git
 ! [remote rejected]   main -> main (cannot lock ref 'refs/heads/main': is at 1f90d04fde0e64c1f8066c5a069ca66d2dd9ce7c but expected 293925c8d9f3bd1fcf03d4511a1c81baddcea06f)
error: failed to push some refs to 'https://github.com/reif-is-a-foofie/wescripture.git'
To https://github.com/reif-is-a-foofie/wescripture.git
 ! [remote rejected]   main -> main (cannot lock ref 'refs/heads/main': is at a4a331cf8ae1e6eeb599594a42f276bc9bca4ae1 but expected 293925c8d9f3bd1fcf03d4511a1c81baddcea06f)
error: failed to push some refs to 'https://github.com/reif-is-a-foofie/wescripture.git'
  [ledger] push failed: fatal: Unable to create '/Users/reify/Classified/wescripture/.git/index.lock': File exists.

Another git process seems to be running in this repository, e.g.
an editor opened by 'git commit'. Please make sure all processes
are terminated then try again. If it still fails, a git process
may have crashed in this repository earlier:
remove the file manually to continue.

  [ledger] push failed: To https://github.com/reif-is-a-foofie/wescripture.git
 ! [remote rejected]   main -> main (cannot lock ref 'refs/heads/main': is at 1ce666e2b82cfb8b3ee8e6a52f6748d0c8d507ac but expected e555f34d0eed0dd8ead2fb4b4f788f24f9190ad3)
error: failed to push some refs to 'https://github.com/reif-is-a-foofie/wescripture.git'

To https://github.com/reif-is-a-foofie/wescripture.git
 ! [rejected]          main -> main (non-fast-forward)
error: failed to push some refs to 'https://github.com/reif-is-a-foofie/wescripture.git'
hint: Updates were rejected because the tip of your current branch is behind
hint: its remote counterpart. Integrate the remote changes (e.g.
hint: 'git pull ...') before pushing again.
hint: See the 'Note about fast-forwards' in 'git push --help' for details.
To https://github.com/reif-is-a-foofie/wescripture.git
 ! [remote rejected]   main -> main (cannot lock ref 'refs/heads/main': is at 1b1dc271cec44a100d371699217d7178a135f44f but expected 1ce666e2b82cfb8b3ee8e6a52f6748d0c8d507ac)
error: failed to push some refs to 'https://github.com/reif-is-a-foofie/wescripture.git'
To https://github.com/reif-is-a-foofie/wescripture.git
 ! [remote rejected]   main -> main (cannot lock ref 'refs/heads/main': is at af892a0f7b7457b34bb4dc28078b1e3e86a8f7f7 but expected 1b1dc271cec44a100d371699217d7178a135f44f)
error: failed to push some refs to 'https://github.com/reif-is-a-foofie/wescripture.git'
