=== 2026-04-09T23:57:15Z start Worker001 ===
[Worker001] checking for pending tasks…
[Worker001] claimed T-0062: Things registry: expand to 60+ entries and verify christ_connection on all
Reopened T-0062.
  push failed (non-fatal): Command '['git', 'push', 'origin', 'main']' returned non-zero exit status 1.
[Worker001] T-0062 no dispatch rule — reopened.
=== 2026-04-10T00:03:13Z start Worker001 ===
[Worker001] checking for pending tasks…
[Worker001] claimed T-0066: Ch genesis_1: add entity span annotations (data-entity / place / thing)
  [dispatch] /Library/Developer/CommandLineTools/usr/bin/python3 /Users/reify/Classified/wescripture/lds_pipeline/annotate_entity_spans.py --books genesis
Loading entity indexes…
  134 scripture-person variants, 81 place variants, 207 thing variants
Annotating 1 chapters…

Done. 0 chapters changed, 31 verses scanned, 0 entity spans added.
[main c1e87e17] [task] T-0066: annotate_entity_spans --books genesis (exit 0)
 Committer: Reif Tauati <reify@Reifs-MacBook-Pro.local>
Your name and email address were configured automatically based
on your username and hostname. Please check that they are accurate.
You can suppress this message by setting them explicitly:

    git config --global user.name "Your Name"
    git config --global user.email you@example.com

After doing this, you may fix the identity used for this commit with:

    git commit --amend --reset-author

 2 files changed, 32 insertions(+)
Completed T-0066.
  pushed to origin
  [followup] exit 2 (non-fatal)
[Worker001] T-0066 success. commit=c1e87e17
=== 2026-04-10T00:05:25Z exit 0 Worker001 ===
=== 2026-04-10T00:05:46Z start Worker001 ===
[Worker001] checking for pending tasks…
[Worker001] claimed T-0067: Ch matthew_2: add or repair _notes.html (commentary / semantic panel)
Reopened T-0067.
  [ledger] pushed to origin
  pushed to origin
[Worker001] T-0067 no dispatch rule — reopened.
=== 2026-04-10T00:06:17Z start Worker001 ===
[Worker001] checking for pending tasks…
[Worker001] claimed T-0067: Ch matthew_2: add or repair _notes.html (commentary / semantic panel)
Reopened T-0067.
  push failed (non-fatal): Command '['git', 'push', 'origin', 'main']' returned non-zero exit status 1.
[Worker001] T-0067 no dispatch rule — reopened.
=== 2026-04-10T00:06:48Z start Worker001 ===
[Worker001] checking for pending tasks…
[Worker001] claimed T-0067: Ch matthew_2: add or repair _notes.html (commentary / semantic panel)
Reopened T-0067.
  pushed to origin
[Worker001] T-0067 no dispatch rule — reopened.
=== 2026-04-10T00:07:19Z start Worker001 ===
[Worker001] checking for pending tasks…
[Worker001] claimed T-0068: Donaldson — doctrine_and_covenants: add commentary JSON for 138 missing chapter(s)
Reopened T-0068.
  pushed to origin
[Worker001] T-0068 no dispatch rule — reopened.
=== 2026-04-10T00:07:39Z start Worker001 ===
[Worker001] checking for pending tasks…
[Worker001] claimed T-0067: Ch matthew_2: add or repair _notes.html (commentary / semantic panel)
Reopened T-0067.
  push failed (non-fatal): Command '['git', 'push', 'origin', 'main']' returned non-zero exit status 1.
[Worker001] T-0067 no dispatch rule — reopened.
=== 2026-04-10T00:07:51Z start Worker001 ===
[Worker001] checking for pending tasks…
[Worker001] claimed T-0068: Donaldson — doctrine_and_covenants: add commentary JSON for 138 missing chapter(s)
Reopened T-0068.
  pushed to origin
[Worker001] T-0068 no dispatch rule — reopened.
=== 2026-04-10T00:10:22Z start Worker001 ===
[Worker001] checking for pending tasks…
[Worker001] claimed T-0068: Donaldson — doctrine_and_covenants: add commentary JSON for 138 missing chapter(s)
Reopened T-0068.
  pushed to origin
[Worker001] T-0068 no dispatch rule — reopened.
=== 2026-04-10T00:10:31Z start Worker001 ===
[Worker001] checking for pending tasks…
[Worker001] claimed T-0067: Ch matthew_2: add or repair _notes.html (commentary / semantic panel)
Reopened T-0067.
  push failed (non-fatal): Command '['git', 'push', 'origin', 'main']' returned non-zero exit status 1.
[Worker001] T-0067 no dispatch rule — reopened.
=== 2026-04-10T00:10:52Z start Worker001 ===
[Worker001] checking for pending tasks…
[Worker001] claimed T-0067: Ch matthew_2: add or repair _notes.html (commentary / semantic panel)
Reopened T-0067.
  push failed (non-fatal): Command '['git', 'push', 'origin', 'main']' returned non-zero exit status 1.
[Worker001] T-0067 no dispatch rule — reopened.
=== 2026-04-10T00:11:01Z start Worker001 ===
[Worker001] checking for pending tasks…
[Worker001] claimed T-0067: Ch matthew_2: add or repair _notes.html (commentary / semantic panel)
Reopened T-0067.
  push failed (non-fatal): Command '['git', 'push', 'origin', 'main']' returned non-zero exit status 1.
[Worker001] T-0067 no dispatch rule — reopened.
=== 2026-04-10T00:11:22Z start Worker001 ===
[Worker001] checking for pending tasks…
[Worker001] claimed T-0067: Ch matthew_2: add or repair _notes.html (commentary / semantic panel)
Reopened T-0067.
  pushed to origin
[Worker001] T-0067 no dispatch rule — reopened.
=== 2026-04-10T00:11:32Z start Worker001 ===
[Worker001] checking for pending tasks…
[Worker001] claimed T-0068: Donaldson — doctrine_and_covenants: add commentary JSON for 138 missing chapter(s)
Reopened T-0068.
  push failed (non-fatal): Command '['git', 'push', 'origin', 'main']' returned non-zero exit status 1.
[Worker001] T-0068 no dispatch rule — reopened.
=== 2026-04-10T00:11:53Z start Worker001 ===
[Worker001] checking for pending tasks…
[Worker001] claimed T-0067: Ch matthew_2: add or repair _notes.html (commentary / semantic panel)
Reopened T-0067.
  push failed (non-fatal): Command '['git', 'push', 'origin', 'main']' returned non-zero exit status 1.
[Worker001] T-0067 no dispatch rule — reopened.
=== 2026-04-10T00:12:03Z start Worker001 ===
[Worker001] checking for pending tasks…
[Worker001] claimed T-0067: Ch matthew_2: add or repair _notes.html (commentary / semantic panel)
Reopened T-0067.
  push failed (non-fatal): Command '['git', 'push', 'origin', 'main']' returned non-zero exit status 1.
[Worker001] T-0067 no dispatch rule — reopened.
=== 2026-04-10T00:12:24Z start Worker001 ===
[Worker001] checking for pending tasks…
[Worker001] claimed T-0067: Ch matthew_2: add or repair _notes.html (commentary / semantic panel)
Reopened T-0067.
  pushed to origin
[Worker001] T-0067 no dispatch rule — reopened.
=== 2026-04-10T00:12:34Z start Worker001 ===
[Worker001] checking for pending tasks…
[Worker001] claimed T-0067: Ch matthew_2: add or repair _notes.html (commentary / semantic panel)
Reopened T-0067.
  [ledger] pushed to origin
  pushed to origin
[Worker001] T-0067 no dispatch rule — reopened.
=== 2026-04-10T00:12:55Z start Worker001 ===
[Worker001] checking for pending tasks…
[Worker001] claimed T-0071: Ch matthew_8: add or repair _notes.html (commentary / semantic panel)
Reopened T-0071.
  pushed to origin
[Worker001] T-0071 no dispatch rule — reopened.
=== 2026-04-10T00:13:05Z start Worker001 ===
[Worker001] checking for pending tasks…
[Worker001] claimed T-0071: Ch matthew_8: add or repair _notes.html (commentary / semantic panel)
Reopened T-0071.
  pushed to origin
[Worker001] T-0071 no dispatch rule — reopened.
=== 2026-04-10T00:13:25Z start Worker001 ===
[Worker001] checking for pending tasks…
[Worker001] claimed T-0067: Ch matthew_2: add or repair _notes.html (commentary / semantic panel)
Reopened T-0067.
  pushed to origin
[Worker001] T-0067 no dispatch rule — reopened.
=== 2026-04-10T00:13:36Z start Worker001 ===
[Worker001] checking for pending tasks…
[Worker001] claimed T-0067: Ch matthew_2: add or repair _notes.html (commentary / semantic panel)
Reopened T-0067.
  pushed to origin
[Worker001] T-0067 no dispatch rule — reopened.
=== 2026-04-10T00:13:57Z start Worker001 ===
[Worker001] checking for pending tasks…
[Worker001] claimed T-0067: Ch matthew_2: add or repair _notes.html (commentary / semantic panel)
Reopened T-0067.
  pushed to origin
[Worker001] T-0067 no dispatch rule — reopened.
=== 2026-04-10T00:14:07Z start Worker001 ===
[Worker001] checking for pending tasks…
[Worker001] claimed T-0067: Ch matthew_2: add or repair _notes.html (commentary / semantic panel)
Reopened T-0067.
  push failed (non-fatal): Command '['git', 'push', 'origin', 'main']' returned non-zero exit status 1.
[Worker001] T-0067 no dispatch rule — reopened.
=== 2026-04-10T00:14:27Z start Worker001 ===
[Worker001] checking for pending tasks…
[Worker001] claimed T-0071: Ch matthew_8: add or repair _notes.html (commentary / semantic panel)
Reopened T-0071.
  push failed (non-fatal): Command '['git', 'push', 'origin', 'main']' returned non-zero exit status 1.
[Worker001] T-0071 no dispatch rule — reopened.
=== 2026-04-10T00:14:38Z start Worker001 ===
[Worker001] checking for pending tasks…
[Worker001] claimed T-0067: Ch matthew_2: add or repair _notes.html (commentary / semantic panel)
Reopened T-0067.
  pushed to origin
[Worker001] T-0067 no dispatch rule — reopened.
=== 2026-04-10T00:14:59Z start Worker001 ===
[Worker001] checking for pending tasks…
[Worker001] claimed T-0067: Ch matthew_2: add or repair _notes.html (commentary / semantic panel)
Reopened T-0067.
  pushed to origin
[Worker001] T-0067 no dispatch rule — reopened.
=== 2026-04-10T00:15:11Z start Worker001 ===
[Worker001] checking for pending tasks…
[Worker001] claimed T-0071: Ch matthew_8: add or repair _notes.html (commentary / semantic panel)
Reopened T-0071.
  push failed (non-fatal): Command '['git', 'push', 'origin', 'main']' returned non-zero exit status 1.
[Worker001] T-0071 no dispatch rule — reopened.
=== 2026-04-10T00:15:30Z start Worker001 ===
[Worker001] checking for pending tasks…
[Worker001] claimed T-0067: Ch matthew_2: add or repair _notes.html (commentary / semantic panel)
=== 2026-04-10T00:15:41Z start Worker001 ===
[Worker001] checking for pending tasks…
[Worker001] claimed T-0067: Ch matthew_2: add or repair _notes.html (commentary / semantic panel)
Reopened T-0067.
  push failed (non-fatal): Command '['git', 'push', 'origin', 'main']' returned non-zero exit status 1.
[Worker001] T-0067 no dispatch rule — reopened.
=== 2026-04-10T00:15:59Z start Worker001 ===
[Worker001] checking for pending tasks…
[Worker001] claimed T-0071: Ch matthew_8: add or repair _notes.html (commentary / semantic panel)
Reopened T-0071.
  pushed to origin
[Worker001] T-0071 no dispatch rule — reopened.
=== 2026-04-10T00:16:11Z start Worker001 ===
[Worker001] checking for pending tasks…
[Worker001] claimed T-0067: Ch matthew_2: add or repair _notes.html (commentary / semantic panel)
Reopened T-0067.
  pushed to origin
[Worker001] T-0067 no dispatch rule — reopened.
=== 2026-04-10T00:16:29Z start Worker001 ===
[Worker001] checking for pending tasks…
[Worker001] claimed T-0067: Ch matthew_2: add or repair _notes.html (commentary / semantic panel)
Reopened T-0067.
  pushed to origin
[Worker001] T-0067 no dispatch rule — reopened.
=== 2026-04-10T00:16:41Z start Worker001 ===
[Worker001] checking for pending tasks…
[Worker001] claimed T-0067: Ch matthew_2: add or repair _notes.html (commentary / semantic panel)
Reopened T-0067.
  pushed to origin
[Worker001] T-0067 no dispatch rule — reopened.
=== 2026-04-10T00:16:59Z start Worker001 ===
[Worker001] checking for pending tasks…
[Worker001] claimed T-0067: Ch matthew_2: add or repair _notes.html (commentary / semantic panel)
Reopened T-0067.
  pushed to origin
[Worker001] T-0067 no dispatch rule — reopened.
=== 2026-04-10T00:17:10Z start Worker001 ===
[Worker001] checking for pending tasks…
[Worker001] claimed T-0071: Ch matthew_8: add or repair _notes.html (commentary / semantic panel)
Reopened T-0071.
  push failed (non-fatal): Command '['git', 'push', 'origin', 'main']' returned non-zero exit status 1.
[Worker001] T-0071 no dispatch rule — reopened.
=== 2026-04-10T00:17:29Z start Worker001 ===
[Worker001] checking for pending tasks…
[Worker001] claimed T-0067: Ch matthew_2: add or repair _notes.html (commentary / semantic panel)
Reopened T-0067.
  pushed to origin
[Worker001] T-0067 no dispatch rule — reopened.
=== 2026-04-10T00:17:40Z start Worker001 ===
[Worker001] checking for pending tasks…
[Worker001] claimed T-0067: Ch matthew_2: add or repair _notes.html (commentary / semantic panel)
Reopened T-0067.
  push failed (non-fatal): Command '['git', 'push', 'origin', 'main']' returned non-zero exit status 1.
[Worker001] T-0067 no dispatch rule — reopened.
=== 2026-04-10T00:17:58Z start Worker001 ===
[Worker001] checking for pending tasks…
[Worker001] claimed T-0067: Ch matthew_2: add or repair _notes.html (commentary / semantic panel)
Reopened T-0067.
  pushed to origin
[Worker001] T-0067 no dispatch rule — reopened.
=== 2026-04-10T00:18:10Z start Worker001 ===
[Worker001] checking for pending tasks…
[Worker001] claimed T-0067: Ch matthew_2: add or repair _notes.html (commentary / semantic panel)
Reopened T-0067.
  push failed (non-fatal): Command '['git', 'push', 'origin', 'main']' returned non-zero exit status 1.
[Worker001] T-0067 no dispatch rule — reopened.
=== 2026-04-10T00:18:28Z start Worker001 ===
[Worker001] checking for pending tasks…
[Worker001] claimed T-0067: Ch matthew_2: add or repair _notes.html (commentary / semantic panel)
Reopened T-0067.
  push failed (non-fatal): Command '['git', 'push', 'origin', 'main']' returned non-zero exit status 1.
[Worker001] T-0067 no dispatch rule — reopened.
=== 2026-04-10T00:18:40Z start Worker001 ===
[Worker001] checking for pending tasks…
[Worker001] claimed T-0067: Ch matthew_2: add or repair _notes.html (commentary / semantic panel)
Reopened T-0067.
  pushed to origin
[Worker001] T-0067 no dispatch rule — reopened.
=== 2026-04-10T00:18:58Z start Worker001 ===
[Worker001] checking for pending tasks…
[Worker001] claimed T-0067: Ch matthew_2: add or repair _notes.html (commentary / semantic panel)
Reopened T-0067.
  [ledger] pushed to origin
  pushed to origin
[Worker001] T-0067 no dispatch rule — reopened.
=== 2026-04-10T00:19:10Z start Worker001 ===
[Worker001] checking for pending tasks…
[Worker001] claimed T-0067: Ch matthew_2: add or repair _notes.html (commentary / semantic panel)
Reopened T-0067.
  pushed to origin
[Worker001] T-0067 no dispatch rule — reopened.
=== 2026-04-10T00:19:28Z start Worker001 ===
[Worker001] checking for pending tasks…
[Worker001] claimed T-0067: Ch matthew_2: add or repair _notes.html (commentary / semantic panel)
Reopened T-0067.
  pushed to origin
[Worker001] T-0067 no dispatch rule — reopened.
=== 2026-04-10T00:19:39Z start Worker001 ===
[Worker001] checking for pending tasks…
[Worker001] claimed T-0067: Ch matthew_2: add or repair _notes.html (commentary / semantic panel)
[Worker001] models: backend=dispatch claude_cli=sonnet ollama=gemma4:e2b (christ gen + task_followup unless --no-followup)
Reopened T-0067.
  [ledger] pushed to origin
  pushed to origin
[Worker001] T-0067 no dispatch rule — reopened.
=== 2026-04-10T00:19:57Z start Worker001 ===
[Worker001] checking for pending tasks…
[Worker001] claimed T-0067: Ch matthew_2: add or repair _notes.html (commentary / semantic panel)
[Worker001] models: backend=dispatch claude_cli=sonnet ollama=gemma4:e2b (christ gen + task_followup unless --no-followup)
Reopened T-0067.
  [ledger] pushed to origin
  pushed to origin
[Worker001] T-0067 no dispatch rule — reopened.
=== 2026-04-10T00:20:10Z start Worker001 ===
[Worker001] checking for pending tasks…
[Worker001] claimed T-0067: Ch matthew_2: add or repair _notes.html (commentary / semantic panel)
[Worker001] models: backend=dispatch claude_cli=sonnet ollama=gemma4:e2b (christ gen + task_followup unless --no-followup)
Reopened T-0067.
  pushed to origin
[Worker001] T-0067 no dispatch rule — reopened.
=== 2026-04-10T00:20:27Z start Worker001 ===
[Worker001] checking for pending tasks…
[Worker001] claimed T-0067: Ch matthew_2: add or repair _notes.html (commentary / semantic panel)
[Worker001] models: backend=dispatch claude_cli=sonnet ollama=gemma4:e2b (christ gen + task_followup unless --no-followup)
Reopened T-0067.
  pushed to origin
[Worker001] T-0067 no dispatch rule — reopened.
=== 2026-04-10T00:20:40Z start Worker001 ===
[Worker001] checking for pending tasks…
[Worker001] claimed T-0067: Ch matthew_2: add or repair _notes.html (commentary / semantic panel)
[Worker001] models: backend=dispatch claude_cli=sonnet ollama=gemma4:e2b (christ gen + task_followup unless --no-followup)
Reopened T-0067.
  [ledger] pushed to origin
  pushed to origin
[Worker001] T-0067 no dispatch rule — reopened.
=== 2026-04-10T00:20:57Z start Worker001 ===
[Worker001] checking for pending tasks…
[Worker001] claimed T-0067: Ch matthew_2: add or repair _notes.html (commentary / semantic panel)
[Worker001] models: backend=dispatch claude_cli=sonnet ollama=gemma4:e2b (christ gen + task_followup unless --no-followup)
Reopened T-0067.
  pushed to origin
[Worker001] T-0067 no dispatch rule — reopened.
=== 2026-04-10T00:21:09Z start Worker001 ===
[Worker001] checking for pending tasks…
[Worker001] claimed T-0067: Ch matthew_2: add or repair _notes.html (commentary / semantic panel)
[Worker001] models: backend=dispatch claude_cli=sonnet ollama=gemma4:e2b (christ gen + task_followup unless --no-followup)
Reopened T-0067.
  pushed to origin
[Worker001] T-0067 no dispatch rule — reopened.
=== 2026-04-10T00:21:26Z start Worker001 ===
[Worker001] checking for pending tasks…
[Worker001] claimed T-0067: Ch matthew_2: add or repair _notes.html (commentary / semantic panel)
[Worker001] models: backend=dispatch claude_cli=sonnet ollama=gemma4:e2b (christ gen + task_followup unless --no-followup)
Reopened T-0067.
  push failed (non-fatal): Command '['git', 'push', 'origin', 'main']' returned non-zero exit status 1.
[Worker001] T-0067 no dispatch rule — reopened.
=== 2026-04-10T00:21:39Z start Worker001 ===
[Worker001] checking for pending tasks…
[Worker001] claimed T-0067: Ch matthew_2: add or repair _notes.html (commentary / semantic panel)
[Worker001] models: backend=dispatch claude_cli=sonnet ollama=gemma4:e2b (christ gen + task_followup unless --no-followup)
Reopened T-0067.
  push failed (non-fatal): Command '['git', 'push', 'origin', 'main']' returned non-zero exit status 1.
[Worker001] T-0067 no dispatch rule — reopened.
=== 2026-04-10T00:21:55Z start Worker001 ===
[Worker001] checking for pending tasks…
[Worker001] claimed T-0072: Donaldson — psalms: add commentary JSON for 27 missing chapter(s)
[Worker001] models: backend=dispatch claude_cli=sonnet ollama=gemma4:e2b (christ gen + task_followup unless --no-followup)
Reopened T-0072.
  pushed to origin
[Worker001] T-0072 no dispatch rule — reopened.
=== 2026-04-10T00:22:10Z start Worker001 ===
[Worker001] checking for pending tasks…
[Worker001] claimed T-0072: Donaldson — psalms: add commentary JSON for 27 missing chapter(s)
[Worker001] models: backend=dispatch claude_cli=sonnet ollama=gemma4:e2b (christ gen + task_followup unless --no-followup)
Reopened T-0072.
  pushed to origin
[Worker001] T-0072 no dispatch rule — reopened.
=== 2026-04-10T00:22:25Z start Worker001 ===
[Worker001] checking for pending tasks…
[Worker001] claimed T-0072: Donaldson — psalms: add commentary JSON for 27 missing chapter(s)
[Worker001] models: backend=dispatch claude_cli=sonnet ollama=gemma4:e2b (christ gen + task_followup unless --no-followup)
Reopened T-0072.
  [ledger] pushed to origin
  pushed to origin
[Worker001] T-0072 no dispatch rule — reopened.
=== 2026-04-10T00:22:42Z start Worker001 ===
[Worker001] checking for pending tasks…
[Worker001] claimed T-0072: Donaldson — psalms: add commentary JSON for 27 missing chapter(s)
[Worker001] models: backend=dispatch claude_cli=sonnet ollama=gemma4:e2b (christ gen + task_followup unless --no-followup)
Reopened T-0072.
  pushed to origin
[Worker001] T-0072 no dispatch rule — reopened.
=== 2026-04-10T00:25:04Z start Worker001 ===
[Worker001] checking for pending tasks…
[Worker001] claimed T-0072: Donaldson — psalms: add commentary JSON for 27 missing chapter(s)
[Worker001] models: backend=dispatch claude_cli=sonnet ollama=gemma4:e2b (christ gen + task_followup unless --no-followup)
Reopened T-0072.
  pushed to origin
[Worker001] T-0072 no dispatch rule — reopened.
=== 2026-04-10T00:25:14Z start Worker001 ===
[Worker001] checking for pending tasks…
[Worker001] claimed T-0072: Donaldson — psalms: add commentary JSON for 27 missing chapter(s)
[Worker001] models: backend=dispatch claude_cli=sonnet ollama=gemma4:e2b (christ gen + task_followup unless --no-followup)
Reopened T-0072.
  push failed (non-fatal): Command '['git', 'push', 'origin', 'main']' returned non-zero exit status 1.
[Worker001] T-0072 no dispatch rule — reopened.
=== 2026-04-10T00:25:35Z start Worker001 ===
[Worker001] checking for pending tasks…
[Worker001] claimed T-0072: Donaldson — psalms: add commentary JSON for 27 missing chapter(s)
[Worker001] models: backend=dispatch claude_cli=sonnet ollama=gemma4:e2b (christ gen + task_followup unless --no-followup)
Reopened T-0072.
  [ledger] pushed to origin
  pushed to origin
[Worker001] T-0072 no dispatch rule — reopened.
=== 2026-04-10T00:25:45Z start Worker001 ===
[Worker001] checking for pending tasks…
[Worker001] claimed T-0072: Donaldson — psalms: add commentary JSON for 27 missing chapter(s)
[Worker001] models: backend=dispatch claude_cli=sonnet ollama=gemma4:e2b (christ gen + task_followup unless --no-followup)
Reopened T-0072.
  pushed to origin
[Worker001] T-0072 no dispatch rule — reopened.
=== 2026-04-10T00:26:05Z start Worker001 ===
[Worker001] checking for pending tasks…
[Worker001] claimed T-0072: Donaldson — psalms: add commentary JSON for 27 missing chapter(s)
[Worker001] models: backend=dispatch claude_cli=sonnet ollama=gemma4:e2b (christ gen + task_followup unless --no-followup)
Reopened T-0072.
  pushed to origin
[Worker001] T-0072 no dispatch rule — reopened.
=== 2026-04-10T00:26:16Z start Worker001 ===
[Worker001] checking for pending tasks…
[Worker001] claimed T-0072: Donaldson — psalms: add commentary JSON for 27 missing chapter(s)
[Worker001] models: backend=dispatch claude_cli=sonnet ollama=gemma4:e2b (christ gen + task_followup unless --no-followup)
Reopened T-0072.
  push failed (non-fatal): Command '['git', 'push', 'origin', 'main']' returned non-zero exit status 1.
[Worker001] T-0072 no dispatch rule — reopened.
=== 2026-04-10T00:26:38Z start Worker001 ===
[Worker001] checking for pending tasks…
[Worker001] claimed T-0072: Donaldson — psalms: add commentary JSON for 27 missing chapter(s)
[Worker001] models: backend=dispatch claude_cli=sonnet ollama=gemma4:e2b (christ gen + task_followup unless --no-followup)
Reopened T-0072.
  [ledger] pushed to origin
=== 2026-04-10T00:26:47Z start Worker001 ===
[Worker001] checking for pending tasks…
  pushed to origin
[Worker001] T-0072 no dispatch rule — reopened.
[Worker001] claimed T-0072: Donaldson — psalms: add commentary JSON for 27 missing chapter(s)
[Worker001] models: backend=dispatch claude_cli=sonnet ollama=gemma4:e2b (christ gen + task_followup unless --no-followup)
Reopened T-0072.
  [ledger] pushed to origin
  pushed to origin
[Worker001] T-0072 no dispatch rule — reopened.
=== 2026-04-10T00:27:09Z start Worker001 ===
[Worker001] checking for pending tasks…
[Worker001] claimed T-0072: Donaldson — psalms: add commentary JSON for 27 missing chapter(s)
[Worker001] models: backend=dispatch claude_cli=sonnet ollama=gemma4:e2b (christ gen + task_followup unless --no-followup)
Reopened T-0072.
  pushed to origin
[Worker001] T-0072 no dispatch rule — reopened.
=== 2026-04-10T00:27:19Z start Worker001 ===
[Worker001] checking for pending tasks…
[Worker001] claimed T-0072: Donaldson — psalms: add commentary JSON for 27 missing chapter(s)
[Worker001] models: backend=dispatch claude_cli=sonnet ollama=gemma4:e2b (christ gen + task_followup unless --no-followup)
Reopened T-0072.
  [ledger] pushed to origin
  pushed to origin
[Worker001] T-0072 no dispatch rule — reopened.
=== 2026-04-10T00:27:41Z start Worker001 ===
[Worker001] checking for pending tasks…
[Worker001] claimed T-0072: Donaldson — psalms: add commentary JSON for 27 missing chapter(s)
[Worker001] models: backend=dispatch claude_cli=sonnet ollama=gemma4:e2b (christ gen + task_followup unless --no-followup)
Reopened T-0072.
  pushed to origin
[Worker001] T-0072 no dispatch rule — reopened.
=== 2026-04-10T00:27:50Z start Worker001 ===
[Worker001] checking for pending tasks…
[Worker001] claimed T-0072: Donaldson — psalms: add commentary JSON for 27 missing chapter(s)
[Worker001] models: backend=dispatch claude_cli=sonnet ollama=gemma4:e2b (christ gen + task_followup unless --no-followup)
Reopened T-0072.
  [ledger] pushed to origin
  pushed to origin
[Worker001] T-0072 no dispatch rule — reopened.
=== 2026-04-10T00:28:12Z start Worker001 ===
[Worker001] checking for pending tasks…
[Worker001] claimed T-0072: Donaldson — psalms: add commentary JSON for 27 missing chapter(s)
[Worker001] models: backend=dispatch claude_cli=sonnet ollama=gemma4:e2b (christ gen + task_followup unless --no-followup)
Reopened T-0072.
  pushed to origin
[Worker001] T-0072 no dispatch rule — reopened.
=== 2026-04-10T00:28:21Z start Worker001 ===
[Worker001] checking for pending tasks…
[Worker001] claimed T-0072: Donaldson — psalms: add commentary JSON for 27 missing chapter(s)
[Worker001] models: backend=dispatch claude_cli=sonnet ollama=gemma4:e2b (christ gen + task_followup unless --no-followup)
Reopened T-0072.
  push failed (non-fatal): Command '['git', 'push', 'origin', 'main']' returned non-zero exit status 1.
[Worker001] T-0072 no dispatch rule — reopened.
=== 2026-04-10T00:28:42Z start Worker001 ===
[Worker001] checking for pending tasks…
[Worker001] claimed T-0072: Donaldson — psalms: add commentary JSON for 27 missing chapter(s)
[Worker001] models: backend=dispatch claude_cli=sonnet ollama=gemma4:e2b (christ gen + task_followup unless --no-followup)
Reopened T-0072.
  push failed (non-fatal): Command '['git', 'push', 'origin', 'main']' returned non-zero exit status 1.
[Worker001] T-0072 no dispatch rule — reopened.
=== 2026-04-10T00:28:53Z start Worker001 ===
[Worker001] checking for pending tasks…
[Worker001] claimed T-0072: Donaldson — psalms: add commentary JSON for 27 missing chapter(s)
[Worker001] models: backend=dispatch claude_cli=sonnet ollama=gemma4:e2b (christ gen + task_followup unless --no-followup)
Reopened T-0072.
  pushed to origin
[Worker001] T-0072 no dispatch rule — reopened.
=== 2026-04-10T00:29:13Z start Worker001 ===
[Worker001] checking for pending tasks…
[Worker001] claimed T-0072: Donaldson — psalms: add commentary JSON for 27 missing chapter(s)
[Worker001] models: backend=dispatch claude_cli=sonnet ollama=gemma4:e2b (christ gen + task_followup unless --no-followup)
Reopened T-0072.
  pushed to origin
[Worker001] T-0072 no dispatch rule — reopened.
=== 2026-04-10T00:29:24Z start Worker001 ===
[Worker001] checking for pending tasks…
[Worker001] claimed T-0072: Donaldson — psalms: add commentary JSON for 27 missing chapter(s)
[Worker001] models: backend=dispatch claude_cli=sonnet ollama=gemma4:e2b (christ gen + task_followup unless --no-followup)
Reopened T-0072.
  push failed (non-fatal): Command '['git', 'push', 'origin', 'main']' returned non-zero exit status 1.
[Worker001] T-0072 no dispatch rule — reopened.
=== 2026-04-10T00:29:54Z start Worker001 ===
[Worker001] checking for pending tasks…
[Worker001] claimed T-0075: Ch matthew_12: add or repair _notes.html (commentary / semantic panel)
[Worker001] models: backend=dispatch claude_cli=sonnet ollama=gemma4:e2b (christ gen + task_followup unless --no-followup)
Reopened T-0075.
  pushed to origin
[Worker001] T-0075 no dispatch rule — reopened.
=== 2026-04-10T00:30:24Z start Worker001 ===
[Worker001] checking for pending tasks…
[Worker001] claimed T-0072: Donaldson — psalms: add commentary JSON for 27 missing chapter(s)
[Worker001] models: backend=dispatch claude_cli=sonnet ollama=gemma4:e2b (christ gen + task_followup unless --no-followup)
Reopened T-0072.
  [ledger] pushed to origin
  pushed to origin
[Worker001] T-0072 no dispatch rule — reopened.
=== 2026-04-10T00:30:54Z start Worker001 ===
[Worker001] checking for pending tasks…
[Worker001] claimed T-0072: Donaldson — psalms: add commentary JSON for 27 missing chapter(s)
[Worker001] models: backend=dispatch claude_cli=sonnet ollama=gemma4:e2b (christ gen + task_followup unless --no-followup)
Reopened T-0072.
  push failed (non-fatal): Command '['git', 'push', 'origin', 'main']' returned non-zero exit status 1.
[Worker001] T-0072 no dispatch rule — reopened.
=== 2026-04-10T00:31:23Z start Worker001 ===
[Worker001] checking for pending tasks…
[Worker001] claimed T-0072: Donaldson — psalms: add commentary JSON for 27 missing chapter(s)
[Worker001] models: backend=dispatch claude_cli=sonnet ollama=gemma4:e2b (christ gen + task_followup unless --no-followup)
Reopened T-0072.
  push failed (non-fatal): Command '['git', 'push', 'origin', 'main']' returned non-zero exit status 1.
[Worker001] T-0072 no dispatch rule — reopened.
=== 2026-04-10T00:31:53Z start Worker001 ===
[Worker001] checking for pending tasks…
[Worker001] claimed T-0072: Donaldson — psalms: add commentary JSON for 27 missing chapter(s)
[Worker001] models: backend=dispatch claude_cli=sonnet ollama=gemma4:e2b (christ gen + task_followup unless --no-followup)
Reopened T-0072.
  pushed to origin
[Worker001] T-0072 no dispatch rule — reopened.
=== 2026-04-10T00:32:23Z start Worker001 ===
[Worker001] checking for pending tasks…
[Worker001] claimed T-0076: Donaldson — 1_chronicles: add commentary JSON for 25 missing chapter(s)
[Worker001] models: backend=dispatch claude_cli=sonnet ollama=gemma4:e2b (christ gen + task_followup unless --no-followup)
Reopened T-0076.
  [ledger] pushed to origin
  pushed to origin
[Worker001] T-0076 no dispatch rule — reopened.
=== 2026-04-10T00:35:01Z start Worker001 ===
[Worker001] checking for pending tasks…
[Worker001] claimed T-0076: Donaldson — 1_chronicles: add commentary JSON for 25 missing chapter(s)
[Worker001] models: backend=dispatch claude_cli=sonnet ollama=gemma4:e2b (christ gen + task_followup unless --no-followup)
Reopened T-0076.
  pushed to origin
[Worker001] T-0076 no dispatch rule — reopened.
=== 2026-04-10T00:35:34Z start Worker001 ===
[Worker001] checking for pending tasks…
[Worker001] claimed T-0076: Donaldson — 1_chronicles: add commentary JSON for 25 missing chapter(s)
[Worker001] models: backend=dispatch claude_cli=sonnet ollama=gemma4:e2b (christ gen + task_followup unless --no-followup)
Reopened T-0076.
  [ledger] pushed to origin
  pushed to origin
[Worker001] T-0076 no dispatch rule — reopened.
=== 2026-04-10T00:38:03Z start Worker001 ===
[Worker001] checking for pending tasks…
[Worker001] claimed T-0076: Donaldson — 1_chronicles: add commentary JSON for 25 missing chapter(s)
[Worker001] models: backend=dispatch claude_cli=sonnet ollama=gemma4:e2b (christ gen + task_followup unless --no-followup)
Reopened T-0076.
  pushed to origin
[Worker001] T-0076 no dispatch rule — reopened.
=== 2026-04-10T00:38:33Z start Worker001 ===
[Worker001] checking for pending tasks…
[Worker001] claimed T-0076: Donaldson — 1_chronicles: add commentary JSON for 25 missing chapter(s)
[Worker001] models: backend=dispatch claude_cli=sonnet ollama=gemma4:e2b (christ gen + task_followup unless --no-followup)
Reopened T-0076.
  push failed (non-fatal): Command '['git', 'push', 'origin', 'main']' returned non-zero exit status 1.
[Worker001] T-0076 no dispatch rule — reopened.
=== 2026-04-10T00:39:04Z start Worker001 ===
[Worker001] checking for pending tasks…
[Worker001] claimed T-0076: Donaldson — 1_chronicles: add commentary JSON for 25 missing chapter(s)
[Worker001] models: backend=dispatch claude_cli=sonnet ollama=gemma4:e2b (christ gen + task_followup unless --no-followup)
Reopened T-0076.
  push failed (non-fatal): Command '['git', 'push', 'origin', 'main']' returned non-zero exit status 1.
[Worker001] T-0076 no dispatch rule — reopened.
=== 2026-04-10T00:39:34Z start Worker001 ===
[Worker001] checking for pending tasks…
[Worker001] claimed T-0076: Donaldson — 1_chronicles: add commentary JSON for 25 missing chapter(s)
[Worker001] models: backend=dispatch claude_cli=sonnet ollama=gemma4:e2b (christ gen + task_followup unless --no-followup)
=== 2026-04-10T00:40:33Z start Worker001 ===
[Worker001] checking for pending tasks…
[Worker001] claimed T-0076: Donaldson — 1_chronicles: add commentary JSON for 25 missing chapter(s)
[Worker001] models: backend=dispatch claude_cli=sonnet ollama=gemma4:e2b (christ gen + task_followup unless --no-followup)
Reopened T-0076.
  [ledger] pushed to origin
  pushed to origin
[Worker001] T-0076 no dispatch rule — reopened.
=== 2026-04-10T00:41:06Z start Worker001 ===
[Worker001] checking for pending tasks…
[Worker001] claimed T-0076: Donaldson — 1_chronicles: add commentary JSON for 25 missing chapter(s)
[Worker001] models: backend=dispatch claude_cli=sonnet ollama=gemma4:e2b (christ gen + task_followup unless --no-followup)
Reopened T-0076.
  push failed (non-fatal): Command '['git', 'push', 'origin', 'main']' returned non-zero exit status 1.
[Worker001] T-0076 no dispatch rule — reopened.
=== 2026-04-10T00:41:41Z start Worker001 ===
[Worker001] checking for pending tasks…
[Worker001] claimed T-0076: Donaldson — 1_chronicles: add commentary JSON for 25 missing chapter(s)
[Worker001] models: backend=dispatch claude_cli=sonnet ollama=gemma4:e2b (christ gen + task_followup unless --no-followup)
Reopened T-0076.
  pushed to origin
[Worker001] T-0076 no dispatch rule — reopened.
=== 2026-04-10T00:42:12Z start Worker001 ===
[Worker001] checking for pending tasks…
[Worker001] claimed T-0079: Ch matthew_20: add or repair _notes.html (commentary / semantic panel)
[Worker001] models: backend=dispatch claude_cli=sonnet ollama=gemma4:e2b (christ gen + task_followup unless --no-followup)
Reopened T-0079.
  push failed (non-fatal): Command '['git', 'push', 'origin', 'main']' returned non-zero exit status 1.
[Worker001] T-0079 no dispatch rule — reopened.
=== 2026-04-10T00:42:43Z start Worker001 ===
[Worker001] checking for pending tasks…
[Worker001] claimed T-0080: Donaldson — 2_chronicles: add commentary JSON for 20 missing chapter(s)
[Worker001] models: backend=dispatch claude_cli=sonnet ollama=gemma4:e2b (christ gen + task_followup unless --no-followup)
Reopened T-0080.
  push failed (non-fatal): Command '['git', 'push', 'origin', 'main']' returned non-zero exit status 1.
[Worker001] T-0080 no dispatch rule — reopened.
=== 2026-04-10T00:43:16Z start Worker001 ===
[Worker001] checking for pending tasks…
[Worker001] claimed T-0080: Donaldson — 2_chronicles: add commentary JSON for 20 missing chapter(s)
[Worker001] models: backend=dispatch claude_cli=sonnet ollama=gemma4:e2b (christ gen + task_followup unless --no-followup)
Reopened T-0080.
  pushed to origin
[Worker001] T-0080 no dispatch rule — reopened.
=== 2026-04-10T01:35:46Z start Worker001 ===
[Worker001] checking for pending tasks…
[Worker001] claimed T-0080: Donaldson — 2_chronicles: add commentary JSON for 20 missing chapter(s)
[Worker001] models: backend=dispatch claude_cli=sonnet ollama=gemma4:e2b (christ gen + task_followup unless --no-followup)
Reopened T-0080.
  push failed (non-fatal): Command '['git', 'push', 'origin', 'main']' returned non-zero exit status 1.
[Worker001] T-0080 no dispatch rule — reopened.
=== 2026-04-10T01:36:24Z start Worker001 ===
[Worker001] checking for pending tasks…
[Worker001] claimed T-0082: Ch esther_10: add entity span annotations (data-entity / place / thing)
[Worker001] models: backend=dispatch claude_cli=sonnet ollama=gemma4:e2b (christ gen + task_followup unless --no-followup)
  [dispatch] /Library/Developer/CommandLineTools/usr/bin/python3 /Users/reify/Classified/wescripture/lds_pipeline/annotate_entity_spans.py --books esther
Loading entity indexes…
  134 scripture-person variants, 81 place variants, 207 thing variants
Annotating 2 chapters…

Done. 0 chapters changed, 25 verses scanned, 0 entity spans added.
=== 2026-04-10T01:38:57Z start Worker001 ===
[Worker001] checking for pending tasks…
[Worker001] claimed T-0080: Donaldson — 2_chronicles: add commentary JSON for 20 missing chapter(s)
[Worker001] models: backend=dispatch claude_cli=sonnet ollama=gemma4:e2b (christ gen + task_followup unless --no-followup)
Reopened T-0080.
  [ledger] pushed to origin
  pushed to origin
[Worker001] T-0080 no dispatch rule — reopened.
=== 2026-04-10T01:49:10Z start Worker001 ===
[Worker001] checking for pending tasks…
[Worker001] claimed T-0084: Donaldson — jeremiah: add commentary JSON for 13 missing chapter(s)
[Worker001] models: backend=dispatch claude_cli=sonnet ollama=gemma4:e2b (christ gen + task_followup unless --no-followup)
Reopened T-0084.
  push failed (non-fatal): Command '['git', 'push', 'origin', 'main']' returned non-zero exit status 1.
[Worker001] T-0084 no dispatch rule — reopened.
=== 2026-04-10T01:52:44Z start Worker001 ===
[Worker001] checking for pending tasks…
[Worker001] claimed T-0086: Ch job_4: add entity span annotations (data-entity / place / thing)
[Worker001] models: backend=dispatch claude_cli=sonnet ollama=gemma4:e2b (christ gen + task_followup unless --no-followup)
  [dispatch] /Library/Developer/CommandLineTools/usr/bin/python3 /Users/reify/Classified/wescripture/lds_pipeline/annotate_entity_spans.py --books job
Loading entity indexes…
  134 scripture-person variants, 81 place variants, 207 thing variants
Annotating 16 chapters…

Done. 0 chapters changed, 391 verses scanned, 0 entity spans added.
[main b726bb24] [task] T-0086: annotate_entity_spans --books job (exit 0)
 Committer: Reif Tauati <reify@MacBookPro.lan>
Your name and email address were configured automatically based
on your username and hostname. Please check that they are accurate.
You can suppress this message by setting them explicitly:

    git config --global user.name "Your Name"
    git config --global user.email you@example.com

After doing this, you may fix the identity used for this commit with:

    git commit --amend --reset-author

 18 files changed, 438 insertions(+)
 create mode 100644 diagnostics/task-worker-Worker007.log
Completed T-0086.
  pushed to origin
  [followup] exit 2 (non-fatal)
[Worker001] T-0086 success. commit=b726bb24
=== 2026-04-10T01:54:55Z exit 0 Worker001 ===
=== 2026-04-10T01:55:17Z start Worker001 ===
[Worker001] checking for pending tasks…
[Worker001] claimed T-0088: Donaldson — ezekiel: add commentary JSON for 9 missing chapter(s)
[Worker001] models: backend=dispatch claude_cli=sonnet ollama=gemma4:e2b (christ gen + task_followup unless --no-followup)
Reopened T-0088.
  pushed to origin
[Worker001] T-0088 no dispatch rule — reopened.
=== 2026-04-10T01:59:08Z start Worker001 ===
[Worker001] checking for pending tasks…
[Worker001] claimed T-0088: Donaldson — ezekiel: add commentary JSON for 9 missing chapter(s)
[Worker001] models: backend=dispatch claude_cli=sonnet ollama=gemma4:e2b (christ gen + task_followup unless --no-followup)
Reopened T-0088.
  push failed (non-fatal): Command '['git', 'push', 'origin', 'main']' returned non-zero exit status 1.
[Worker001] T-0088 no dispatch rule — reopened.
=== 2026-04-10T01:59:39Z start Worker001 ===
[Worker001] checking for pending tasks…
[Worker001] claimed T-0088: Donaldson — ezekiel: add commentary JSON for 9 missing chapter(s)
[Worker001] models: backend=dispatch claude_cli=sonnet ollama=gemma4:e2b (christ gen + task_followup unless --no-followup)
Reopened T-0088.
  push failed (non-fatal): Command '['git', 'push', 'origin', 'main']' returned non-zero exit status 1.
[Worker001] T-0088 no dispatch rule — reopened.
=== 2026-04-10T02:02:10Z start Worker001 ===
[Worker001] checking for pending tasks…
[Worker001] claimed T-0088: Donaldson — ezekiel: add commentary JSON for 9 missing chapter(s)
[Worker001] models: backend=dispatch claude_cli=sonnet ollama=gemma4:e2b (christ gen + task_followup unless --no-followup)
Reopened T-0088.
  [ledger] pushed to origin
  pushed to origin
[Worker001] T-0088 no dispatch rule — reopened.
=== 2026-04-10T02:02:41Z start Worker001 ===
[Worker001] checking for pending tasks…
[Worker001] claimed T-0088: Donaldson — ezekiel: add commentary JSON for 9 missing chapter(s)
[Worker001] models: backend=dispatch claude_cli=sonnet ollama=gemma4:e2b (christ gen + task_followup unless --no-followup)
Reopened T-0088.
  pushed to origin
[Worker001] T-0088 no dispatch rule — reopened.
=== 2026-04-10T02:03:12Z start Worker001 ===
[Worker001] checking for pending tasks…
[Worker001] claimed T-0091: Ch mark_1: add or repair _notes.html (commentary / semantic panel)
[Worker001] models: backend=dispatch claude_cli=sonnet ollama=gemma4:e2b (christ gen + task_followup unless --no-followup)
Reopened T-0091.
  pushed to origin
[Worker001] T-0091 no dispatch rule — reopened.
=== 2026-04-10T02:03:43Z start Worker001 ===
[Worker001] checking for pending tasks…
[Worker001] claimed T-0092: Donaldson — song_of_solomon: add commentary JSON for 7 missing chapter(s)
[Worker001] models: backend=dispatch claude_cli=sonnet ollama=gemma4:e2b (christ gen + task_followup unless --no-followup)
Reopened T-0092.
  push failed (non-fatal): Command '['git', 'push', 'origin', 'main']' returned non-zero exit status 1.
[Worker001] T-0092 no dispatch rule — reopened.
=== 2026-04-10T02:07:48Z start Worker001 ===
[Worker001] checking for pending tasks…
[Worker001] claimed T-0092: Donaldson — song_of_solomon: add commentary JSON for 7 missing chapter(s)
[Worker001] models: backend=dispatch claude_cli=sonnet ollama=gemma4:e2b (christ gen + task_followup unless --no-followup)
Reopened T-0092.
  pushed to origin
[Worker001] T-0092 no dispatch rule — reopened.
=== 2026-04-10T02:10:19Z start Worker001 ===
[Worker001] checking for pending tasks…
[Worker001] claimed T-0092: Donaldson — song_of_solomon: add commentary JSON for 7 missing chapter(s)
[Worker001] models: backend=dispatch claude_cli=sonnet ollama=gemma4:e2b (christ gen + task_followup unless --no-followup)
Reopened T-0092.
  push failed (non-fatal): Command '['git', 'push', 'origin', 'main']' returned non-zero exit status 1.
[Worker001] T-0092 no dispatch rule — reopened.
=== 2026-04-10T02:10:50Z start Worker001 ===
[Worker001] checking for pending tasks…
[Worker001] claimed T-0092: Donaldson — song_of_solomon: add commentary JSON for 7 missing chapter(s)
[Worker001] models: backend=dispatch claude_cli=sonnet ollama=gemma4:e2b (christ gen + task_followup unless --no-followup)
Reopened T-0092.
  push failed (non-fatal): Command '['git', 'push', 'origin', 'main']' returned non-zero exit status 1.
[Worker001] T-0092 no dispatch rule — reopened.
=== 2026-04-10T02:11:22Z start Worker001 ===
[Worker001] checking for pending tasks…
[Worker001] claimed T-0092: Donaldson — song_of_solomon: add commentary JSON for 7 missing chapter(s)
[Worker001] models: backend=dispatch claude_cli=sonnet ollama=gemma4:e2b (christ gen + task_followup unless --no-followup)
Reopened T-0092.
  push failed (non-fatal): Command '['git', 'push', 'origin', 'main']' returned non-zero exit status 1.
[Worker001] T-0092 no dispatch rule — reopened.
=== 2026-04-10T02:11:53Z start Worker001 ===
[Worker001] checking for pending tasks…
[Worker001] claimed T-0092: Donaldson — song_of_solomon: add commentary JSON for 7 missing chapter(s)
[Worker001] models: backend=dispatch claude_cli=sonnet ollama=gemma4:e2b (christ gen + task_followup unless --no-followup)
Reopened T-0092.
  push failed (non-fatal): Command '['git', 'push', 'origin', 'main']' returned non-zero exit status 1.
[Worker001] T-0092 no dispatch rule — reopened.
=== 2026-04-10T02:12:24Z start Worker001 ===
[Worker001] checking for pending tasks…
[Worker001] claimed T-0092: Donaldson — song_of_solomon: add commentary JSON for 7 missing chapter(s)
[Worker001] models: backend=dispatch claude_cli=sonnet ollama=gemma4:e2b (christ gen + task_followup unless --no-followup)
Reopened T-0092.
  [ledger] pushed to origin
  pushed to origin
[Worker001] T-0092 no dispatch rule — reopened.
=== 2026-04-10T02:12:54Z start Worker001 ===
[Worker001] checking for pending tasks…
[Worker001] claimed T-0092: Donaldson — song_of_solomon: add commentary JSON for 7 missing chapter(s)
[Worker001] models: backend=dispatch claude_cli=sonnet ollama=gemma4:e2b (christ gen + task_followup unless --no-followup)
Reopened T-0092.
  pushed to origin
[Worker001] T-0092 no dispatch rule — reopened.
=== 2026-04-10T02:13:25Z start Worker001 ===
[Worker001] checking for pending tasks…
[Worker001] claimed T-0095: Ch mark_4: add or repair _notes.html (commentary / semantic panel)
[Worker001] models: backend=dispatch claude_cli=sonnet ollama=gemma4:e2b (christ gen + task_followup unless --no-followup)
Reopened T-0095.
  push failed (non-fatal): Command '['git', 'push', 'origin', 'main']' returned non-zero exit status 1.
[Worker001] T-0095 no dispatch rule — reopened.
=== 2026-04-10T02:13:56Z start Worker001 ===
[Worker001] checking for pending tasks…
[Worker001] claimed T-0096: Donaldson — 2_kings: add commentary JSON for 5 missing chapter(s)
[Worker001] models: backend=dispatch claude_cli=sonnet ollama=gemma4:e2b (christ gen + task_followup unless --no-followup)
Reopened T-0096.
  push failed (non-fatal): Command '['git', 'push', 'origin', 'main']' returned non-zero exit status 1.
[Worker001] T-0096 no dispatch rule — reopened.
=== 2026-04-10T02:18:16Z start Worker001 ===
[Worker001] checking for pending tasks…
[Worker001] claimed T-0096: Donaldson — 2_kings: add commentary JSON for 5 missing chapter(s)
[Worker001] models: backend=dispatch claude_cli=sonnet ollama=gemma4:e2b (christ gen + task_followup unless --no-followup)
Reopened T-0096.
  push failed (non-fatal): Command '['git', 'push', 'origin', 'main']' returned non-zero exit status 1.
[Worker001] T-0096 no dispatch rule — reopened.
=== 2026-04-10T02:20:47Z start Worker001 ===
[Worker001] checking for pending tasks…
[Worker001] claimed T-0096: Donaldson — 2_kings: add commentary JSON for 5 missing chapter(s)
[Worker001] models: backend=dispatch (local pipeline scripts only; no Claude CLI) ollama=gemma4:e2b (christ gen + task_followup unless --no-followup)
Reopened T-0096.
  pushed to origin
[Worker001] T-0096 no dispatch rule — reopened.
=== 2026-04-10T02:21:18Z start Worker001 ===
[Worker001] checking for pending tasks…
[Worker001] claimed T-0096: Donaldson — 2_kings: add commentary JSON for 5 missing chapter(s)
[Worker001] models: backend=dispatch (local pipeline scripts only; no Claude CLI) ollama=gemma4:e2b (christ gen + task_followup unless --no-followup)
Reopened T-0096.
  pushed to origin
[Worker001] T-0096 no dispatch rule — reopened.
=== 2026-04-10T02:21:47Z start Worker001 ===
[Worker001] checking for pending tasks…
[Worker001] claimed T-0096: Donaldson — 2_kings: add commentary JSON for 5 missing chapter(s)
[Worker001] models: backend=dispatch (local pipeline scripts only; no Claude CLI) ollama=gemma4:e2b (christ gen + task_followup unless --no-followup)
Reopened T-0096.
  [ledger] pushed to origin
  pushed to origin
[Worker001] T-0096 no dispatch rule — reopened.
=== 2026-04-10T02:22:16Z start Worker001 ===
[Worker001] checking for pending tasks…
[Worker001] claimed T-0096: Donaldson — 2_kings: add commentary JSON for 5 missing chapter(s)
[Worker001] models: backend=dispatch (local pipeline scripts only; no Claude CLI) ollama=gemma4:e2b (christ gen + task_followup unless --no-followup)
Reopened T-0096.
  push failed (non-fatal): Command '['git', 'push', 'origin', 'main']' returned non-zero exit status 1.
[Worker001] T-0096 no dispatch rule — reopened.
=== 2026-04-10T02:22:46Z start Worker001 ===
[Worker001] checking for pending tasks…
[Worker001] claimed T-0096: Donaldson — 2_kings: add commentary JSON for 5 missing chapter(s)
[Worker001] models: backend=dispatch (local pipeline scripts only; no Claude CLI) ollama=gemma4:e2b (christ gen + task_followup unless --no-followup)
Reopened T-0096.
  [ledger] pushed to origin
  pushed to origin
[Worker001] T-0096 no dispatch rule — reopened.
=== 2026-04-10T02:23:16Z start Worker001 ===
[Worker001] checking for pending tasks…
[Worker001] claimed T-0096: Donaldson — 2_kings: add commentary JSON for 5 missing chapter(s)
[Worker001] models: backend=dispatch (local pipeline scripts only; no Claude CLI) ollama=gemma4:e2b (christ gen + task_followup unless --no-followup)
Reopened T-0096.
  pushed to origin
[Worker001] T-0096 no dispatch rule — reopened.
=== 2026-04-10T02:23:45Z start Worker001 ===
[Worker001] checking for pending tasks…
[Worker001] claimed T-0099: Ch mark_8: add or repair _notes.html (commentary / semantic panel)
[Worker001] models: backend=dispatch (local pipeline scripts only; no Claude CLI) ollama=gemma4:e2b (christ gen + task_followup unless --no-followup)
Reopened T-0099.
  push failed (non-fatal): Command '['git', 'push', 'origin', 'main']' returned non-zero exit status 1.
[Worker001] T-0099 no dispatch rule — reopened.
=== 2026-04-10T02:24:15Z start Worker001 ===
[Worker001] checking for pending tasks…
[Worker001] claimed T-0096: Donaldson — 2_kings: add commentary JSON for 5 missing chapter(s)
[Worker001] models: backend=dispatch (local pipeline scripts only; no Claude CLI) ollama=gemma4:e2b (christ gen + task_followup unless --no-followup)
Reopened T-0096.
  [ledger] pushed to origin
  pushed to origin
[Worker001] T-0096 no dispatch rule — reopened.
=== 2026-04-10T02:24:45Z start Worker001 ===
[Worker001] checking for pending tasks…
[Worker001] claimed T-0096: Donaldson — 2_kings: add commentary JSON for 5 missing chapter(s)
[Worker001] models: backend=dispatch (local pipeline scripts only; no Claude CLI) ollama=gemma4:e2b (christ gen + task_followup unless --no-followup)
Reopened T-0096.
  push failed (non-fatal): Command '['git', 'push', 'origin', 'main']' returned non-zero exit status 1.
[Worker001] T-0096 no dispatch rule — reopened.
=== 2026-04-10T02:25:15Z start Worker001 ===
[Worker001] checking for pending tasks…
[Worker001] claimed T-0096: Donaldson — 2_kings: add commentary JSON for 5 missing chapter(s)
[Worker001] models: backend=dispatch (local pipeline scripts only; no Claude CLI) ollama=gemma4:e2b (christ gen + task_followup unless --no-followup)
Reopened T-0096.
  push failed (non-fatal): Command '['git', 'push', 'origin', 'main']' returned non-zero exit status 1.
[Worker001] T-0096 no dispatch rule — reopened.
=== 2026-04-10T02:25:44Z start Worker001 ===
[Worker001] checking for pending tasks…
[Worker001] claimed T-0096: Donaldson — 2_kings: add commentary JSON for 5 missing chapter(s)
[Worker001] models: backend=dispatch (local pipeline scripts only; no Claude CLI) ollama=gemma4:e2b (christ gen + task_followup unless --no-followup)
Reopened T-0096.
  pushed to origin
[Worker001] T-0096 no dispatch rule — reopened.
=== 2026-04-10T02:26:12Z start Worker001 ===
[Worker001] checking for pending tasks…
[Worker001] claimed T-0096: Donaldson — 2_kings: add commentary JSON for 5 missing chapter(s)
[Worker001] models: backend=dispatch (local pipeline scripts only; no Claude CLI) ollama=gemma4:e2b (christ gen + task_followup unless --no-followup)
Reopened T-0096.
  [ledger] pushed to origin
  pushed to origin
[Worker001] T-0096 no dispatch rule — reopened.
=== 2026-04-10T02:26:42Z start Worker001 ===
[Worker001] checking for pending tasks…
[Worker001] claimed T-0096: Donaldson — 2_kings: add commentary JSON for 5 missing chapter(s)
[Worker001] models: backend=dispatch (local pipeline scripts only; no Claude CLI) ollama=gemma4:e2b (christ gen + task_followup unless --no-followup)
Reopened T-0096.
  [ledger] pushed to origin
  pushed to origin
[Worker001] T-0096 no dispatch rule — reopened.
=== 2026-04-10T02:27:12Z start Worker001 ===
[Worker001] checking for pending tasks…
[Worker001] claimed T-0096: Donaldson — 2_kings: add commentary JSON for 5 missing chapter(s)
[Worker001] models: backend=dispatch (local pipeline scripts only; no Claude CLI) ollama=gemma4:e2b (christ gen + task_followup unless --no-followup)
Reopened T-0096.
  [ledger] pushed to origin
  pushed to origin
[Worker001] T-0096 no dispatch rule — reopened.
=== 2026-04-10T02:27:41Z start Worker001 ===
[Worker001] checking for pending tasks…
[Worker001] claimed T-0096: Donaldson — 2_kings: add commentary JSON for 5 missing chapter(s)
[Worker001] models: backend=dispatch (local pipeline scripts only; no Claude CLI) ollama=gemma4:e2b (christ gen + task_followup unless --no-followup)
Reopened T-0096.
  push failed (non-fatal): Command '['git', 'push', 'origin', 'main']' returned non-zero exit status 1.
[Worker001] T-0096 no dispatch rule — reopened.
=== 2026-04-10T02:28:09Z start Worker001 ===
[Worker001] checking for pending tasks…
[Worker001] claimed T-0096: Donaldson — 2_kings: add commentary JSON for 5 missing chapter(s)
[Worker001] models: backend=dispatch (local pipeline scripts only; no Claude CLI) ollama=gemma4:e2b (christ gen + task_followup unless --no-followup)
Reopened T-0096.
  pushed to origin
[Worker001] T-0096 no dispatch rule — reopened.
=== 2026-04-10T02:28:37Z start Worker001 ===
[Worker001] checking for pending tasks…
[Worker001] claimed T-0096: Donaldson — 2_kings: add commentary JSON for 5 missing chapter(s)
[Worker001] models: backend=dispatch (local pipeline scripts only; no Claude CLI) ollama=gemma4:e2b (christ gen + task_followup unless --no-followup)
Reopened T-0096.
  push failed (non-fatal): Command '['git', 'push', 'origin', 'main']' returned non-zero exit status 1.
[Worker001] T-0096 no dispatch rule — reopened.
=== 2026-04-10T02:29:06Z start Worker001 ===
[Worker001] checking for pending tasks…
[Worker001] claimed T-0096: Donaldson — 2_kings: add commentary JSON for 5 missing chapter(s)
[Worker001] models: backend=dispatch (local pipeline scripts only; no Claude CLI) ollama=gemma4:e2b (christ gen + task_followup unless --no-followup)
Reopened T-0096.
  push failed (non-fatal): Command '['git', 'push', 'origin', 'main']' returned non-zero exit status 1.
[Worker001] T-0096 no dispatch rule — reopened.
=== 2026-04-10T02:29:35Z start Worker001 ===
[Worker001] checking for pending tasks…
[Worker001] claimed T-0096: Donaldson — 2_kings: add commentary JSON for 5 missing chapter(s)
[Worker001] models: backend=dispatch (local pipeline scripts only; no Claude CLI) ollama=gemma4:e2b (christ gen + task_followup unless --no-followup)
Reopened T-0096.
  pushed to origin
[Worker001] T-0096 no dispatch rule — reopened.
=== 2026-04-10T02:30:04Z start Worker001 ===
[Worker001] checking for pending tasks…
[Worker001] claimed T-0096: Donaldson — 2_kings: add commentary JSON for 5 missing chapter(s)
[Worker001] models: backend=dispatch (local pipeline scripts only; no Claude CLI) ollama=gemma4:e2b (christ gen + task_followup unless --no-followup)
Reopened T-0096.
  push failed (non-fatal): Command '['git', 'push', 'origin', 'main']' returned non-zero exit status 1.
[Worker001] T-0096 no dispatch rule — reopened.
=== 2026-04-10T02:30:32Z start Worker001 ===
[Worker001] checking for pending tasks…
[Worker001] claimed T-0096: Donaldson — 2_kings: add commentary JSON for 5 missing chapter(s)
[Worker001] models: backend=dispatch (local pipeline scripts only; no Claude CLI) ollama=gemma4:e2b (christ gen + task_followup unless --no-followup)
Reopened T-0096.
  push failed (non-fatal): Command '['git', 'push', 'origin', 'main']' returned non-zero exit status 1.
[Worker001] T-0096 no dispatch rule — reopened.
=== 2026-04-10T02:31:01Z start Worker001 ===
[Worker001] checking for pending tasks…
[Worker001] claimed T-0096: Donaldson — 2_kings: add commentary JSON for 5 missing chapter(s)
[Worker001] models: backend=dispatch (local pipeline scripts only; no Claude CLI) ollama=gemma4:e2b (christ gen + task_followup unless --no-followup)
Reopened T-0096.
  [ledger] pushed to origin
  pushed to origin
[Worker001] T-0096 no dispatch rule — reopened.
=== 2026-04-10T02:31:29Z start Worker001 ===
[Worker001] checking for pending tasks…
[Worker001] claimed T-0096: Donaldson — 2_kings: add commentary JSON for 5 missing chapter(s)
[Worker001] models: backend=dispatch (local pipeline scripts only; no Claude CLI) ollama=gemma4:e2b (christ gen + task_followup unless --no-followup)
Reopened T-0096.
  [ledger] pushed to origin
  pushed to origin
[Worker001] T-0096 no dispatch rule — reopened.
=== 2026-04-10T02:31:58Z start Worker001 ===
[Worker001] checking for pending tasks…
[Worker001] claimed T-0096: Donaldson — 2_kings: add commentary JSON for 5 missing chapter(s)
[Worker001] models: backend=dispatch (local pipeline scripts only; no Claude CLI) ollama=gemma4:e2b (christ gen + task_followup unless --no-followup)
Reopened T-0096.
  pushed to origin
[Worker001] T-0096 no dispatch rule — reopened.
=== 2026-04-10T02:32:05Z start Worker001 ===
[Worker001] checking for pending tasks…
[Worker001] claimed T-0096: Donaldson — 2_kings: add commentary JSON for 5 missing chapter(s)
[Worker001] models: backend=dispatch (local pipeline scripts only; no Claude CLI) ollama=gemma4:e2b (christ gen + task_followup unless --no-followup)
Reopened T-0096.
  [ledger] pushed to origin
  pushed to origin
[Worker001] T-0096 no dispatch rule — reopened.
=== 2026-04-10T02:32:27Z start Worker001 ===
[Worker001] checking for pending tasks…
[Worker001] claimed T-0096: Donaldson — 2_kings: add commentary JSON for 5 missing chapter(s)
[Worker001] models: backend=dispatch (local pipeline scripts only; no Claude CLI) ollama=gemma4:e2b (christ gen + task_followup unless --no-followup)
Reopened T-0096.
  push failed (non-fatal): Command '['git', 'push', 'origin', 'main']' returned non-zero exit status 1.
[Worker001] T-0096 no dispatch rule — reopened.
=== 2026-04-10T02:32:31Z start Worker001 ===
[Worker001] checking for pending tasks…
=== 2026-04-10T02:32:32Z start Worker001 ===
[Worker001] checking for pending tasks…
[Worker001] claimed T-0096: Donaldson — 2_kings: add commentary JSON for 5 missing chapter(s)
[Worker001] models: backend=dispatch (local pipeline scripts only; no Claude CLI) ollama=gemma4:e2b (christ gen + task_followup unless --no-followup)
Reopened T-0096.
=== 2026-04-10T02:32:33Z start Worker001 ===
[Worker001] checking for pending tasks…
[Worker001] claimed T-0096: Donaldson — 2_kings: add commentary JSON for 5 missing chapter(s)
[Worker001] models: backend=dispatch (local pipeline scripts only; no Claude CLI) ollama=gemma4:e2b (christ gen + task_followup unless --no-followup)
Reopened T-0096.
[Worker001] claimed T-0096: Donaldson — 2_kings: add commentary JSON for 5 missing chapter(s)
[Worker001] models: backend=dispatch (local pipeline scripts only; no Claude CLI) ollama=gemma4:e2b (christ gen + task_followup unless --no-followup)
  pushed to origin
[Worker001] T-0096 no dispatch rule — reopened.
  push failed (non-fatal): Command '['git', 'push', 'origin', 'main']' returned non-zero exit status 1.
[Worker001] T-0096 no dispatch rule — reopened.
Reopened T-0096.
  push failed (non-fatal): Command '['git', 'push', 'origin', 'main']' returned non-zero exit status 1.
[Worker001] T-0096 no dispatch rule — reopened.
=== 2026-04-10T02:32:57Z start Worker001 ===
[Worker001] checking for pending tasks…
[Worker001] claimed T-0096: Donaldson — 2_kings: add commentary JSON for 5 missing chapter(s)
[Worker001] models: backend=dispatch (local pipeline scripts only; no Claude CLI) ollama=gemma4:e2b (christ gen + task_followup unless --no-followup)
Reopened T-0096.
  push failed (non-fatal): Command '['git', 'push', 'origin', 'main']' returned non-zero exit status 1.
[Worker001] T-0096 no dispatch rule — reopened.
=== 2026-04-10T02:33:01Z start Worker001 ===
[Worker001] checking for pending tasks…
=== 2026-04-10T02:33:01Z start Worker001 ===
[Worker001] checking for pending tasks…
=== 2026-04-10T02:33:02Z start Worker001 ===
[Worker001] claimed T-0096: Donaldson — 2_kings: add commentary JSON for 5 missing chapter(s)
[Worker001] models: backend=dispatch (local pipeline scripts only; no Claude CLI) ollama=gemma4:e2b (christ gen + task_followup unless --no-followup)
[Worker001] checking for pending tasks…
[Worker001] claimed T-0100: Donaldson — 2_samuel: add commentary JSON for 4 missing chapter(s)
[Worker001] models: backend=dispatch (local pipeline scripts only; no Claude CLI) ollama=gemma4:e2b (christ gen + task_followup unless --no-followup)
Reopened T-0100.
[Worker001] claimed T-0096: Donaldson — 2_kings: add commentary JSON for 5 missing chapter(s)
[Worker001] models: backend=dispatch (local pipeline scripts only; no Claude CLI) ollama=gemma4:e2b (christ gen + task_followup unless --no-followup)
  push failed (non-fatal): Command '['git', 'push', 'origin', 'main']' returned non-zero exit status 1.
[Worker001] T-0100 no dispatch rule — reopened.
Reopened T-0096.
Reopened T-0096.
  [ledger] pushed to origin
  push failed (non-fatal): Command '['git', 'push', 'origin', 'main']' returned non-zero exit status 1.
[Worker001] T-0096 no dispatch rule — reopened.
  pushed to origin
[Worker001] T-0096 no dispatch rule — reopened.
=== 2026-04-10T02:33:27Z start Worker001 ===
[Worker001] checking for pending tasks…
=== 2026-04-10T02:33:30Z start Worker001 ===
[Worker001] checking for pending tasks…
[Worker001] claimed T-0096: Donaldson — 2_kings: add commentary JSON for 5 missing chapter(s)
[Worker001] models: backend=dispatch (local pipeline scripts only; no Claude CLI) ollama=gemma4:e2b (christ gen + task_followup unless --no-followup)
=== 2026-04-10T02:33:30Z start Worker001 ===
[Worker001] claimed T-0096: Donaldson — 2_kings: add commentary JSON for 5 missing chapter(s)
[Worker001] models: backend=dispatch (local pipeline scripts only; no Claude CLI) ollama=gemma4:e2b (christ gen + task_followup unless --no-followup)
[Worker001] checking for pending tasks…
[Worker001] claimed T-0096: Donaldson — 2_kings: add commentary JSON for 5 missing chapter(s)
[Worker001] models: backend=dispatch (local pipeline scripts only; no Claude CLI) ollama=gemma4:e2b (christ gen + task_followup unless --no-followup)
Reopened T-0096.
=== 2026-04-10T02:33:31Z start Worker001 ===
[Worker001] checking for pending tasks…
[Worker001] claimed T-0096: Donaldson — 2_kings: add commentary JSON for 5 missing chapter(s)
[Worker001] models: backend=dispatch (local pipeline scripts only; no Claude CLI) ollama=gemma4:e2b (christ gen + task_followup unless --no-followup)
Reopened T-0096.
Reopened T-0096.
Reopened T-0096.
  pushed to origin
[Worker001] T-0096 no dispatch rule — reopened.
  push failed (non-fatal): Command '['git', 'push', 'origin', 'main']' returned non-zero exit status 1.
[Worker001] T-0096 no dispatch rule — reopened.
  pushed to origin
[Worker001] T-0096 no dispatch rule — reopened.
  pushed to origin
[Worker001] T-0096 no dispatch rule — reopened.
=== 2026-04-10T02:33:57Z start Worker001 ===
[Worker001] checking for pending tasks…
[Worker001] claimed T-0099: Ch mark_8: add or repair _notes.html (commentary / semantic panel)
[Worker001] models: backend=dispatch (local pipeline scripts only; no Claude CLI) ollama=gemma4:e2b (christ gen + task_followup unless --no-followup)
=== 2026-04-10T02:33:58Z start Worker001 ===
[Worker001] checking for pending tasks…
Reopened T-0099.
=== 2026-04-10T02:33:59Z start Worker001 ===
[Worker001] checking for pending tasks…
  pushed to origin
[Worker001] T-0099 no dispatch rule — reopened.
[Worker001] claimed T-0096: Donaldson — 2_kings: add commentary JSON for 5 missing chapter(s)
[Worker001] models: backend=dispatch (local pipeline scripts only; no Claude CLI) ollama=gemma4:e2b (christ gen + task_followup unless --no-followup)
=== 2026-04-10T02:34:00Z start Worker001 ===
[Worker001] checking for pending tasks…
Reopened T-0096.
[Worker001] claimed T-0096: Donaldson — 2_kings: add commentary JSON for 5 missing chapter(s)
[Worker001] models: backend=dispatch (local pipeline scripts only; no Claude CLI) ollama=gemma4:e2b (christ gen + task_followup unless --no-followup)
Reopened T-0096.
[Worker001] claimed T-0096: Donaldson — 2_kings: add commentary JSON for 5 missing chapter(s)
[Worker001] models: backend=dispatch (local pipeline scripts only; no Claude CLI) ollama=gemma4:e2b (christ gen + task_followup unless --no-followup)
  push failed (non-fatal): Command '['git', 'push', 'origin', 'main']' returned non-zero exit status 1.
[Worker001] T-0096 no dispatch rule — reopened.
  push failed (non-fatal): Command '['git', 'push', 'origin', 'main']' returned non-zero exit status 1.
[Worker001] T-0096 no dispatch rule — reopened.
Reopened T-0096.
  pushed to origin
[Worker001] T-0096 no dispatch rule — reopened.
=== 2026-04-10T02:34:21Z start Worker001 ===
[Worker001] checking for pending tasks…
[Worker001] claimed T-0096: Donaldson — 2_kings: add commentary JSON for 5 missing chapter(s)
[Worker001] models: backend=dispatch (local pipeline scripts only; no Claude CLI) ollama=gemma4:e2b (christ gen + task_followup unless --no-followup)
Reopened T-0096.
  push failed (non-fatal): Command '['git', 'push', 'origin', 'main']' returned non-zero exit status 1.
[Worker001] T-0096 no dispatch rule — reopened.
=== 2026-04-10T02:34:27Z start Worker001 ===
[Worker001] checking for pending tasks…
[Worker001] claimed T-0096: Donaldson — 2_kings: add commentary JSON for 5 missing chapter(s)
[Worker001] models: backend=dispatch (local pipeline scripts only; no Claude CLI) ollama=gemma4:e2b (christ gen + task_followup unless --no-followup)
=== 2026-04-10T02:34:28Z start Worker001 ===
Reopened T-0096.
[Worker001] checking for pending tasks…
=== 2026-04-10T02:34:28Z start Worker001 ===
[Worker001] checking for pending tasks…
[Worker001] claimed T-0096: Donaldson — 2_kings: add commentary JSON for 5 missing chapter(s)
[Worker001] models: backend=dispatch (local pipeline scripts only; no Claude CLI) ollama=gemma4:e2b (christ gen + task_followup unless --no-followup)
Reopened T-0096.
  push failed (non-fatal): Command '['git', 'push', 'origin', 'main']' returned non-zero exit status 1.
[Worker001] T-0096 no dispatch rule — reopened.
  push failed (non-fatal): Command '['git', 'push', 'origin', 'main']' returned non-zero exit status 1.
[Worker001] T-0096 no dispatch rule — reopened.
[Worker001] claimed T-0096: Donaldson — 2_kings: add commentary JSON for 5 missing chapter(s)
[Worker001] models: backend=dispatch (local pipeline scripts only; no Claude CLI) ollama=gemma4:e2b (christ gen + task_followup unless --no-followup)
Reopened T-0096.
  pushed to origin
[Worker001] T-0096 no dispatch rule — reopened.
=== 2026-04-10T02:34:52Z start Worker001 ===
[Worker001] checking for pending tasks…
[Worker001] claimed T-0096: Donaldson — 2_kings: add commentary JSON for 5 missing chapter(s)
[Worker001] models: backend=dispatch (local pipeline scripts only; no Claude CLI) ollama=gemma4:e2b (christ gen + task_followup unless --no-followup)
Reopened T-0096.
  pushed to origin
[Worker001] T-0096 no dispatch rule — reopened.
=== 2026-04-10T02:34:58Z start Worker001 ===
[Worker001] checking for pending tasks…
[Worker001] claimed T-0096: Donaldson — 2_kings: add commentary JSON for 5 missing chapter(s)
[Worker001] models: backend=dispatch (local pipeline scripts only; no Claude CLI) ollama=gemma4:e2b (christ gen + task_followup unless --no-followup)
Reopened T-0096.
=== 2026-04-10T02:34:58Z start Worker001 ===
[Worker001] checking for pending tasks…
=== 2026-04-10T02:34:59Z start Worker001 ===
[Worker001] claimed T-0096: Donaldson — 2_kings: add commentary JSON for 5 missing chapter(s)
[Worker001] models: backend=dispatch (local pipeline scripts only; no Claude CLI) ollama=gemma4:e2b (christ gen + task_followup unless --no-followup)
[Worker001] checking for pending tasks…
Reopened T-0096.
[Worker001] claimed T-0099: Ch mark_8: add or repair _notes.html (commentary / semantic panel)
[Worker001] models: backend=dispatch (local pipeline scripts only; no Claude CLI) ollama=gemma4:e2b (christ gen + task_followup unless --no-followup)
Reopened T-0099.
  push failed (non-fatal): Command '['git', 'push', 'origin', 'main']' returned non-zero exit status 1.
[Worker001] T-0096 no dispatch rule — reopened.
  push failed (non-fatal): Command '['git', 'push', 'origin', 'main']' returned non-zero exit status 1.
[Worker001] T-0096 no dispatch rule — reopened.
  push failed (non-fatal): Command '['git', 'push', 'origin', 'main']' returned non-zero exit status 1.
[Worker001] T-0099 no dispatch rule — reopened.
=== 2026-04-10T02:35:22Z start Worker001 ===
[Worker001] checking for pending tasks…
[Worker001] claimed T-0096: Donaldson — 2_kings: add commentary JSON for 5 missing chapter(s)
[Worker001] models: backend=dispatch (local pipeline scripts only; no Claude CLI) ollama=gemma4:e2b (christ gen + task_followup unless --no-followup)
=== 2026-04-10T02:35:27Z start Worker001 ===
[Worker001] checking for pending tasks…
[Worker001] claimed T-0096: Donaldson — 2_kings: add commentary JSON for 5 missing chapter(s)
[Worker001] models: backend=dispatch (local pipeline scripts only; no Claude CLI) ollama=gemma4:e2b (christ gen + task_followup unless --no-followup)
Reopened T-0096.
=== 2026-04-10T02:35:28Z start Worker001 ===
[Worker001] checking for pending tasks…
Reopened T-0096.
  [ledger] pushed to origin
[Worker001] claimed T-0096: Donaldson — 2_kings: add commentary JSON for 5 missing chapter(s)
[Worker001] models: backend=dispatch (local pipeline scripts only; no Claude CLI) ollama=gemma4:e2b (christ gen + task_followup unless --no-followup)
Reopened T-0096.
=== 2026-04-10T02:35:29Z start Worker001 ===
[Worker001] checking for pending tasks…
[Worker001] claimed T-0096: Donaldson — 2_kings: add commentary JSON for 5 missing chapter(s)
[Worker001] models: backend=dispatch (local pipeline scripts only; no Claude CLI) ollama=gemma4:e2b (christ gen + task_followup unless --no-followup)
  pushed to origin
[Worker001] T-0096 no dispatch rule — reopened.
  push failed (non-fatal): Command '['git', 'push', 'origin', 'main']' returned non-zero exit status 1.
[Worker001] T-0096 no dispatch rule — reopened.
  push failed (non-fatal): Command '['git', 'push', 'origin', 'main']' returned non-zero exit status 1.
[Worker001] T-0096 no dispatch rule — reopened.
Reopened T-0096.
  push failed (non-fatal): Command '['git', 'push', 'origin', 'main']' returned non-zero exit status 1.
[Worker001] T-0096 no dispatch rule — reopened.
=== 2026-04-10T02:35:52Z start Worker001 ===
[Worker001] checking for pending tasks…
[Worker001] claimed T-0096: Donaldson — 2_kings: add commentary JSON for 5 missing chapter(s)
[Worker001] models: backend=dispatch (local pipeline scripts only; no Claude CLI) ollama=gemma4:e2b (christ gen + task_followup unless --no-followup)
Reopened T-0096.
=== 2026-04-10T02:35:54Z start Worker001 ===
[Worker001] checking for pending tasks…
  push failed (non-fatal): Command '['git', 'push', 'origin', 'main']' returned non-zero exit status 1.
[Worker001] T-0096 no dispatch rule — reopened.
=== 2026-04-10T02:35:58Z start Worker001 ===
[Worker001] checking for pending tasks…
[Worker001] claimed T-0096: Donaldson — 2_kings: add commentary JSON for 5 missing chapter(s)
[Worker001] models: backend=dispatch (local pipeline scripts only; no Claude CLI) ollama=gemma4:e2b (christ gen + task_followup unless --no-followup)
[Worker001] claimed T-0096: Donaldson — 2_kings: add commentary JSON for 5 missing chapter(s)
[Worker001] models: backend=dispatch (local pipeline scripts only; no Claude CLI) ollama=gemma4:e2b (christ gen + task_followup unless --no-followup)
=== 2026-04-10T02:35:59Z start Worker001 ===
Reopened T-0096.
[Worker001] checking for pending tasks…
Reopened T-0096.
[Worker001] claimed T-0096: Donaldson — 2_kings: add commentary JSON for 5 missing chapter(s)
[Worker001] models: backend=dispatch (local pipeline scripts only; no Claude CLI) ollama=gemma4:e2b (christ gen + task_followup unless --no-followup)
Reopened T-0096.
  push failed (non-fatal): Command '['git', 'push', 'origin', 'main']' returned non-zero exit status 1.
[Worker001] T-0096 no dispatch rule — reopened.
  push failed (non-fatal): Command '['git', 'push', 'origin', 'main']' returned non-zero exit status 1.
[Worker001] T-0096 no dispatch rule — reopened.
  push failed (non-fatal): Command '['git', 'push', 'origin', 'main']' returned non-zero exit status 1.
[Worker001] T-0096 no dispatch rule — reopened.
=== 2026-04-10T02:36:25Z start Worker001 ===
=== 2026-04-10T02:36:25Z start Worker001 ===
[Worker001] checking for pending tasks…
[Worker001] checking for pending tasks…
[Worker001] claimed T-0096: Donaldson — 2_kings: add commentary JSON for 5 missing chapter(s)
[Worker001] models: backend=dispatch (local pipeline scripts only; no Claude CLI) ollama=gemma4:e2b (christ gen + task_followup unless --no-followup)
Reopened T-0096.
  push failed (non-fatal): Command '['git', 'push', 'origin', 'main']' returned non-zero exit status 1.
[Worker001] T-0096 no dispatch rule — reopened.
[Worker001] claimed T-0099: Ch mark_8: add or repair _notes.html (commentary / semantic panel)
[Worker001] models: backend=dispatch (local pipeline scripts only; no Claude CLI) ollama=gemma4:e2b (christ gen + task_followup unless --no-followup)
Reopened T-0099.
=== 2026-04-10T02:36:31Z start Worker001 ===
[Worker001] checking for pending tasks…
[Worker001] claimed T-0096: Donaldson — 2_kings: add commentary JSON for 5 missing chapter(s)
[Worker001] models: backend=dispatch (local pipeline scripts only; no Claude CLI) ollama=gemma4:e2b (christ gen + task_followup unless --no-followup)
=== 2026-04-10T02:36:33Z start Worker001 ===
[Worker001] checking for pending tasks…
[Worker001] claimed T-0096: Donaldson — 2_kings: add commentary JSON for 5 missing chapter(s)
[Worker001] models: backend=dispatch (local pipeline scripts only; no Claude CLI) ollama=gemma4:e2b (christ gen + task_followup unless --no-followup)
  push failed (non-fatal): Command '['git', 'push', 'origin', 'main']' returned non-zero exit status 1.
[Worker001] T-0099 no dispatch rule — reopened.
Reopened T-0096.
Reopened T-0096.
  pushed to origin
[Worker001] T-0096 no dispatch rule — reopened.
  push failed (non-fatal): Command '['git', 'push', 'origin', 'main']' returned non-zero exit status 1.
[Worker001] T-0096 no dispatch rule — reopened.
=== 2026-04-10T02:36:57Z start Worker001 ===
[Worker001] checking for pending tasks…
[Worker001] claimed T-0096: Donaldson — 2_kings: add commentary JSON for 5 missing chapter(s)
[Worker001] models: backend=dispatch (local pipeline scripts only; no Claude CLI) ollama=gemma4:e2b (christ gen + task_followup unless --no-followup)
Reopened T-0096.
=== 2026-04-10T02:37:01Z start Worker001 ===
[Worker001] checking for pending tasks…
[Worker001] claimed T-0096: Donaldson — 2_kings: add commentary JSON for 5 missing chapter(s)
[Worker001] models: backend=dispatch (local pipeline scripts only; no Claude CLI) ollama=gemma4:e2b (christ gen + task_followup unless --no-followup)
  push failed (non-fatal): Command '['git', 'push', 'origin', 'main']' returned non-zero exit status 1.
[Worker001] T-0096 no dispatch rule — reopened.
=== 2026-04-10T02:37:05Z start Worker001 ===
=== 2026-04-10T02:37:05Z start Worker001 ===
[Worker001] checking for pending tasks…
[Worker001] checking for pending tasks…
[Worker001] claimed T-0096: Donaldson — 2_kings: add commentary JSON for 5 missing chapter(s)
[Worker001] models: backend=dispatch (local pipeline scripts only; no Claude CLI) ollama=gemma4:e2b (christ gen + task_followup unless --no-followup)
[Worker001] claimed T-0099: Ch mark_8: add or repair _notes.html (commentary / semantic panel)
[Worker001] models: backend=dispatch (local pipeline scripts only; no Claude CLI) ollama=gemma4:e2b (christ gen + task_followup unless --no-followup)
Reopened T-0096.
Reopened T-0096.
Reopened T-0099.
  pushed to origin
[Worker001] T-0096 no dispatch rule — reopened.
  push failed (non-fatal): Command '['git', 'push', 'origin', 'main']' returned non-zero exit status 1.
[Worker001] T-0096 no dispatch rule — reopened.
  push failed (non-fatal): Command '['git', 'push', 'origin', 'main']' returned non-zero exit status 1.
[Worker001] T-0099 no dispatch rule — reopened.
=== 2026-04-10T02:37:31Z start Worker001 ===
[Worker001] checking for pending tasks…
=== 2026-04-10T02:37:33Z start Worker001 ===
[Worker001] checking for pending tasks…
[Worker001] claimed T-0096: Donaldson — 2_kings: add commentary JSON for 5 missing chapter(s)
[Worker001] models: backend=dispatch (local pipeline scripts only; no Claude CLI) ollama=gemma4:e2b (christ gen + task_followup unless --no-followup)
[Worker001] claimed T-0096: Donaldson — 2_kings: add commentary JSON for 5 missing chapter(s)
[Worker001] models: backend=dispatch (local pipeline scripts only; no Claude CLI) ollama=gemma4:e2b (christ gen + task_followup unless --no-followup)
=== 2026-04-10T02:37:36Z start Worker001 ===
[Worker001] checking for pending tasks…
=== 2026-04-10T02:37:38Z start Worker001 ===
[Worker001] checking for pending tasks…
Reopened T-0096.
[Worker001] claimed T-0096: Donaldson — 2_kings: add commentary JSON for 5 missing chapter(s)
[Worker001] models: backend=dispatch (local pipeline scripts only; no Claude CLI) ollama=gemma4:e2b (christ gen + task_followup unless --no-followup)
Reopened T-0096.
Reopened T-0096.
[Worker001] claimed T-0096: Donaldson — 2_kings: add commentary JSON for 5 missing chapter(s)
[Worker001] models: backend=dispatch (local pipeline scripts only; no Claude CLI) ollama=gemma4:e2b (christ gen + task_followup unless --no-followup)
  pushed to origin
[Worker001] T-0096 no dispatch rule — reopened.
  push failed (non-fatal): Command '['git', 'push', 'origin', 'main']' returned non-zero exit status 1.
[Worker001] T-0096 no dispatch rule — reopened.
  push failed (non-fatal): Command '['git', 'push', 'origin', 'main']' returned non-zero exit status 1.
[Worker001] T-0096 no dispatch rule — reopened.
Reopened T-0096.
  push failed (non-fatal): Command '['git', 'push', 'origin', 'main']' returned non-zero exit status 1.
[Worker001] T-0096 no dispatch rule — reopened.
=== 2026-04-10T02:38:03Z start Worker001 ===
[Worker001] checking for pending tasks…
[Worker001] claimed T-0096: Donaldson — 2_kings: add commentary JSON for 5 missing chapter(s)
[Worker001] models: backend=dispatch (local pipeline scripts only; no Claude CLI) ollama=gemma4:e2b (christ gen + task_followup unless --no-followup)
Reopened T-0096.
=== 2026-04-10T02:38:04Z start Worker001 ===
[Worker001] checking for pending tasks…
  push failed (non-fatal): Command '['git', 'push', 'origin', 'main']' returned non-zero exit status 1.
[Worker001] T-0096 no dispatch rule — reopened.
=== 2026-04-10T02:38:07Z start Worker001 ===
[Worker001] checking for pending tasks…
[Worker001] claimed T-0096: Donaldson — 2_kings: add commentary JSON for 5 missing chapter(s)
[Worker001] models: backend=dispatch (local pipeline scripts only; no Claude CLI) ollama=gemma4:e2b (christ gen + task_followup unless --no-followup)
[Worker001] claimed T-0096: Donaldson — 2_kings: add commentary JSON for 5 missing chapter(s)
[Worker001] models: backend=dispatch (local pipeline scripts only; no Claude CLI) ollama=gemma4:e2b (christ gen + task_followup unless --no-followup)
=== 2026-04-10T02:38:08Z start Worker001 ===
Reopened T-0096.
[Worker001] checking for pending tasks…
[Worker001] claimed T-0096: Donaldson — 2_kings: add commentary JSON for 5 missing chapter(s)
[Worker001] models: backend=dispatch (local pipeline scripts only; no Claude CLI) ollama=gemma4:e2b (christ gen + task_followup unless --no-followup)
Reopened T-0096.
  push failed (non-fatal): Command '['git', 'push', 'origin', 'main']' returned non-zero exit status 1.
[Worker001] T-0096 no dispatch rule — reopened.
  push failed (non-fatal): Command '['git', 'push', 'origin', 'main']' returned non-zero exit status 1.
[Worker001] T-0096 no dispatch rule — reopened.
Reopened T-0096.
  pushed to origin
[Worker001] T-0096 no dispatch rule — reopened.
=== 2026-04-10T02:38:33Z start Worker001 ===
[Worker001] checking for pending tasks…
[Worker001] claimed T-0096: Donaldson — 2_kings: add commentary JSON for 5 missing chapter(s)
[Worker001] models: backend=dispatch (local pipeline scripts only; no Claude CLI) ollama=gemma4:e2b (christ gen + task_followup unless --no-followup)
Reopened T-0096.
=== 2026-04-10T02:38:35Z start Worker001 ===
[Worker001] checking for pending tasks…
[Worker001] claimed T-0096: Donaldson — 2_kings: add commentary JSON for 5 missing chapter(s)
[Worker001] models: backend=dispatch (local pipeline scripts only; no Claude CLI) ollama=gemma4:e2b (christ gen + task_followup unless --no-followup)
Reopened T-0096.
  push failed (non-fatal): Command '['git', 'push', 'origin', 'main']' returned non-zero exit status 1.
[Worker001] T-0096 no dispatch rule — reopened.
  push failed (non-fatal): Command '['git', 'push', 'origin', 'main']' returned non-zero exit status 1.
[Worker001] T-0096 no dispatch rule — reopened.
=== 2026-04-10T02:38:39Z start Worker001 ===
[Worker001] checking for pending tasks…
[Worker001] claimed T-0096: Donaldson — 2_kings: add commentary JSON for 5 missing chapter(s)
[Worker001] models: backend=dispatch (local pipeline scripts only; no Claude CLI) ollama=gemma4:e2b (christ gen + task_followup unless --no-followup)
Reopened T-0096.
=== 2026-04-10T02:38:40Z start Worker001 ===
[Worker001] checking for pending tasks…
[Worker001] claimed T-0099: Ch mark_8: add or repair _notes.html (commentary / semantic panel)
[Worker001] models: backend=dispatch (local pipeline scripts only; no Claude CLI) ollama=gemma4:e2b (christ gen + task_followup unless --no-followup)
Reopened T-0099.
  push failed (non-fatal): Command '['git', 'push', 'origin', 'main']' returned non-zero exit status 1.
[Worker001] T-0096 no dispatch rule — reopened.
  push failed (non-fatal): Command '['git', 'push', 'origin', 'main']' returned non-zero exit status 1.
[Worker001] T-0099 no dispatch rule — reopened.
=== 2026-04-10T02:39:05Z start Worker001 ===
[Worker001] checking for pending tasks…
=== 2026-04-10T02:39:07Z start Worker001 ===
[Worker001] checking for pending tasks…
[Worker001] claimed T-0099: Ch mark_8: add or repair _notes.html (commentary / semantic panel)
[Worker001] models: backend=dispatch (local pipeline scripts only; no Claude CLI) ollama=gemma4:e2b (christ gen + task_followup unless --no-followup)
Reopened T-0099.
[Worker001] claimed T-0099: Ch mark_8: add or repair _notes.html (commentary / semantic panel)
[Worker001] models: backend=dispatch (local pipeline scripts only; no Claude CLI) ollama=gemma4:e2b (christ gen + task_followup unless --no-followup)
  push failed (non-fatal): Command '['git', 'push', 'origin', 'main']' returned non-zero exit status 1.
[Worker001] T-0099 no dispatch rule — reopened.
=== 2026-04-10T02:39:12Z start Worker001 ===
Reopened T-0099.
[Worker001] checking for pending tasks…
[Worker001] claimed T-0099: Ch mark_8: add or repair _notes.html (commentary / semantic panel)
[Worker001] models: backend=dispatch (local pipeline scripts only; no Claude CLI) ollama=gemma4:e2b (christ gen + task_followup unless --no-followup)
=== 2026-04-10T02:39:13Z start Worker001 ===
[Worker001] checking for pending tasks…
Reopened T-0099.
[Worker001] claimed T-0099: Ch mark_8: add or repair _notes.html (commentary / semantic panel)
[Worker001] models: backend=dispatch (local pipeline scripts only; no Claude CLI) ollama=gemma4:e2b (christ gen + task_followup unless --no-followup)
Reopened T-0099.
  pushed to origin
[Worker001] T-0099 no dispatch rule — reopened.
  push failed (non-fatal): Command '['git', 'push', 'origin', 'main']' returned non-zero exit status 1.
[Worker001] T-0099 no dispatch rule — reopened.
  push failed (non-fatal): Command '['git', 'push', 'origin', 'main']' returned non-zero exit status 1.
[Worker001] T-0099 no dispatch rule — reopened.
=== 2026-04-10T02:39:35Z start Worker001 ===
=== 2026-04-10T02:39:35Z start Worker001 ===
[Worker001] checking for pending tasks…
[Worker001] checking for pending tasks…
[Worker001] claimed T-0099: Ch mark_8: add or repair _notes.html (commentary / semantic panel)
[Worker001] models: backend=dispatch (local pipeline scripts only; no Claude CLI) ollama=gemma4:e2b (christ gen + task_followup unless --no-followup)
[Worker001] claimed T-0101: Registry Wikipedia — people.json batch 5/40 (40 entries)
[Worker001] models: backend=dispatch (local pipeline scripts only; no Claude CLI) ollama=gemma4:e2b (christ gen + task_followup unless --no-followup)
  [dispatch] /Library/Developer/CommandLineTools/usr/bin/python3 /Users/reify/Classified/wescripture/lds_pipeline/build_entity_wikipedia.py --people --limit 40
Reopened T-0099.
  push failed (non-fatal): Command '['git', 'push', 'origin', 'main']' returned non-zero exit status 1.
[Worker001] T-0099 no dispatch rule — reopened.
=== 2026-04-10T02:39:42Z start Worker001 ===
[Worker001] checking for pending tasks…
[Worker001] claimed T-0099: Ch mark_8: add or repair _notes.html (commentary / semantic panel)
[Worker001] models: backend=dispatch (local pipeline scripts only; no Claude CLI) ollama=gemma4:e2b (christ gen + task_followup unless --no-followup)
Reopened T-0099.
=== 2026-04-10T02:39:43Z start Worker001 ===
[Worker001] checking for pending tasks…
  pushed to origin
[Worker001] T-0099 no dispatch rule — reopened.
[Worker001] claimed T-0099: Ch mark_8: add or repair _notes.html (commentary / semantic panel)
[Worker001] models: backend=dispatch (local pipeline scripts only; no Claude CLI) ollama=gemma4:e2b (christ gen + task_followup unless --no-followup)
Reopened T-0099.
  push failed (non-fatal): Command '['git', 'push', 'origin', 'main']' returned non-zero exit status 1.
[Worker001] T-0099 no dispatch rule — reopened.
=== 2026-04-10T02:40:11Z start Worker001 ===
[Worker001] checking for pending tasks…
[Worker001] claimed T-0099: Ch mark_8: add or repair _notes.html (commentary / semantic panel)
[Worker001] models: backend=dispatch (local pipeline scripts only; no Claude CLI) ollama=gemma4:e2b (christ gen + task_followup unless --no-followup)
Reopened T-0099.
=== 2026-04-10T02:40:13Z start Worker001 ===
[Worker001] checking for pending tasks…
  push failed (non-fatal): Command '['git', 'push', 'origin', 'main']' returned non-zero exit status 1.
[Worker001] T-0099 no dispatch rule — reopened.
=== 2026-04-10T02:40:15Z start Worker001 ===
[Worker001] checking for pending tasks…
[Worker001] claimed T-0099: Ch mark_8: add or repair _notes.html (commentary / semantic panel)
[Worker001] models: backend=dispatch (local pipeline scripts only; no Claude CLI) ollama=gemma4:e2b (christ gen + task_followup unless --no-followup)
Reopened T-0099.
[Worker001] claimed T-0099: Ch mark_8: add or repair _notes.html (commentary / semantic panel)
[Worker001] models: backend=dispatch (local pipeline scripts only; no Claude CLI) ollama=gemma4:e2b (christ gen + task_followup unless --no-followup)
  push failed (non-fatal): Command '['git', 'push', 'origin', 'main']' returned non-zero exit status 1.
[Worker001] T-0099 no dispatch rule — reopened.
Reopened T-0099.
  [ledger] pushed to origin
  pushed to origin
[Worker001] T-0099 no dispatch rule — reopened.
=== 2026-04-10T02:40:43Z start Worker001 ===
[Worker001] checking for pending tasks…
=== 2026-04-10T02:40:44Z start Worker001 ===
[Worker001] checking for pending tasks…
=== 2026-04-10T02:40:45Z start Worker001 ===
[Worker001] checking for pending tasks…
[Worker001] claimed T-0099: Ch mark_8: add or repair _notes.html (commentary / semantic panel)
[Worker001] models: backend=dispatch (local pipeline scripts only; no Claude CLI) ollama=gemma4:e2b (christ gen + task_followup unless --no-followup)
Reopened T-0099.
[Worker001] claimed T-0099: Ch mark_8: add or repair _notes.html (commentary / semantic panel)
[Worker001] models: backend=dispatch (local pipeline scripts only; no Claude CLI) ollama=gemma4:e2b (christ gen + task_followup unless --no-followup)
[Worker001] claimed T-0099: Ch mark_8: add or repair _notes.html (commentary / semantic panel)
[Worker001] models: backend=dispatch (local pipeline scripts only; no Claude CLI) ollama=gemma4:e2b (christ gen + task_followup unless --no-followup)
  pushed to origin
[Worker001] T-0099 no dispatch rule — reopened.
Reopened T-0099.
Reopened T-0099.
  [ledger] pushed to origin
  push failed (non-fatal): Command '['git', 'push', 'origin', 'main']' returned non-zero exit status 1.
[Worker001] T-0099 no dispatch rule — reopened.
  push failed (non-fatal): Command '['git', 'push', 'origin', 'main']' returned non-zero exit status 1.
[Worker001] T-0099 no dispatch rule — reopened.
=== 2026-04-10T02:41:14Z start Worker001 ===
[Worker001] checking for pending tasks…
=== 2026-04-10T02:41:15Z start Worker001 ===
[Worker001] claimed T-0099: Ch mark_8: add or repair _notes.html (commentary / semantic panel)
[Worker001] models: backend=dispatch (local pipeline scripts only; no Claude CLI) ollama=gemma4:e2b (christ gen + task_followup unless --no-followup)
[Worker001] checking for pending tasks…
Reopened T-0099.
=== 2026-04-10T02:41:16Z start Worker001 ===
[Worker001] checking for pending tasks…
[Worker001] claimed T-0099: Ch mark_8: add or repair _notes.html (commentary / semantic panel)
[Worker001] models: backend=dispatch (local pipeline scripts only; no Claude CLI) ollama=gemma4:e2b (christ gen + task_followup unless --no-followup)
  push failed (non-fatal): Command '['git', 'push', 'origin', 'main']' returned non-zero exit status 1.
[Worker001] T-0099 no dispatch rule — reopened.
[Worker001] claimed T-0105: Registry Wikipedia — people.json batch 6/40 (40 entries)
[Worker001] models: backend=dispatch (local pipeline scripts only; no Claude CLI) ollama=gemma4:e2b (christ gen + task_followup unless --no-followup)
  [dispatch] /Library/Developer/CommandLineTools/usr/bin/python3 /Users/reify/Classified/wescripture/lds_pipeline/build_entity_wikipedia.py --people --limit 40
Reopened T-0099.
  push failed (non-fatal): Command '['git', 'push', 'origin', 'main']' returned non-zero exit status 1.
[Worker001] T-0099 no dispatch rule — reopened.
=== 2026-04-10T02:41:45Z start Worker001 ===
[Worker001] checking for pending tasks…
=== 2026-04-10T02:41:47Z start Worker001 ===
[Worker001] checking for pending tasks…
[Worker001] claimed T-0099: Ch mark_8: add or repair _notes.html (commentary / semantic panel)
[Worker001] models: backend=dispatch (local pipeline scripts only; no Claude CLI) ollama=gemma4:e2b (christ gen + task_followup unless --no-followup)
Reopened T-0099.
[Worker001] claimed T-0099: Ch mark_8: add or repair _notes.html (commentary / semantic panel)
[Worker001] models: backend=dispatch (local pipeline scripts only; no Claude CLI) ollama=gemma4:e2b (christ gen + task_followup unless --no-followup)
  push failed (non-fatal): Command '['git', 'push', 'origin', 'main']' returned non-zero exit status 1.
[Worker001] T-0099 no dispatch rule — reopened.
Reopened T-0099.
  [ledger] pushed to origin
  pushed to origin
[Worker001] T-0099 no dispatch rule — reopened.
Enriching people (/Users/reify/Classified/wescripture/library/entities/people.json)...
  enriched: C.S Lewis
  enriched: Harold G. Hillam
  enriched: Albert E. Bowen
  enriched: Kelly Ogden
  enriched: Coleen K. Menlove
  enriched: Janette C. Hales
  enriched: Ardeth G. Kapp
  enriched: W. Eugene Hansen
  enriched: Chieko Okazaki
  enriched: New American Bible
  enriched: G. B. Caird
  enriched: Bonnie L. Oscarson
  enriched: Paul R. Cheesman
  enriched: Lee Donaldson
  enriched: Elaine Cannon
  enriched: Melvin J. Ballard
  enriched: Chris Conkling
  enriched: Shayne M. Bowen
  enriched: F. Melvin Hammond
  enriched: Bible Dictionary
  enriched: Erastus Snow
  enriched: Robert C. Oaks
  enriched: Dwan J. Young
  enriched: Ted E. Brewerton
  enriched: Ben B. Banks
  enriched: Sydney S. Reynolds
  enriched: W. Craig Zwick
  enriched: Rosemary M. Wixom
  enriched: Mary Ellen Edmunds
  enriched: Lectures on Faith
  enriched: Brent A. Barlow
  enriched: C. Scott Grow
  enriched: LDS Church News
  enriched: Hugh W. Nibley
  enriched: Online Bible
  enriched: John A. Widstoe
  enriched: Alfred Edersheim
  enriched: Durrel A. Woolsey
  enriched: Rudger Clawson
  enriched: Alma Sonne
  people: 40 enriched, 363 skipped

Total enriched: 40
=== 2026-04-10T02:42:16Z start Worker001 ===
[Worker001] checking for pending tasks…
=== 2026-04-10T02:42:16Z start Worker001 ===
[Worker001] checking for pending tasks…
[Worker001] claimed T-0099: Ch mark_8: add or repair _notes.html (commentary / semantic panel)
[Worker001] models: backend=dispatch (local pipeline scripts only; no Claude CLI) ollama=gemma4:e2b (christ gen + task_followup unless --no-followup)
[Worker001] claimed T-0099: Ch mark_8: add or repair _notes.html (commentary / semantic panel)
[Worker001] models: backend=dispatch (local pipeline scripts only; no Claude CLI) ollama=gemma4:e2b (christ gen + task_followup unless --no-followup)
Reopened T-0099.
Reopened T-0099.
  pushed to origin
[Worker001] T-0099 no dispatch rule — reopened.
  pushed to origin
[Worker001] T-0099 no dispatch rule — reopened.
=== 2026-04-10T02:42:47Z start Worker001 ===
=== 2026-04-10T02:42:47Z start Worker001 ===
[Worker001] checking for pending tasks…
[Worker001] checking for pending tasks…
[Worker001] claimed T-0099: Ch mark_8: add or repair _notes.html (commentary / semantic panel)
[Worker001] models: backend=dispatch (local pipeline scripts only; no Claude CLI) ollama=gemma4:e2b (christ gen + task_followup unless --no-followup)
[Worker001] claimed T-0112: Ch matthew_2: add or repair _notes.html (commentary / semantic panel)
[Worker001] models: backend=dispatch (local pipeline scripts only; no Claude CLI) ollama=gemma4:e2b (christ gen + task_followup unless --no-followup)
Reopened T-0112.
  push failed (non-fatal): Command '['git', 'push', 'origin', 'main']' returned non-zero exit status 1.
[Worker001] T-0112 no dispatch rule — reopened.
Reopened T-0099.
  [ledger] pushed to origin
  push failed (non-fatal): Command '['git', 'push', 'origin', 'main']' returned non-zero exit status 1.
[Worker001] T-0099 no dispatch rule — reopened.
Enriching people (/Users/reify/Classified/wescripture/library/entities/people.json)...
  enriched: C.S Lewis
  enriched: Harold G. Hillam
  enriched: Albert E. Bowen
  enriched: Kelly Ogden
  enriched: Coleen K. Menlove
  enriched: Janette C. Hales
  enriched: Ardeth G. Kapp
  enriched: W. Eugene Hansen
  enriched: Chieko Okazaki
  enriched: New American Bible
  enriched: G. B. Caird
  enriched: Bonnie L. Oscarson
  enriched: Paul R. Cheesman
  enriched: Lee Donaldson
  enriched: Elaine Cannon
  enriched: Melvin J. Ballard
  enriched: Chris Conkling
  enriched: Shayne M. Bowen
  enriched: F. Melvin Hammond
  enriched: Bible Dictionary
  enriched: Erastus Snow
  enriched: Robert C. Oaks
  enriched: Dwan J. Young
  enriched: Ted E. Brewerton
  enriched: Ben B. Banks
  enriched: Sydney S. Reynolds
  enriched: W. Craig Zwick
  enriched: Rosemary M. Wixom
  enriched: Mary Ellen Edmunds
  enriched: Lectures on Faith
  enriched: Brent A. Barlow
  enriched: C. Scott Grow
  enriched: LDS Church News
  enriched: Hugh W. Nibley
  enriched: Online Bible
  enriched: John A. Widstoe
  enriched: Alfred Edersheim
  enriched: Durrel A. Woolsey
  enriched: Rudger Clawson
  enriched: Alma Sonne
  people: 40 enriched, 363 skipped

Total enriched: 40
[main 42526f6d] [task] T-0105: build_entity_wikipedia --people --limit 40 (exit 0)
 Committer: Reif Tauati <reify@MacBookPro.lan>
Your name and email address were configured automatically based
on your username and hostname. Please check that they are accurate.
You can suppress this message by setting them explicitly:

    git config --global user.name "Your Name"
    git config --global user.email you@example.com

After doing this, you may fix the identity used for this commit with:

    git commit --amend --reset-author

 11 files changed, 216 insertions(+)
Completed T-0105.
  pushed to origin
=== 2026-04-10T02:43:17Z start Worker001 ===
[Worker001] checking for pending tasks…
[Worker001] claimed T-0099: Ch mark_8: add or repair _notes.html (commentary / semantic panel)
[Worker001] models: backend=dispatch (local pipeline scripts only; no Claude CLI) ollama=gemma4:e2b (christ gen + task_followup unless --no-followup)
Reopened T-0099.
  pushed to origin
[Worker001] T-0099 no dispatch rule — reopened.
=== 2026-04-10T02:43:49Z start Worker001 ===
[Worker001] checking for pending tasks…
[Worker001] claimed T-0099: Ch mark_8: add or repair _notes.html (commentary / semantic panel)
[Worker001] models: backend=dispatch (local pipeline scripts only; no Claude CLI) ollama=gemma4:e2b (christ gen + task_followup unless --no-followup)
Reopened T-0099.
  pushed to origin
[Worker001] T-0099 no dispatch rule — reopened.
=== 2026-04-10T02:44:22Z start Worker001 ===
[Worker001] checking for pending tasks…
[Worker001] claimed T-0099: Ch mark_8: add or repair _notes.html (commentary / semantic panel)
[Worker001] models: backend=dispatch (local pipeline scripts only; no Claude CLI) ollama=gemma4:e2b (christ gen + task_followup unless --no-followup)
Reopened T-0099.
  push failed (non-fatal): Command '['git', 'push', 'origin', 'main']' returned non-zero exit status 1.
[Worker001] T-0099 no dispatch rule — reopened.
=== 2026-04-10T02:44:43Z start Worker001 ===
[Worker001] checking for pending tasks…
[Worker001] claimed T-0099: Ch mark_8: add or repair _notes.html (commentary / semantic panel)
[Worker001] models: backend=dispatch (local pipeline scripts only; no Claude CLI) ollama=gemma4:e2b (christ gen + task_followup unless --no-followup)
Reopened T-0099.
  [ledger] pushed to origin
  pushed to origin
[Worker001] T-0099 no dispatch rule — reopened.
=== 2026-04-10T02:44:54Z start Worker001 ===
[Worker001] checking for pending tasks…
[Worker001] claimed T-0099: Ch mark_8: add or repair _notes.html (commentary / semantic panel)
[Worker001] models: backend=dispatch (local pipeline scripts only; no Claude CLI) ollama=gemma4:e2b (christ gen + task_followup unless --no-followup)
Reopened T-0099.
  push failed (non-fatal): Command '['git', 'push', 'origin', 'main']' returned non-zero exit status 1.
[Worker001] T-0099 no dispatch rule — reopened.
  [followup] exit 2 (non-fatal)
[Worker001] T-0105 success. commit=42526f6d
=== 2026-04-10T02:45:05Z exit 0 Worker001 ===
=== 2026-04-10T02:45:14Z start Worker001 ===
[Worker001] checking for pending tasks…
[Worker001] claimed T-0099: Ch mark_8: add or repair _notes.html (commentary / semantic panel)
[Worker001] models: backend=dispatch (local pipeline scripts only; no Claude CLI) ollama=gemma4:e2b (christ gen + task_followup unless --no-followup)
Reopened T-0099.
=== 2026-04-10T02:45:24Z start Worker001 ===
  pushed to origin
[Worker001] T-0099 no dispatch rule — reopened.
[Worker001] checking for pending tasks…
[Worker001] claimed T-0099: Ch mark_8: add or repair _notes.html (commentary / semantic panel)
[Worker001] models: backend=dispatch (local pipeline scripts only; no Claude CLI) ollama=gemma4:e2b (christ gen + task_followup unless --no-followup)
Reopened T-0099.
=== 2026-04-10T02:45:25Z start Worker001 ===
[Worker001] checking for pending tasks…
[Worker001] claimed T-0099: Ch mark_8: add or repair _notes.html (commentary / semantic panel)
[Worker001] models: backend=dispatch (local pipeline scripts only; no Claude CLI) ollama=gemma4:e2b (christ gen + task_followup unless --no-followup)
=== 2026-04-10T02:45:27Z start Worker001 ===
[Worker001] checking for pending tasks…
[Worker001] claimed T-0099: Ch mark_8: add or repair _notes.html (commentary / semantic panel)
[Worker001] models: backend=dispatch (local pipeline scripts only; no Claude CLI) ollama=gemma4:e2b (christ gen + task_followup unless --no-followup)
Reopened T-0099.
  push failed (non-fatal): Command '['git', 'push', 'origin', 'main']' returned non-zero exit status 1.
[Worker001] T-0099 no dispatch rule — reopened.
Reopened T-0099.
  pushed to origin
[Worker001] T-0099 no dispatch rule — reopened.
  push failed (non-fatal): Command '['git', 'push', 'origin', 'main']' returned non-zero exit status 1.
[Worker001] T-0099 no dispatch rule — reopened.
=== 2026-04-10T02:45:45Z start Worker001 ===
[Worker001] checking for pending tasks…
[Worker001] claimed T-0099: Ch mark_8: add or repair _notes.html (commentary / semantic panel)
[Worker001] models: backend=dispatch (local pipeline scripts only; no Claude CLI) ollama=gemma4:e2b (christ gen + task_followup unless --no-followup)
Reopened T-0099.
  pushed to origin
[Worker001] T-0099 no dispatch rule — reopened.
=== 2026-04-10T02:45:56Z start Worker001 ===
[Worker001] checking for pending tasks…
=== 2026-04-10T02:45:58Z start Worker001 ===
[Worker001] checking for pending tasks…
=== 2026-04-10T02:45:58Z start Worker001 ===
[Worker001] claimed T-0112: Ch matthew_2: add or repair _notes.html (commentary / semantic panel)
[Worker001] models: backend=dispatch (local pipeline scripts only; no Claude CLI) ollama=gemma4:e2b (christ gen + task_followup unless --no-followup)
[Worker001] checking for pending tasks…
Reopened T-0112.
[Worker001] claimed T-0114: Registry Wikipedia — scripture_people batch 1/46 (1 entries)
[Worker001] models: backend=dispatch (local pipeline scripts only; no Claude CLI) ollama=gemma4:e2b (christ gen + task_followup unless --no-followup)
  [dispatch] /Library/Developer/CommandLineTools/usr/bin/python3 /Users/reify/Classified/wescripture/lds_pipeline/build_entity_wikipedia.py --scripture-people --limit 1
[Worker001] claimed T-0099: Ch mark_8: add or repair _notes.html (commentary / semantic panel)
[Worker001] models: backend=dispatch (local pipeline scripts only; no Claude CLI) ollama=gemma4:e2b (christ gen + task_followup unless --no-followup)
  push failed (non-fatal): Command '['git', 'push', 'origin', 'main']' returned non-zero exit status 1.
[Worker001] T-0112 no dispatch rule — reopened.
Reopened T-0099.
  pushed to origin
[Worker001] T-0099 no dispatch rule — reopened.
=== 2026-04-10T02:46:16Z start Worker001 ===
[Worker001] checking for pending tasks…
Enriching scripture_people (/Users/reify/Classified/wescripture/library/entities/scripture_people.json)...
  scripture_people: 0 enriched, 200 skipped

Total enriched: 0
=== 2026-04-10T02:52:13Z start Worker001 ===
[Worker001] checking for pending tasks…
=== 2026-04-10T02:52:13Z start Worker001 ===
[Worker001] checking for pending tasks…
[Worker001] claimed T-0112: Ch matthew_2: add or repair _notes.html (commentary / semantic panel)
[Worker001] models: backend=dispatch (local pipeline scripts only; no Claude CLI) ollama=gemma4:e2b (christ gen + task_followup unless --no-followup)
Reopened T-0112.
[Worker001] claimed T-0099: Ch mark_8: add or repair _notes.html (commentary / semantic panel)
[Worker001] models: backend=dispatch (local pipeline scripts only; no Claude CLI) ollama=gemma4:e2b (christ gen + task_followup unless --no-followup)
  push failed (non-fatal): Command '['git', 'push', 'origin', 'main']' returned non-zero exit status 1.
[Worker001] T-0112 no dispatch rule — reopened.
Reopened T-0099.
  pushed to origin
[Worker001] T-0099 no dispatch rule — reopened.
=== 2026-04-10T02:52:24Z start Worker001 ===
[Worker001] checking for pending tasks…
[Worker001] claimed T-0099: Ch mark_8: add or repair _notes.html (commentary / semantic panel)
[Worker001] models: backend=dispatch (local pipeline scripts only; no Claude CLI) ollama=gemma4:e2b (christ gen + task_followup unless --no-followup)
Reopened T-0099.
=== 2026-04-10T02:52:26Z start Worker001 ===
[Worker001] checking for pending tasks…
  pushed to origin
[Worker001] T-0099 no dispatch rule — reopened.
[Worker001] claimed T-0099: Ch mark_8: add or repair _notes.html (commentary / semantic panel)
[Worker001] models: backend=dispatch (local pipeline scripts only; no Claude CLI) ollama=gemma4:e2b (christ gen + task_followup unless --no-followup)
Reopened T-0099.
  pushed to origin
[Worker001] T-0099 no dispatch rule — reopened.
=== 2026-04-10T02:52:44Z start Worker001 ===
[Worker001] checking for pending tasks…
=== 2026-04-10T02:52:47Z start Worker001 ===
[Worker001] checking for pending tasks…
[Worker001] claimed T-0099: Ch mark_8: add or repair _notes.html (commentary / semantic panel)
[Worker001] models: backend=dispatch (local pipeline scripts only; no Claude CLI) ollama=gemma4:e2b (christ gen + task_followup unless --no-followup)
Reopened T-0099.
[Worker001] claimed T-0099: Ch mark_8: add or repair _notes.html (commentary / semantic panel)
[Worker001] models: backend=dispatch (local pipeline scripts only; no Claude CLI) ollama=gemma4:e2b (christ gen + task_followup unless --no-followup)
  pushed to origin
[Worker001] T-0099 no dispatch rule — reopened.
Reopened T-0099.
  pushed to origin
[Worker001] T-0099 no dispatch rule — reopened.
=== 2026-04-10T02:52:57Z start Worker001 ===
[Worker001] checking for pending tasks…
[Worker001] claimed T-0099: Ch mark_8: add or repair _notes.html (commentary / semantic panel)
[Worker001] models: backend=dispatch (local pipeline scripts only; no Claude CLI) ollama=gemma4:e2b (christ gen + task_followup unless --no-followup)
Reopened T-0099.
=== 2026-04-10T02:52:59Z start Worker001 ===
[Worker001] checking for pending tasks…
[Worker001] claimed T-0099: Ch mark_8: add or repair _notes.html (commentary / semantic panel)
[Worker001] models: backend=dispatch (local pipeline scripts only; no Claude CLI) ollama=gemma4:e2b (christ gen + task_followup unless --no-followup)
  pushed to origin
[Worker001] T-0099 no dispatch rule — reopened.
Reopened T-0099.
  [ledger] pushed to origin
  pushed to origin
[Worker001] T-0099 no dispatch rule — reopened.
=== 2026-04-10T02:53:17Z start Worker001 ===
=== 2026-04-10T02:53:17Z start Worker001 ===
[Worker001] checking for pending tasks…
[Worker001] checking for pending tasks…
[Worker001] claimed T-0099: Ch mark_8: add or repair _notes.html (commentary / semantic panel)
[Worker001] models: backend=dispatch (local pipeline scripts only; no Claude CLI) ollama=gemma4:e2b (christ gen + task_followup unless --no-followup)
[Worker001] claimed T-0099: Ch mark_8: add or repair _notes.html (commentary / semantic panel)
[Worker001] models: backend=dispatch (local pipeline scripts only; no Claude CLI) ollama=gemma4:e2b (christ gen + task_followup unless --no-followup)
Reopened T-0099.
Reopened T-0099.
  push failed (non-fatal): Command '['git', 'push', 'origin', 'main']' returned non-zero exit status 1.
[Worker001] T-0099 no dispatch rule — reopened.
  push failed (non-fatal): Command '['git', 'push', 'origin', 'main']' returned non-zero exit status 1.
[Worker001] T-0099 no dispatch rule — reopened.
=== 2026-04-10T02:53:29Z start Worker001 ===
[Worker001] checking for pending tasks…
=== 2026-04-10T02:53:29Z start Worker001 ===
[Worker001] checking for pending tasks…
[Worker001] claimed T-0112: Ch matthew_2: add or repair _notes.html (commentary / semantic panel)
[Worker001] models: backend=dispatch (local pipeline scripts only; no Claude CLI) ollama=gemma4:e2b (christ gen + task_followup unless --no-followup)
Reopened T-0112.
[Worker001] claimed T-0099: Ch mark_8: add or repair _notes.html (commentary / semantic panel)
[Worker001] models: backend=dispatch (local pipeline scripts only; no Claude CLI) ollama=gemma4:e2b (christ gen + task_followup unless --no-followup)
  push failed (non-fatal): Command '['git', 'push', 'origin', 'main']' returned non-zero exit status 1.
[Worker001] T-0112 no dispatch rule — reopened.
Reopened T-0099.
  pushed to origin
[Worker001] T-0099 no dispatch rule — reopened.
=== 2026-04-10T02:53:48Z start Worker001 ===
[Worker001] checking for pending tasks…
=== 2026-04-10T02:53:50Z start Worker001 ===
[Worker001] checking for pending tasks…
[Worker001] claimed T-0099: Ch mark_8: add or repair _notes.html (commentary / semantic panel)
[Worker001] models: backend=dispatch (local pipeline scripts only; no Claude CLI) ollama=gemma4:e2b (christ gen + task_followup unless --no-followup)
[main de168b7b] [task] T-0099: mark_8_notes.html already present
 Committer: Reif Tauati <reify@MacBookPro.lan>
Your name and email address were configured automatically based
on your username and hostname. Please check that they are accurate.
You can suppress this message by setting them explicitly:

    git config --global user.name "Your Name"
    git config --global user.email you@example.com

After doing this, you may fix the identity used for this commit with:

    git commit --amend --reset-author

 26 files changed, 3454 insertions(+)
[Worker001] claimed T-0099: Ch mark_8: add or repair _notes.html (commentary / semantic panel)
[Worker001] models: backend=dispatch (local pipeline scripts only; no Claude CLI) ollama=gemma4:e2b (christ gen + task_followup unless --no-followup)
[main 2d36a6f1] [task] T-0099: mark_8_notes.html already present
 Committer: Reif Tauati <reify@MacBookPro.lan>
Your name and email address were configured automatically based
on your username and hostname. Please check that they are accurate.
You can suppress this message by setting them explicitly:

    git config --global user.name "Your Name"
    git config --global user.email you@example.com

After doing this, you may fix the identity used for this commit with:

    git commit --amend --reset-author

 16 files changed, 66 insertions(+)
Completed T-0099.
  [ledger] pushed to origin
Completed T-0099.
  pushed to origin
  pushed to origin
=== 2026-04-10T02:53:59Z start Worker001 ===
[Worker001] checking for pending tasks…
=== 2026-04-10T02:53:59Z start Worker001 ===
[Worker001] checking for pending tasks…
[Worker001] claimed T-0112: Ch matthew_2: add or repair _notes.html (commentary / semantic panel)
[Worker001] models: backend=dispatch (local pipeline scripts only; no Claude CLI) ollama=gemma4:e2b (christ gen + task_followup unless --no-followup)
[Worker001] claimed T-0113: Donaldson — 1_chronicles_1: add commentary JSON
[Worker001] models: backend=dispatch (local pipeline scripts only; no Claude CLI) ollama=gemma4:e2b (christ gen + task_followup unless --no-followup)
Reopened T-0113.
  push failed (non-fatal): Command '['git', 'push', 'origin', 'main']' returned non-zero exit status 1.
[Worker001] T-0113 no dispatch rule — reopened.
=== 2026-04-10T02:58:03Z start Worker001 ===
[Worker001] checking for pending tasks…
=== 2026-04-10T02:58:04Z start Worker001 ===
[Worker001] checking for pending tasks…
[Worker001] claimed T-0113: Donaldson — 1_chronicles_1: add commentary JSON
[Worker001] models: backend=dispatch (local pipeline scripts only; no Claude CLI) ollama=gemma4:e2b (christ gen + task_followup unless --no-followup)
[Worker001] claimed T-0116: Ch matthew_8: add or repair _notes.html (commentary / semantic panel)
[Worker001] models: backend=dispatch (local pipeline scripts only; no Claude CLI) ollama=gemma4:e2b (christ gen + task_followup unless --no-followup)
Reopened T-0113.
  push failed (non-fatal): Command '['git', 'push', 'origin', 'main']' returned non-zero exit status 1.
[Worker001] T-0113 no dispatch rule — reopened.
=== 2026-04-10T02:58:26Z start Worker001 ===
[Worker001] checking for pending tasks…
=== 2026-04-10T02:58:27Z start Worker001 ===
[Worker001] claimed T-0113: Donaldson — 1_chronicles_1: add commentary JSON
[Worker001] models: backend=dispatch (local pipeline scripts only; no Claude CLI) ollama=gemma4:e2b (christ gen + task_followup unless --no-followup)
[Worker001] checking for pending tasks…
Reopened T-0113.
[Worker001] claimed T-0117: Donaldson — 1_chronicles_10: add commentary JSON
[Worker001] models: backend=dispatch (local pipeline scripts only; no Claude CLI) ollama=gemma4:e2b (christ gen + task_followup unless --no-followup)
Reopened T-0117.
  push failed (non-fatal): Command '['git', 'push', 'origin', 'main']' returned non-zero exit status 1.
[Worker001] T-0113 no dispatch rule — reopened.
  push failed (non-fatal): Command '['git', 'push', 'origin', 'main']' returned non-zero exit status 1.
[Worker001] T-0117 no dispatch rule — reopened.
=== 2026-04-10T02:58:36Z start Worker001 ===
[Worker001] checking for pending tasks…
[Worker001] claimed T-0113: Donaldson — 1_chronicles_1: add commentary JSON
[Worker001] models: backend=dispatch (local pipeline scripts only; no Claude CLI) ollama=gemma4:e2b (christ gen + task_followup unless --no-followup)
Reopened T-0113.
  pushed to origin
[Worker001] T-0113 no dispatch rule — reopened.
=== 2026-04-10T02:58:58Z start Worker001 ===
[Worker001] checking for pending tasks…
[Worker001] claimed T-0113: Donaldson — 1_chronicles_1: add commentary JSON
[Worker001] models: backend=dispatch (local pipeline scripts only; no Claude CLI) ollama=gemma4:e2b (christ gen + task_followup unless --no-followup)
Reopened T-0113.
  push failed (non-fatal): Command '['git', 'push', 'origin', 'main']' returned non-zero exit status 1.
[Worker001] T-0113 no dispatch rule — reopened.
=== 2026-04-10T02:59:05Z start Worker001 ===
[Worker001] checking for pending tasks…
[Worker001] claimed T-0113: Donaldson — 1_chronicles_1: add commentary JSON
[Worker001] models: backend=dispatch (local pipeline scripts only; no Claude CLI) ollama=gemma4:e2b (christ gen + task_followup unless --no-followup)
Reopened T-0113.
  [ledger] pushed to origin
=== 2026-04-10T02:59:09Z start Worker001 ===
[Worker001] checking for pending tasks…
  pushed to origin
[Worker001] T-0113 no dispatch rule — reopened.
[Worker001] claimed T-0113: Donaldson — 1_chronicles_1: add commentary JSON
[Worker001] models: backend=dispatch (local pipeline scripts only; no Claude CLI) ollama=gemma4:e2b (christ gen + task_followup unless --no-followup)
Reopened T-0113.
  pushed to origin
[Worker001] T-0113 no dispatch rule — reopened.
=== 2026-04-10T02:59:32Z start Worker001 ===
[Worker001] checking for pending tasks…
[Worker001] claimed T-0113: Donaldson — 1_chronicles_1: add commentary JSON
[Worker001] models: backend=dispatch (local pipeline scripts only; no Claude CLI) ollama=gemma4:e2b (christ gen + task_followup unless --no-followup)
=== 2026-04-10T02:59:36Z start Worker001 ===
[Worker001] checking for pending tasks…
[Worker001] claimed T-0113: Donaldson — 1_chronicles_1: add commentary JSON
[Worker001] models: backend=dispatch (local pipeline scripts only; no Claude CLI) ollama=gemma4:e2b (christ gen + task_followup unless --no-followup)
Reopened T-0113.
  pushed to origin
[Worker001] T-0113 no dispatch rule — reopened.
Reopened T-0113.
=== 2026-04-10T02:59:42Z start Worker001 ===
[Worker001] checking for pending tasks…
[Worker001] claimed T-0113: Donaldson — 1_chronicles_1: add commentary JSON
[Worker001] models: backend=dispatch (local pipeline scripts only; no Claude CLI) ollama=gemma4:e2b (christ gen + task_followup unless --no-followup)
  pushed to origin
[Worker001] T-0113 no dispatch rule — reopened.
Reopened T-0113.
  [ledger] pushed to origin
  pushed to origin
[Worker001] T-0113 no dispatch rule — reopened.
=== 2026-04-10T03:00:02Z start Worker001 ===
[Worker001] checking for pending tasks…
[Worker001] claimed T-0113: Donaldson — 1_chronicles_1: add commentary JSON
[Worker001] models: backend=dispatch (local pipeline scripts only; no Claude CLI) ollama=gemma4:e2b (christ gen + task_followup unless --no-followup)
Reopened T-0113.
  push failed (non-fatal): Command '['git', 'push', 'origin', 'main']' returned non-zero exit status 1.
[Worker001] T-0113 no dispatch rule — reopened.
=== 2026-04-10T03:00:08Z start Worker001 ===
[Worker001] checking for pending tasks…
[Worker001] claimed T-0113: Donaldson — 1_chronicles_1: add commentary JSON
[Worker001] models: backend=dispatch (local pipeline scripts only; no Claude CLI) ollama=gemma4:e2b (christ gen + task_followup unless --no-followup)
Reopened T-0113.
=== 2026-04-10T03:00:13Z start Worker001 ===
[Worker001] checking for pending tasks…
  push failed (non-fatal): Command '['git', 'push', 'origin', 'main']' returned non-zero exit status 1.
[Worker001] T-0113 no dispatch rule — reopened.
[Worker001] claimed T-0113: Donaldson — 1_chronicles_1: add commentary JSON
[Worker001] models: backend=dispatch (local pipeline scripts only; no Claude CLI) ollama=gemma4:e2b (christ gen + task_followup unless --no-followup)
Reopened T-0113.
  push failed (non-fatal): Command '['git', 'push', 'origin', 'main']' returned non-zero exit status 1.
[Worker001] T-0113 no dispatch rule — reopened.
=== 2026-04-10T03:00:34Z start Worker001 ===
[Worker001] checking for pending tasks…
[Worker001] claimed T-0113: Donaldson — 1_chronicles_1: add commentary JSON
[Worker001] models: backend=dispatch (local pipeline scripts only; no Claude CLI) ollama=gemma4:e2b (christ gen + task_followup unless --no-followup)
Reopened T-0113.
=== 2026-04-10T03:00:36Z start Worker001 ===
[Worker001] checking for pending tasks…
=== 2026-04-10T03:00:36Z start Worker001 ===
[Worker001] claimed T-0113: Donaldson — 1_chronicles_1: add commentary JSON
[Worker001] models: backend=dispatch (local pipeline scripts only; no Claude CLI) ollama=gemma4:e2b (christ gen + task_followup unless --no-followup)
[Worker001] checking for pending tasks…
Reopened T-0113.
  push failed (non-fatal): Command '['git', 'push', 'origin', 'main']' returned non-zero exit status 1.
[Worker001] T-0113 no dispatch rule — reopened.
  pushed to origin
[Worker001] T-0113 no dispatch rule — reopened.
[Worker001] claimed T-0117: Donaldson — 1_chronicles_10: add commentary JSON
[Worker001] models: backend=dispatch (local pipeline scripts only; no Claude CLI) ollama=gemma4:e2b (christ gen + task_followup unless --no-followup)
=== 2026-04-10T03:00:43Z start Worker001 ===
[Worker001] checking for pending tasks…
[Worker001] claimed T-0113: Donaldson — 1_chronicles_1: add commentary JSON
[Worker001] models: backend=dispatch (local pipeline scripts only; no Claude CLI) ollama=gemma4:e2b (christ gen + task_followup unless --no-followup)
Reopened T-0113.
Reopened T-0117.
  push failed (non-fatal): Command '['git', 'push', 'origin', 'main']' returned non-zero exit status 1.
[Worker001] T-0113 no dispatch rule — reopened.
  pushed to origin
[Worker001] T-0117 no dispatch rule — reopened.
=== 2026-04-10T03:01:07Z start Worker001 ===
[Worker001] checking for pending tasks…
=== 2026-04-10T03:01:08Z start Worker001 ===
[Worker001] claimed T-0113: Donaldson — 1_chronicles_1: add commentary JSON
[Worker001] models: backend=dispatch (local pipeline scripts only; no Claude CLI) ollama=gemma4:e2b (christ gen + task_followup unless --no-followup)
[Worker001] checking for pending tasks…
Reopened T-0113.
[Worker001] claimed T-0117: Donaldson — 1_chronicles_10: add commentary JSON
[Worker001] models: backend=dispatch (local pipeline scripts only; no Claude CLI) ollama=gemma4:e2b (christ gen + task_followup unless --no-followup)
=== 2026-04-10T03:01:10Z start Worker001 ===
[Worker001] checking for pending tasks…
[Worker001] claimed T-0113: Donaldson — 1_chronicles_1: add commentary JSON
[Worker001] models: backend=dispatch (local pipeline scripts only; no Claude CLI) ollama=gemma4:e2b (christ gen + task_followup unless --no-followup)
Reopened T-0113.
  push failed (non-fatal): Command '['git', 'push', 'origin', 'main']' returned non-zero exit status 1.
[Worker001] T-0113 no dispatch rule — reopened.
=== 2026-04-10T03:01:15Z start Worker001 ===
Reopened T-0117.
[Worker001] checking for pending tasks…
[Worker001] claimed T-0113: Donaldson — 1_chronicles_1: add commentary JSON
[Worker001] models: backend=dispatch (local pipeline scripts only; no Claude CLI) ollama=gemma4:e2b (christ gen + task_followup unless --no-followup)
  push failed (non-fatal): Command '['git', 'push', 'origin', 'main']' returned non-zero exit status 1.
[Worker001] T-0113 no dispatch rule — reopened.
  push failed (non-fatal): Command '['git', 'push', 'origin', 'main']' returned non-zero exit status 1.
[Worker001] T-0117 no dispatch rule — reopened.
Reopened T-0113.
  push failed (non-fatal): Command '['git', 'push', 'origin', 'main']' returned non-zero exit status 1.
[Worker001] T-0113 no dispatch rule — reopened.
=== 2026-04-10T03:01:40Z start Worker001 ===
[Worker001] checking for pending tasks…
[Worker001] claimed T-0113: Donaldson — 1_chronicles_1: add commentary JSON
[Worker001] models: backend=dispatch (local pipeline scripts only; no Claude CLI) ollama=gemma4:e2b (christ gen + task_followup unless --no-followup)
Reopened T-0113.
=== 2026-04-10T03:01:42Z start Worker001 ===
[Worker001] checking for pending tasks…
[Worker001] claimed T-0113: Donaldson — 1_chronicles_1: add commentary JSON
[Worker001] models: backend=dispatch (local pipeline scripts only; no Claude CLI) ollama=gemma4:e2b (christ gen + task_followup unless --no-followup)
=== 2026-04-10T03:01:42Z start Worker001 ===
[Worker001] checking for pending tasks…
[Worker001] claimed T-0113: Donaldson — 1_chronicles_1: add commentary JSON
[Worker001] models: backend=dispatch (local pipeline scripts only; no Claude CLI) ollama=gemma4:e2b (christ gen + task_followup unless --no-followup)
Reopened T-0113.
Reopened T-0113.
  pushed to origin
[Worker001] T-0113 no dispatch rule — reopened.
  pushed to origin
[Worker001] T-0113 no dispatch rule — reopened.
=== 2026-04-10T03:01:48Z start Worker001 ===
[Worker001] checking for pending tasks…
  push failed (non-fatal): Command '['git', 'push', 'origin', 'main']' returned non-zero exit status 1.
[Worker001] T-0113 no dispatch rule — reopened.
[Worker001] claimed T-0113: Donaldson — 1_chronicles_1: add commentary JSON
[Worker001] models: backend=dispatch (local pipeline scripts only; no Claude CLI) ollama=gemma4:e2b (christ gen + task_followup unless --no-followup)
Reopened T-0113.
  push failed (non-fatal): Command '['git', 'push', 'origin', 'main']' returned non-zero exit status 1.
[Worker001] T-0113 no dispatch rule — reopened.
=== 2026-04-10T03:02:13Z start Worker001 ===
[Worker001] checking for pending tasks…
=== 2026-04-10T03:02:14Z start Worker001 ===
[Worker001] checking for pending tasks…
=== 2026-04-10T03:02:15Z start Worker001 ===
[Worker001] checking for pending tasks…
[Worker001] claimed T-0113: Donaldson — 1_chronicles_1: add commentary JSON
[Worker001] models: backend=dispatch (local pipeline scripts only; no Claude CLI) ollama=gemma4:e2b (christ gen + task_followup unless --no-followup)
[Worker001] claimed T-0117: Donaldson — 1_chronicles_10: add commentary JSON
[Worker001] models: backend=dispatch (local pipeline scripts only; no Claude CLI) ollama=gemma4:e2b (christ gen + task_followup unless --no-followup)
Reopened T-0113.
Reopened T-0117.
[Worker001] claimed T-0113: Donaldson — 1_chronicles_1: add commentary JSON
[Worker001] models: backend=dispatch (local pipeline scripts only; no Claude CLI) ollama=gemma4:e2b (christ gen + task_followup unless --no-followup)
=== 2026-04-10T03:02:19Z start Worker001 ===
[Worker001] checking for pending tasks…
  push failed (non-fatal): Command '['git', 'push', 'origin', 'main']' returned non-zero exit status 1.
[Worker001] T-0113 no dispatch rule — reopened.
  push failed (non-fatal): Command '['git', 'push', 'origin', 'main']' returned non-zero exit status 1.
[Worker001] T-0117 no dispatch rule — reopened.
Reopened T-0113.
[Worker001] claimed T-0113: Donaldson — 1_chronicles_1: add commentary JSON
[Worker001] models: backend=dispatch (local pipeline scripts only; no Claude CLI) ollama=gemma4:e2b (christ gen + task_followup unless --no-followup)
  pushed to origin
[Worker001] T-0113 no dispatch rule — reopened.
Reopened T-0113.
  pushed to origin
[Worker001] T-0113 no dispatch rule — reopened.
=== 2026-04-10T03:02:46Z start Worker001 ===
[Worker001] checking for pending tasks…
=== 2026-04-10T03:02:47Z start Worker001 ===
=== 2026-04-10T03:02:47Z start Worker001 ===
[Worker001] checking for pending tasks…
[Worker001] checking for pending tasks…
[Worker001] claimed T-0113: Donaldson — 1_chronicles_1: add commentary JSON
[Worker001] models: backend=dispatch (local pipeline scripts only; no Claude CLI) ollama=gemma4:e2b (christ gen + task_followup unless --no-followup)
[Worker001] claimed T-0113: Donaldson — 1_chronicles_1: add commentary JSON
[Worker001] models: backend=dispatch (local pipeline scripts only; no Claude CLI) ollama=gemma4:e2b (christ gen + task_followup unless --no-followup)
Reopened T-0113.
Reopened T-0113.
[Worker001] claimed T-0113: Donaldson — 1_chronicles_1: add commentary JSON
[Worker001] models: backend=dispatch (local pipeline scripts only; no Claude CLI) ollama=gemma4:e2b (christ gen + task_followup unless --no-followup)
=== 2026-04-10T03:02:52Z start Worker001 ===
[Worker001] checking for pending tasks…
[Worker001] claimed T-0113: Donaldson — 1_chronicles_1: add commentary JSON
[Worker001] models: backend=dispatch (local pipeline scripts only; no Claude CLI) ollama=gemma4:e2b (christ gen + task_followup unless --no-followup)
  push failed (non-fatal): Command '['git', 'push', 'origin', 'main']' returned non-zero exit status 1.
[Worker001] T-0113 no dispatch rule — reopened.
Reopened T-0113.
  push failed (non-fatal): Command '['git', 'push', 'origin', 'main']' returned non-zero exit status 1.
[Worker001] T-0113 no dispatch rule — reopened.
Reopened T-0113.
  push failed (non-fatal): Command '['git', 'push', 'origin', 'main']' returned non-zero exit status 1.
[Worker001] T-0113 no dispatch rule — reopened.
  pushed to origin
[Worker001] T-0113 no dispatch rule — reopened.
=== 2026-04-10T03:03:17Z start Worker001 ===
[Worker001] checking for pending tasks…
[Worker001] claimed T-0113: Donaldson — 1_chronicles_1: add commentary JSON
[Worker001] models: backend=dispatch (local pipeline scripts only; no Claude CLI) ollama=gemma4:e2b (christ gen + task_followup unless --no-followup)
=== 2026-04-10T03:03:19Z start Worker001 ===
[Worker001] checking for pending tasks…
[Worker001] claimed T-0113: Donaldson — 1_chronicles_1: add commentary JSON
[Worker001] models: backend=dispatch (local pipeline scripts only; no Claude CLI) ollama=gemma4:e2b (christ gen + task_followup unless --no-followup)
Reopened T-0113.
=== 2026-04-10T03:03:22Z start Worker001 ===
Reopened T-0113.
[Worker001] checking for pending tasks…
[Worker001] claimed T-0113: Donaldson — 1_chronicles_1: add commentary JSON
[Worker001] models: backend=dispatch (local pipeline scripts only; no Claude CLI) ollama=gemma4:e2b (christ gen + task_followup unless --no-followup)
Reopened T-0113.
=== 2026-04-10T03:03:24Z start Worker001 ===
[Worker001] checking for pending tasks…
  push failed (non-fatal): Command '['git', 'push', 'origin', 'main']' returned non-zero exit status 1.
[Worker001] T-0113 no dispatch rule — reopened.
[Worker001] claimed T-0113: Donaldson — 1_chronicles_1: add commentary JSON
[Worker001] models: backend=dispatch (local pipeline scripts only; no Claude CLI) ollama=gemma4:e2b (christ gen + task_followup unless --no-followup)
Reopened T-0113.
  push failed (non-fatal): Command '['git', 'push', 'origin', 'main']' returned non-zero exit status 1.
[Worker001] T-0113 no dispatch rule — reopened.
  push failed (non-fatal): Command '['git', 'push', 'origin', 'main']' returned non-zero exit status 1.
[Worker001] T-0113 no dispatch rule — reopened.
  push failed (non-fatal): Command '['git', 'push', 'origin', 'main']' returned non-zero exit status 1.
[Worker001] T-0113 no dispatch rule — reopened.
=== 2026-04-10T03:03:51Z start Worker001 ===
[Worker001] checking for pending tasks…
[Worker001] claimed T-0113: Donaldson — 1_chronicles_1: add commentary JSON
[Worker001] models: backend=dispatch (local pipeline scripts only; no Claude CLI) ollama=gemma4:e2b (christ gen + task_followup unless --no-followup)
=== 2026-04-10T03:03:53Z start Worker001 ===
[Worker001] checking for pending tasks…
[Worker001] claimed T-0113: Donaldson — 1_chronicles_1: add commentary JSON
[Worker001] models: backend=dispatch (local pipeline scripts only; no Claude CLI) ollama=gemma4:e2b (christ gen + task_followup unless --no-followup)
Reopened T-0113.
=== 2026-04-10T03:03:56Z start Worker001 ===
[Worker001] checking for pending tasks…
Reopened T-0113.
=== 2026-04-10T03:03:58Z start Worker001 ===
[Worker001] checking for pending tasks…
  push failed (non-fatal): Command '['git', 'push', 'origin', 'main']' returned non-zero exit status 1.
[Worker001] T-0113 no dispatch rule — reopened.
[Worker001] claimed T-0113: Donaldson — 1_chronicles_1: add commentary JSON
[Worker001] models: backend=dispatch (local pipeline scripts only; no Claude CLI) ollama=gemma4:e2b (christ gen + task_followup unless --no-followup)
Reopened T-0113.
  push failed (non-fatal): Command '['git', 'push', 'origin', 'main']' returned non-zero exit status 1.
[Worker001] T-0113 no dispatch rule — reopened.
[Worker001] claimed T-0113: Donaldson — 1_chronicles_1: add commentary JSON
[Worker001] models: backend=dispatch (local pipeline scripts only; no Claude CLI) ollama=gemma4:e2b (christ gen + task_followup unless --no-followup)
  push failed (non-fatal): Command '['git', 'push', 'origin', 'main']' returned non-zero exit status 1.
[Worker001] T-0113 no dispatch rule — reopened.
Reopened T-0113.
  pushed to origin
[Worker001] T-0113 no dispatch rule — reopened.
=== 2026-04-10T03:04:24Z start Worker001 ===
[Worker001] checking for pending tasks…
[Worker001] claimed T-0113: Donaldson — 1_chronicles_1: add commentary JSON
[Worker001] models: backend=dispatch (local pipeline scripts only; no Claude CLI) ollama=gemma4:e2b (christ gen + task_followup unless --no-followup)
Reopened T-0113.
=== 2026-04-10T03:04:25Z start Worker001 ===
[Worker001] checking for pending tasks…
[Worker001] claimed T-0113: Donaldson — 1_chronicles_1: add commentary JSON
[Worker001] models: backend=dispatch (local pipeline scripts only; no Claude CLI) ollama=gemma4:e2b (christ gen + task_followup unless --no-followup)
Reopened T-0113.
  push failed (non-fatal): Command '['git', 'push', 'origin', 'main']' returned non-zero exit status 1.
[Worker001] T-0113 no dispatch rule — reopened.
=== 2026-04-10T03:04:29Z start Worker001 ===
[Worker001] checking for pending tasks…
[Worker001] claimed T-0117: Donaldson — 1_chronicles_10: add commentary JSON
[Worker001] models: backend=dispatch (local pipeline scripts only; no Claude CLI) ollama=gemma4:e2b (christ gen + task_followup unless --no-followup)
  push failed (non-fatal): Command '['git', 'push', 'origin', 'main']' returned non-zero exit status 1.
[Worker001] T-0113 no dispatch rule — reopened.
Reopened T-0117.
=== 2026-04-10T03:04:31Z start Worker001 ===
[Worker001] checking for pending tasks…
[Worker001] claimed T-0113: Donaldson — 1_chronicles_1: add commentary JSON
[Worker001] models: backend=dispatch (local pipeline scripts only; no Claude CLI) ollama=gemma4:e2b (christ gen + task_followup unless --no-followup)
Reopened T-0113.
  push failed (non-fatal): Command '['git', 'push', 'origin', 'main']' returned non-zero exit status 1.
[Worker001] T-0117 no dispatch rule — reopened.
  push failed (non-fatal): Command '['git', 'push', 'origin', 'main']' returned non-zero exit status 1.
[Worker001] T-0113 no dispatch rule — reopened.
=== 2026-04-10T03:04:56Z start Worker001 ===
[Worker001] checking for pending tasks…
[Worker001] claimed T-0113: Donaldson — 1_chronicles_1: add commentary JSON
[Worker001] models: backend=dispatch (local pipeline scripts only; no Claude CLI) ollama=gemma4:e2b (christ gen + task_followup unless --no-followup)
Reopened T-0113.
  push failed (non-fatal): Command '['git', 'push', 'origin', 'main']' returned non-zero exit status 1.
[Worker001] T-0113 no dispatch rule — reopened.
=== 2026-04-10T03:05:00Z start Worker001 ===
[Worker001] checking for pending tasks…
=== 2026-04-10T03:05:01Z start Worker001 ===
[Worker001] claimed T-0113: Donaldson — 1_chronicles_1: add commentary JSON
[Worker001] models: backend=dispatch (local pipeline scripts only; no Claude CLI) ollama=gemma4:e2b (christ gen + task_followup unless --no-followup)
[Worker001] checking for pending tasks…
[Worker001] claimed T-0117: Donaldson — 1_chronicles_10: add commentary JSON
[Worker001] models: backend=dispatch (local pipeline scripts only; no Claude CLI) ollama=gemma4:e2b (christ gen + task_followup unless --no-followup)
Reopened T-0117.
=== 2026-04-10T03:05:04Z start Worker001 ===
[Worker001] checking for pending tasks…
  push failed (non-fatal): Command '['git', 'push', 'origin', 'main']' returned non-zero exit status 1.
[Worker001] T-0117 no dispatch rule — reopened.
Reopened T-0113.
[Worker001] claimed T-0113: Donaldson — 1_chronicles_1: add commentary JSON
[Worker001] models: backend=dispatch (local pipeline scripts only; no Claude CLI) ollama=gemma4:e2b (christ gen + task_followup unless --no-followup)
  push failed (non-fatal): Command '['git', 'push', 'origin', 'main']' returned non-zero exit status 1.
[Worker001] T-0113 no dispatch rule — reopened.
Reopened T-0113.
  pushed to origin
[Worker001] T-0113 no dispatch rule — reopened.
=== 2026-04-10T03:05:28Z start Worker001 ===
[Worker001] checking for pending tasks…
[Worker001] claimed T-0113: Donaldson — 1_chronicles_1: add commentary JSON
[Worker001] models: backend=dispatch (local pipeline scripts only; no Claude CLI) ollama=gemma4:e2b (christ gen + task_followup unless --no-followup)
Reopened T-0113.
=== 2026-04-10T03:05:31Z start Worker001 ===
[Worker001] checking for pending tasks…
[Worker001] claimed T-0113: Donaldson — 1_chronicles_1: add commentary JSON
[Worker001] models: backend=dispatch (local pipeline scripts only; no Claude CLI) ollama=gemma4:e2b (christ gen + task_followup unless --no-followup)
Reopened T-0113.
  pushed to origin
[Worker001] T-0113 no dispatch rule — reopened.
  pushed to origin
[Worker001] T-0113 no dispatch rule — reopened.
=== 2026-04-10T03:05:34Z start Worker001 ===
[Worker001] checking for pending tasks…
[Worker001] claimed T-0113: Donaldson — 1_chronicles_1: add commentary JSON
[Worker001] models: backend=dispatch (local pipeline scripts only; no Claude CLI) ollama=gemma4:e2b (christ gen + task_followup unless --no-followup)
=== 2026-04-10T03:05:36Z start Worker001 ===
[Worker001] checking for pending tasks…
[Worker001] claimed T-0113: Donaldson — 1_chronicles_1: add commentary JSON
[Worker001] models: backend=dispatch (local pipeline scripts only; no Claude CLI) ollama=gemma4:e2b (christ gen + task_followup unless --no-followup)
Reopened T-0113.
Reopened T-0113.
  push failed (non-fatal): Command '['git', 'push', 'origin', 'main']' returned non-zero exit status 1.
[Worker001] T-0113 no dispatch rule — reopened.
  pushed to origin
[Worker001] T-0113 no dispatch rule — reopened.
=== 2026-04-10T03:05:58Z start Worker001 ===
[Worker001] checking for pending tasks…
[Worker001] claimed T-0113: Donaldson — 1_chronicles_1: add commentary JSON
[Worker001] models: backend=dispatch (local pipeline scripts only; no Claude CLI) ollama=gemma4:e2b (christ gen + task_followup unless --no-followup)
Reopened T-0113.
=== 2026-04-10T03:06:00Z start Worker001 ===
[Worker001] checking for pending tasks…
  push failed (non-fatal): Command '['git', 'push', 'origin', 'main']' returned non-zero exit status 1.
[Worker001] T-0113 no dispatch rule — reopened.
[Worker001] claimed T-0113: Donaldson — 1_chronicles_1: add commentary JSON
[Worker001] models: backend=dispatch (local pipeline scripts only; no Claude CLI) ollama=gemma4:e2b (christ gen + task_followup unless --no-followup)
=== 2026-04-10T03:06:05Z start Worker001 ===
[Worker001] checking for pending tasks…
=== 2026-04-10T03:06:05Z start Worker001 ===
[Worker001] checking for pending tasks…
Reopened T-0113.
[Worker001] claimed T-0113: Donaldson — 1_chronicles_1: add commentary JSON
[Worker001] models: backend=dispatch (local pipeline scripts only; no Claude CLI) ollama=gemma4:e2b (christ gen + task_followup unless --no-followup)
[Worker001] claimed T-0113: Donaldson — 1_chronicles_1: add commentary JSON
[Worker001] models: backend=dispatch (local pipeline scripts only; no Claude CLI) ollama=gemma4:e2b (christ gen + task_followup unless --no-followup)
  push failed (non-fatal): Command '['git', 'push', 'origin', 'main']' returned non-zero exit status 1.
[Worker001] T-0113 no dispatch rule — reopened.
Reopened T-0113.
  [ledger] pushed to origin
Reopened T-0113.
  pushed to origin
[Worker001] T-0113 no dispatch rule — reopened.
  pushed to origin
[Worker001] T-0113 no dispatch rule — reopened.
=== 2026-04-10T03:06:29Z start Worker001 ===
[Worker001] checking for pending tasks…
[Worker001] claimed T-0113: Donaldson — 1_chronicles_1: add commentary JSON
[Worker001] models: backend=dispatch (local pipeline scripts only; no Claude CLI) ollama=gemma4:e2b (christ gen + task_followup unless --no-followup)
=== 2026-04-10T03:06:31Z start Worker001 ===
[Worker001] checking for pending tasks…
[Worker001] claimed T-0113: Donaldson — 1_chronicles_1: add commentary JSON
[Worker001] models: backend=dispatch (local pipeline scripts only; no Claude CLI) ollama=gemma4:e2b (christ gen + task_followup unless --no-followup)
Reopened T-0113.
=== 2026-04-10T03:06:34Z start Worker001 ===
[Worker001] checking for pending tasks…
=== 2026-04-10T03:06:35Z start Worker001 ===
[Worker001] checking for pending tasks…
[Worker001] claimed T-0113: Donaldson — 1_chronicles_1: add commentary JSON
[Worker001] models: backend=dispatch (local pipeline scripts only; no Claude CLI) ollama=gemma4:e2b (christ gen + task_followup unless --no-followup)
[Worker001] claimed T-0117: Donaldson — 1_chronicles_10: add commentary JSON
[Worker001] models: backend=dispatch (local pipeline scripts only; no Claude CLI) ollama=gemma4:e2b (christ gen + task_followup unless --no-followup)
Reopened T-0113.
Reopened T-0113.
  push failed (non-fatal): Command '['git', 'push', 'origin', 'main']' returned non-zero exit status 1.
[Worker001] T-0113 no dispatch rule — reopened.
  push failed (non-fatal): Command '['git', 'push', 'origin', 'main']' returned non-zero exit status 1.
[Worker001] T-0113 no dispatch rule — reopened.
Reopened T-0117.
  push failed (non-fatal): Command '['git', 'push', 'origin', 'main']' returned non-zero exit status 1.
[Worker001] T-0113 no dispatch rule — reopened.
  pushed to origin
[Worker001] T-0117 no dispatch rule — reopened.
=== 2026-04-10T03:07:02Z start Worker001 ===
[Worker001] checking for pending tasks…
[Worker001] claimed T-0113: Donaldson — 1_chronicles_1: add commentary JSON
[Worker001] models: backend=dispatch (local pipeline scripts only; no Claude CLI) ollama=gemma4:e2b (christ gen + task_followup unless --no-followup)
Reopened T-0113.
=== 2026-04-10T03:07:04Z start Worker001 ===
[Worker001] checking for pending tasks…
=== 2026-04-10T03:07:06Z start Worker001 ===
[Worker001] checking for pending tasks…
  push failed (non-fatal): Command '['git', 'push', 'origin', 'main']' returned non-zero exit status 1.
[Worker001] T-0113 no dispatch rule — reopened.
[Worker001] claimed T-0113: Donaldson — 1_chronicles_1: add commentary JSON
[Worker001] models: backend=dispatch (local pipeline scripts only; no Claude CLI) ollama=gemma4:e2b (christ gen + task_followup unless --no-followup)
Reopened T-0113.
=== 2026-04-10T03:07:08Z start Worker001 ===
[Worker001] checking for pending tasks…
[Worker001] claimed T-0113: Donaldson — 1_chronicles_1: add commentary JSON
[Worker001] models: backend=dispatch (local pipeline scripts only; no Claude CLI) ollama=gemma4:e2b (christ gen + task_followup unless --no-followup)
[Worker001] claimed T-0113: Donaldson — 1_chronicles_1: add commentary JSON
[Worker001] models: backend=dispatch (local pipeline scripts only; no Claude CLI) ollama=gemma4:e2b (christ gen + task_followup unless --no-followup)
Reopened T-0113.
Reopened T-0113.
  push failed (non-fatal): Command '['git', 'push', 'origin', 'main']' returned non-zero exit status 1.
[Worker001] T-0113 no dispatch rule — reopened.
  push failed (non-fatal): Command '['git', 'push', 'origin', 'main']' returned non-zero exit status 1.
[Worker001] T-0113 no dispatch rule — reopened.
  push failed (non-fatal): Command '['git', 'push', 'origin', 'main']' returned non-zero exit status 1.
[Worker001] T-0113 no dispatch rule — reopened.
=== 2026-04-10T03:07:33Z start Worker001 ===
[Worker001] checking for pending tasks…
=== 2026-04-10T03:07:35Z start Worker001 ===
[Worker001] checking for pending tasks…
[Worker001] claimed T-0113: Donaldson — 1_chronicles_1: add commentary JSON
[Worker001] models: backend=dispatch (local pipeline scripts only; no Claude CLI) ollama=gemma4:e2b (christ gen + task_followup unless --no-followup)
Reopened T-0113.
[Worker001] claimed T-0113: Donaldson — 1_chronicles_1: add commentary JSON
[Worker001] models: backend=dispatch (local pipeline scripts only; no Claude CLI) ollama=gemma4:e2b (christ gen + task_followup unless --no-followup)
  pushed to origin
[Worker001] T-0113 no dispatch rule — reopened.
=== 2026-04-10T03:07:39Z start Worker001 ===
[Worker001] checking for pending tasks…
[Worker001] claimed T-0113: Donaldson — 1_chronicles_1: add commentary JSON
[Worker001] models: backend=dispatch (local pipeline scripts only; no Claude CLI) ollama=gemma4:e2b (christ gen + task_followup unless --no-followup)
Reopened T-0113.
=== 2026-04-10T03:07:41Z start Worker001 ===
[Worker001] checking for pending tasks…
Reopened T-0113.
[Worker001] claimed T-0113: Donaldson — 1_chronicles_1: add commentary JSON
[Worker001] models: backend=dispatch (local pipeline scripts only; no Claude CLI) ollama=gemma4:e2b (christ gen + task_followup unless --no-followup)
Reopened T-0113.
  push failed (non-fatal): Command '['git', 'push', 'origin', 'main']' returned non-zero exit status 1.
[Worker001] T-0113 no dispatch rule — reopened.
  push failed (non-fatal): Command '['git', 'push', 'origin', 'main']' returned non-zero exit status 1.
[Worker001] T-0113 no dispatch rule — reopened.
  push failed (non-fatal): Command '['git', 'push', 'origin', 'main']' returned non-zero exit status 1.
[Worker001] T-0113 no dispatch rule — reopened.
=== 2026-04-10T03:08:06Z start Worker001 ===
[Worker001] checking for pending tasks…
=== 2026-04-10T03:08:07Z start Worker001 ===
[Worker001] checking for pending tasks…
[Worker001] claimed T-0113: Donaldson — 1_chronicles_1: add commentary JSON
[Worker001] models: backend=dispatch (local pipeline scripts only; no Claude CLI) ollama=gemma4:e2b (christ gen + task_followup unless --no-followup)
[Worker001] claimed T-0117: Donaldson — 1_chronicles_10: add commentary JSON
[Worker001] models: backend=dispatch (local pipeline scripts only; no Claude CLI) ollama=gemma4:e2b (christ gen + task_followup unless --no-followup)
Reopened T-0113.
Reopened T-0117.
  push failed (non-fatal): Command '['git', 'push', 'origin', 'main']' returned non-zero exit status 1.
[Worker001] T-0113 no dispatch rule — reopened.
  push failed (non-fatal): Command '['git', 'push', 'origin', 'main']' returned non-zero exit status 1.
[Worker001] T-0117 no dispatch rule — reopened.
=== 2026-04-10T03:08:12Z start Worker001 ===
[Worker001] checking for pending tasks…
=== 2026-04-10T03:08:13Z start Worker001 ===
[Worker001] checking for pending tasks…
[Worker001] claimed T-0113: Donaldson — 1_chronicles_1: add commentary JSON
[Worker001] models: backend=dispatch (local pipeline scripts only; no Claude CLI) ollama=gemma4:e2b (christ gen + task_followup unless --no-followup)
[Worker001] claimed T-0117: Donaldson — 1_chronicles_10: add commentary JSON
[Worker001] models: backend=dispatch (local pipeline scripts only; no Claude CLI) ollama=gemma4:e2b (christ gen + task_followup unless --no-followup)
Reopened T-0113.
  pushed to origin
[Worker001] T-0113 no dispatch rule — reopened.
Reopened T-0117.
  [ledger] pushed to origin
  push failed (non-fatal): Command '['git', 'push', 'origin', 'main']' returned non-zero exit status 1.
[Worker001] T-0117 no dispatch rule — reopened.
=== 2026-04-10T03:08:40Z start Worker001 ===
[Worker001] checking for pending tasks…
=== 2026-04-10T03:08:41Z start Worker001 ===
[Worker001] checking for pending tasks…
[Worker001] claimed T-0113: Donaldson — 1_chronicles_1: add commentary JSON
[Worker001] models: backend=dispatch (local pipeline scripts only; no Claude CLI) ollama=gemma4:e2b (christ gen + task_followup unless --no-followup)
Reopened T-0113.
=== 2026-04-10T03:08:44Z start Worker001 ===
[Worker001] checking for pending tasks…
[Worker001] claimed T-0113: Donaldson — 1_chronicles_1: add commentary JSON
[Worker001] models: backend=dispatch (local pipeline scripts only; no Claude CLI) ollama=gemma4:e2b (christ gen + task_followup unless --no-followup)
=== 2026-04-10T03:08:45Z start Worker001 ===
[Worker001] claimed T-0113: Donaldson — 1_chronicles_1: add commentary JSON
[Worker001] models: backend=dispatch (local pipeline scripts only; no Claude CLI) ollama=gemma4:e2b (christ gen + task_followup unless --no-followup)
Reopened T-0113.
[Worker001] checking for pending tasks…
[Worker001] claimed T-0113: Donaldson — 1_chronicles_1: add commentary JSON
[Worker001] models: backend=dispatch (local pipeline scripts only; no Claude CLI) ollama=gemma4:e2b (christ gen + task_followup unless --no-followup)
  push failed (non-fatal): Command '['git', 'push', 'origin', 'main']' returned non-zero exit status 1.
[Worker001] T-0113 no dispatch rule — reopened.
  push failed (non-fatal): Command '['git', 'push', 'origin', 'main']' returned non-zero exit status 1.
[Worker001] T-0113 no dispatch rule — reopened.
Reopened T-0113.
  [ledger] pushed to origin
Reopened T-0113.
  push failed (non-fatal): Command '['git', 'push', 'origin', 'main']' returned non-zero exit status 1.
[Worker001] T-0113 no dispatch rule — reopened.
  push failed (non-fatal): Command '['git', 'push', 'origin', 'main']' returned non-zero exit status 1.
[Worker001] T-0113 no dispatch rule — reopened.
=== 2026-04-10T03:09:12Z start Worker001 ===
[Worker001] checking for pending tasks…
[Worker001] claimed T-0113: Donaldson — 1_chronicles_1: add commentary JSON
[Worker001] models: backend=dispatch (local pipeline scripts only; no Claude CLI) ollama=gemma4:e2b (christ gen + task_followup unless --no-followup)
Reopened T-0113.
=== 2026-04-10T03:09:15Z start Worker001 ===
=== 2026-04-10T03:09:15Z start Worker001 ===
[Worker001] checking for pending tasks…
[Worker001] checking for pending tasks…
[Worker001] claimed T-0113: Donaldson — 1_chronicles_1: add commentary JSON
[Worker001] models: backend=dispatch (local pipeline scripts only; no Claude CLI) ollama=gemma4:e2b (christ gen + task_followup unless --no-followup)
[Worker001] claimed T-0113: Donaldson — 1_chronicles_1: add commentary JSON
[Worker001] models: backend=dispatch (local pipeline scripts only; no Claude CLI) ollama=gemma4:e2b (christ gen + task_followup unless --no-followup)
  push failed (non-fatal): Command '['git', 'push', 'origin', 'main']' returned non-zero exit status 1.
[Worker001] T-0113 no dispatch rule — reopened.
=== 2026-04-10T03:09:16Z start Worker001 ===
Reopened T-0113.
[Worker001] checking for pending tasks…
[Worker001] claimed T-0113: Donaldson — 1_chronicles_1: add commentary JSON
[Worker001] models: backend=dispatch (local pipeline scripts only; no Claude CLI) ollama=gemma4:e2b (christ gen + task_followup unless --no-followup)
Reopened T-0113.
  push failed (non-fatal): Command '['git', 'push', 'origin', 'main']' returned non-zero exit status 1.
[Worker001] T-0113 no dispatch rule — reopened.
Reopened T-0113.
  push failed (non-fatal): Command '['git', 'push', 'origin', 'main']' returned non-zero exit status 1.
[Worker001] T-0113 no dispatch rule — reopened.
  push failed (non-fatal): Command '['git', 'push', 'origin', 'main']' returned non-zero exit status 1.
[Worker001] T-0113 no dispatch rule — reopened.
=== 2026-04-10T03:09:43Z start Worker001 ===
[Worker001] checking for pending tasks…
[Worker001] claimed T-0113: Donaldson — 1_chronicles_1: add commentary JSON
[Worker001] models: backend=dispatch (local pipeline scripts only; no Claude CLI) ollama=gemma4:e2b (christ gen + task_followup unless --no-followup)
Reopened T-0113.
=== 2026-04-10T03:09:46Z start Worker001 ===
[Worker001] checking for pending tasks…
=== 2026-04-10T03:09:46Z start Worker001 ===
[Worker001] checking for pending tasks…
[Worker001] claimed T-0113: Donaldson — 1_chronicles_1: add commentary JSON
[Worker001] models: backend=dispatch (local pipeline scripts only; no Claude CLI) ollama=gemma4:e2b (christ gen + task_followup unless --no-followup)
[Worker001] claimed T-0117: Donaldson — 1_chronicles_10: add commentary JSON
[Worker001] models: backend=dispatch (local pipeline scripts only; no Claude CLI) ollama=gemma4:e2b (christ gen + task_followup unless --no-followup)
  push failed (non-fatal): Command '['git', 'push', 'origin', 'main']' returned non-zero exit status 1.
[Worker001] T-0113 no dispatch rule — reopened.
Reopened T-0113.
=== 2026-04-10T03:09:49Z start Worker001 ===
Reopened T-0117.
[Worker001] checking for pending tasks…
[Worker001] claimed T-0113: Donaldson — 1_chronicles_1: add commentary JSON
[Worker001] models: backend=dispatch (local pipeline scripts only; no Claude CLI) ollama=gemma4:e2b (christ gen + task_followup unless --no-followup)
Reopened T-0113.
  push failed (non-fatal): Command '['git', 'push', 'origin', 'main']' returned non-zero exit status 1.
[Worker001] T-0113 no dispatch rule — reopened.
  push failed (non-fatal): Command '['git', 'push', 'origin', 'main']' returned non-zero exit status 1.
[Worker001] T-0117 no dispatch rule — reopened.
  push failed (non-fatal): Command '['git', 'push', 'origin', 'main']' returned non-zero exit status 1.
[Worker001] T-0113 no dispatch rule — reopened.
=== 2026-04-10T03:10:13Z start Worker001 ===
[Worker001] checking for pending tasks…
[Worker001] claimed T-0113: Donaldson — 1_chronicles_1: add commentary JSON
[Worker001] models: backend=dispatch (local pipeline scripts only; no Claude CLI) ollama=gemma4:e2b (christ gen + task_followup unless --no-followup)
Reopened T-0113.
  push failed (non-fatal): Command '['git', 'push', 'origin', 'main']' returned non-zero exit status 1.
[Worker001] T-0113 no dispatch rule — reopened.
=== 2026-04-10T03:10:19Z start Worker001 ===
[Worker001] checking for pending tasks…
[Worker001] claimed T-0113: Donaldson — 1_chronicles_1: add commentary JSON
[Worker001] models: backend=dispatch (local pipeline scripts only; no Claude CLI) ollama=gemma4:e2b (christ gen + task_followup unless --no-followup)
=== 2026-04-10T03:10:20Z start Worker001 ===
[Worker001] checking for pending tasks…
Reopened T-0113.
[Worker001] claimed T-0113: Donaldson — 1_chronicles_1: add commentary JSON
[Worker001] models: backend=dispatch (local pipeline scripts only; no Claude CLI) ollama=gemma4:e2b (christ gen + task_followup unless --no-followup)
Reopened T-0113.
=== 2026-04-10T03:10:21Z start Worker001 ===
[Worker001] checking for pending tasks…
[Worker001] claimed T-0113: Donaldson — 1_chronicles_1: add commentary JSON
[Worker001] models: backend=dispatch (local pipeline scripts only; no Claude CLI) ollama=gemma4:e2b (christ gen + task_followup unless --no-followup)
  pushed to origin
[Worker001] T-0113 no dispatch rule — reopened.
Reopened T-0113.
  push failed (non-fatal): Command '['git', 'push', 'origin', 'main']' returned non-zero exit status 1.
[Worker001] T-0113 no dispatch rule — reopened.
  push failed (non-fatal): Command '['git', 'push', 'origin', 'main']' returned non-zero exit status 1.
[Worker001] T-0113 no dispatch rule — reopened.
=== 2026-04-10T03:10:46Z start Worker001 ===
[Worker001] checking for pending tasks…
[Worker001] claimed T-0113: Donaldson — 1_chronicles_1: add commentary JSON
[Worker001] models: backend=dispatch (local pipeline scripts only; no Claude CLI) ollama=gemma4:e2b (christ gen + task_followup unless --no-followup)
Reopened T-0113.
=== 2026-04-10T03:10:49Z start Worker001 ===
[Worker001] checking for pending tasks…
[Worker001] claimed T-0113: Donaldson — 1_chronicles_1: add commentary JSON
[Worker001] models: backend=dispatch (local pipeline scripts only; no Claude CLI) ollama=gemma4:e2b (christ gen + task_followup unless --no-followup)
Reopened T-0113.
  push failed (non-fatal): Command '['git', 'push', 'origin', 'main']' returned non-zero exit status 1.
[Worker001] T-0113 no dispatch rule — reopened.
  pushed to origin
[Worker001] T-0113 no dispatch rule — reopened.
=== 2026-04-10T03:10:52Z start Worker001 ===
[Worker001] checking for pending tasks…
[Worker001] claimed T-0113: Donaldson — 1_chronicles_1: add commentary JSON
[Worker001] models: backend=dispatch (local pipeline scripts only; no Claude CLI) ollama=gemma4:e2b (christ gen + task_followup unless --no-followup)
=== 2026-04-10T03:10:54Z start Worker001 ===
[Worker001] checking for pending tasks…
Reopened T-0113.
[Worker001] claimed T-0113: Donaldson — 1_chronicles_1: add commentary JSON
[Worker001] models: backend=dispatch (local pipeline scripts only; no Claude CLI) ollama=gemma4:e2b (christ gen + task_followup unless --no-followup)
  push failed (non-fatal): Command '['git', 'push', 'origin', 'main']' returned non-zero exit status 1.
[Worker001] T-0113 no dispatch rule — reopened.
Reopened T-0113.
  push failed (non-fatal): Command '['git', 'push', 'origin', 'main']' returned non-zero exit status 1.
[Worker001] T-0113 no dispatch rule — reopened.
=== 2026-04-10T03:11:20Z start Worker001 ===
=== 2026-04-10T03:11:20Z start Worker001 ===
[Worker001] checking for pending tasks…
[Worker001] checking for pending tasks…
[Worker001] claimed T-0113: Donaldson — 1_chronicles_1: add commentary JSON
[Worker001] models: backend=dispatch (local pipeline scripts only; no Claude CLI) ollama=gemma4:e2b (christ gen + task_followup unless --no-followup)
[Worker001] claimed T-0117: Donaldson — 1_chronicles_10: add commentary JSON
[Worker001] models: backend=dispatch (local pipeline scripts only; no Claude CLI) ollama=gemma4:e2b (christ gen + task_followup unless --no-followup)
Reopened T-0113.
Reopened T-0117.
=== 2026-04-10T03:11:25Z start Worker001 ===
  push failed (non-fatal): Command '['git', 'push', 'origin', 'main']' returned non-zero exit status 1.
[Worker001] T-0113 no dispatch rule — reopened.
  push failed (non-fatal): Command '['git', 'push', 'origin', 'main']' returned non-zero exit status 1.
[Worker001] T-0117 no dispatch rule — reopened.
[Worker001] checking for pending tasks…
[Worker001] claimed T-0113: Donaldson — 1_chronicles_1: add commentary JSON
[Worker001] models: backend=dispatch (local pipeline scripts only; no Claude CLI) ollama=gemma4:e2b (christ gen + task_followup unless --no-followup)
=== 2026-04-10T03:11:26Z start Worker001 ===
[Worker001] checking for pending tasks…
Reopened T-0113.
[Worker001] claimed T-0113: Donaldson — 1_chronicles_1: add commentary JSON
[Worker001] models: backend=dispatch (local pipeline scripts only; no Claude CLI) ollama=gemma4:e2b (christ gen + task_followup unless --no-followup)
  push failed (non-fatal): Command '['git', 'push', 'origin', 'main']' returned non-zero exit status 1.
[Worker001] T-0113 no dispatch rule — reopened.
Reopened T-0113.
  push failed (non-fatal): Command '['git', 'push', 'origin', 'main']' returned non-zero exit status 1.
[Worker001] T-0113 no dispatch rule — reopened.
=== 2026-04-10T03:11:49Z start Worker001 ===
[Worker001] checking for pending tasks…
[Worker001] claimed T-0113: Donaldson — 1_chronicles_1: add commentary JSON
[Worker001] models: backend=dispatch (local pipeline scripts only; no Claude CLI) ollama=gemma4:e2b (christ gen + task_followup unless --no-followup)
=== 2026-04-10T03:11:52Z start Worker001 ===
[Worker001] checking for pending tasks…
[Worker001] claimed T-0113: Donaldson — 1_chronicles_1: add commentary JSON
[Worker001] models: backend=dispatch (local pipeline scripts only; no Claude CLI) ollama=gemma4:e2b (christ gen + task_followup unless --no-followup)
Reopened T-0113.
Reopened T-0113.
  push failed (non-fatal): Command '['git', 'push', 'origin', 'main']' returned non-zero exit status 1.
[Worker001] T-0113 no dispatch rule — reopened.
  push failed (non-fatal): Command '['git', 'push', 'origin', 'main']' returned non-zero exit status 1.
[Worker001] T-0113 no dispatch rule — reopened.
=== 2026-04-10T03:11:57Z start Worker001 ===
[Worker001] checking for pending tasks…
[Worker001] claimed T-0113: Donaldson — 1_chronicles_1: add commentary JSON
[Worker001] models: backend=dispatch (local pipeline scripts only; no Claude CLI) ollama=gemma4:e2b (christ gen + task_followup unless --no-followup)
Reopened T-0113.
=== 2026-04-10T03:11:58Z start Worker001 ===
[Worker001] checking for pending tasks…
  push failed (non-fatal): Command '['git', 'push', 'origin', 'main']' returned non-zero exit status 1.
[Worker001] T-0113 no dispatch rule — reopened.
[Worker001] claimed T-0113: Donaldson — 1_chronicles_1: add commentary JSON
[Worker001] models: backend=dispatch (local pipeline scripts only; no Claude CLI) ollama=gemma4:e2b (christ gen + task_followup unless --no-followup)
Reopened T-0113.
  pushed to origin
[Worker001] T-0113 no dispatch rule — reopened.
=== 2026-04-10T03:12:19Z start Worker001 ===
[Worker001] checking for pending tasks…
[Worker001] claimed T-0113: Donaldson — 1_chronicles_1: add commentary JSON
[Worker001] models: backend=dispatch (local pipeline scripts only; no Claude CLI) ollama=gemma4:e2b (christ gen + task_followup unless --no-followup)
Reopened T-0113.
=== 2026-04-10T03:12:22Z start Worker001 ===
  push failed (non-fatal): Command '['git', 'push', 'origin', 'main']' returned non-zero exit status 1.
[Worker001] T-0113 no dispatch rule — reopened.
[Worker001] checking for pending tasks…
[Worker001] claimed T-0113: Donaldson — 1_chronicles_1: add commentary JSON
[Worker001] models: backend=dispatch (local pipeline scripts only; no Claude CLI) ollama=gemma4:e2b (christ gen + task_followup unless --no-followup)
Reopened T-0113.
  pushed to origin
[Worker001] T-0113 no dispatch rule — reopened.
=== 2026-04-10T03:12:26Z start Worker001 ===
[Worker001] checking for pending tasks…
[Worker001] claimed T-0113: Donaldson — 1_chronicles_1: add commentary JSON
[Worker001] models: backend=dispatch (local pipeline scripts only; no Claude CLI) ollama=gemma4:e2b (christ gen + task_followup unless --no-followup)
=== 2026-04-10T03:12:27Z start Worker001 ===
[Worker001] checking for pending tasks…
[Worker001] claimed T-0113: Donaldson — 1_chronicles_1: add commentary JSON
[Worker001] models: backend=dispatch (local pipeline scripts only; no Claude CLI) ollama=gemma4:e2b (christ gen + task_followup unless --no-followup)
Reopened T-0113.
Reopened T-0113.
  push failed (non-fatal): Command '['git', 'push', 'origin', 'main']' returned non-zero exit status 1.
[Worker001] T-0113 no dispatch rule — reopened.
  pushed to origin
[Worker001] T-0113 no dispatch rule — reopened.
=== 2026-04-10T03:12:47Z start Worker001 ===
[Worker001] checking for pending tasks…
=== 2026-04-10T03:12:47Z start Worker001 ===
[Worker001] claimed T-0113: Donaldson — 1_chronicles_1: add commentary JSON
[Worker001] models: backend=dispatch (local pipeline scripts only; no Claude CLI) ollama=gemma4:e2b (christ gen + task_followup unless --no-followup)
[Worker001] checking for pending tasks…
Reopened T-0113.
[Worker001] claimed T-0117: Donaldson — 1_chronicles_10: add commentary JSON
[Worker001] models: backend=dispatch (local pipeline scripts only; no Claude CLI) ollama=gemma4:e2b (christ gen + task_followup unless --no-followup)
  push failed (non-fatal): Command '['git', 'push', 'origin', 'main']' returned non-zero exit status 1.
[Worker001] T-0113 no dispatch rule — reopened.
Reopened T-0117.
  pushed to origin
[Worker001] T-0117 no dispatch rule — reopened.
=== 2026-04-10T03:12:55Z start Worker001 ===
[Worker001] checking for pending tasks…
[Worker001] claimed T-0113: Donaldson — 1_chronicles_1: add commentary JSON
[Worker001] models: backend=dispatch (local pipeline scripts only; no Claude CLI) ollama=gemma4:e2b (christ gen + task_followup unless --no-followup)
=== 2026-04-10T03:12:55Z start Worker001 ===
[Worker001] checking for pending tasks…
Reopened T-0113.
[Worker001] claimed T-0113: Donaldson — 1_chronicles_1: add commentary JSON
[Worker001] models: backend=dispatch (local pipeline scripts only; no Claude CLI) ollama=gemma4:e2b (christ gen + task_followup unless --no-followup)
Reopened T-0113.
  push failed (non-fatal): Command '['git', 'push', 'origin', 'main']' returned non-zero exit status 1.
[Worker001] T-0113 no dispatch rule — reopened.
  push failed (non-fatal): Command '['git', 'push', 'origin', 'main']' returned non-zero exit status 1.
[Worker001] T-0113 no dispatch rule — reopened.
=== 2026-04-10T03:13:14Z start Worker001 ===
[Worker001] checking for pending tasks…
[Worker001] claimed T-0113: Donaldson — 1_chronicles_1: add commentary JSON
[Worker001] models: backend=dispatch (local pipeline scripts only; no Claude CLI) ollama=gemma4:e2b (christ gen + task_followup unless --no-followup)
Reopened T-0113.
=== 2026-04-10T03:13:15Z start Worker001 ===
[Worker001] checking for pending tasks…
[Worker001] claimed T-0113: Donaldson — 1_chronicles_1: add commentary JSON
[Worker001] models: backend=dispatch (local pipeline scripts only; no Claude CLI) ollama=gemma4:e2b (christ gen + task_followup unless --no-followup)
  push failed (non-fatal): Command '['git', 'push', 'origin', 'main']' returned non-zero exit status 1.
[Worker001] T-0113 no dispatch rule — reopened.
Reopened T-0113.
  [ledger] pushed to origin
  push failed (non-fatal): Command '['git', 'push', 'origin', 'main']' returned non-zero exit status 1.
[Worker001] T-0113 no dispatch rule — reopened.
=== 2026-04-10T03:13:23Z start Worker001 ===
[Worker001] checking for pending tasks…
[Worker001] claimed T-0113: Donaldson — 1_chronicles_1: add commentary JSON
[Worker001] models: backend=dispatch (local pipeline scripts only; no Claude CLI) ollama=gemma4:e2b (christ gen + task_followup unless --no-followup)
Reopened T-0113.
=== 2026-04-10T03:13:24Z start Worker001 ===
[Worker001] checking for pending tasks…
[Worker001] claimed T-0113: Donaldson — 1_chronicles_1: add commentary JSON
[Worker001] models: backend=dispatch (local pipeline scripts only; no Claude CLI) ollama=gemma4:e2b (christ gen + task_followup unless --no-followup)
  push failed (non-fatal): Command '['git', 'push', 'origin', 'main']' returned non-zero exit status 1.
[Worker001] T-0113 no dispatch rule — reopened.
Reopened T-0113.
  push failed (non-fatal): Command '['git', 'push', 'origin', 'main']' returned non-zero exit status 1.
[Worker001] T-0113 no dispatch rule — reopened.
=== 2026-04-10T03:13:42Z start Worker001 ===
[Worker001] checking for pending tasks…
[Worker001] claimed T-0113: Donaldson — 1_chronicles_1: add commentary JSON
[Worker001] models: backend=dispatch (local pipeline scripts only; no Claude CLI) ollama=gemma4:e2b (christ gen + task_followup unless --no-followup)
Reopened T-0113.
=== 2026-04-10T03:13:43Z start Worker001 ===
[Worker001] checking for pending tasks…
[Worker001] claimed T-0113: Donaldson — 1_chronicles_1: add commentary JSON
[Worker001] models: backend=dispatch (local pipeline scripts only; no Claude CLI) ollama=gemma4:e2b (christ gen + task_followup unless --no-followup)
Reopened T-0113.
  pushed to origin
[Worker001] T-0113 no dispatch rule — reopened.
  push failed (non-fatal): Command '['git', 'push', 'origin', 'main']' returned non-zero exit status 1.
[Worker001] T-0113 no dispatch rule — reopened.
=== 2026-04-10T03:13:51Z start Worker001 ===
[Worker001] checking for pending tasks…
[Worker001] claimed T-0113: Donaldson — 1_chronicles_1: add commentary JSON
[Worker001] models: backend=dispatch (local pipeline scripts only; no Claude CLI) ollama=gemma4:e2b (christ gen + task_followup unless --no-followup)
=== 2026-04-10T03:13:53Z start Worker001 ===
[Worker001] checking for pending tasks…
Reopened T-0113.
[Worker001] claimed T-0113: Donaldson — 1_chronicles_1: add commentary JSON
[Worker001] models: backend=dispatch (local pipeline scripts only; no Claude CLI) ollama=gemma4:e2b (christ gen + task_followup unless --no-followup)
  pushed to origin
[Worker001] T-0113 no dispatch rule — reopened.
Reopened T-0113.
  pushed to origin
[Worker001] T-0113 no dispatch rule — reopened.
=== 2026-04-10T03:14:11Z start Worker001 ===
[Worker001] checking for pending tasks…
[Worker001] claimed T-0113: Donaldson — 1_chronicles_1: add commentary JSON
[Worker001] models: backend=dispatch (local pipeline scripts only; no Claude CLI) ollama=gemma4:e2b (christ gen + task_followup unless --no-followup)
Reopened T-0113.
=== 2026-04-10T03:14:11Z start Worker001 ===
[Worker001] checking for pending tasks…
[Worker001] claimed T-0113: Donaldson — 1_chronicles_1: add commentary JSON
[Worker001] models: backend=dispatch (local pipeline scripts only; no Claude CLI) ollama=gemma4:e2b (christ gen + task_followup unless --no-followup)
Reopened T-0113.
  pushed to origin
[Worker001] T-0113 no dispatch rule — reopened.
  push failed (non-fatal): Command '['git', 'push', 'origin', 'main']' returned non-zero exit status 1.
[Worker001] T-0113 no dispatch rule — reopened.
=== 2026-04-10T03:14:20Z start Worker001 ===
[Worker001] checking for pending tasks…
[Worker001] claimed T-0113: Donaldson — 1_chronicles_1: add commentary JSON
[Worker001] models: backend=dispatch (local pipeline scripts only; no Claude CLI) ollama=gemma4:e2b (christ gen + task_followup unless --no-followup)
=== 2026-04-10T03:14:21Z start Worker001 ===
[Worker001] checking for pending tasks…
[Worker001] claimed T-0113: Donaldson — 1_chronicles_1: add commentary JSON
[Worker001] models: backend=dispatch (local pipeline scripts only; no Claude CLI) ollama=gemma4:e2b (christ gen + task_followup unless --no-followup)
Reopened T-0113.
Reopened T-0113.
  push failed (non-fatal): Command '['git', 'push', 'origin', 'main']' returned non-zero exit status 1.
[Worker001] T-0113 no dispatch rule — reopened.
  pushed to origin
[Worker001] T-0113 no dispatch rule — reopened.
=== 2026-04-10T03:14:39Z start Worker001 ===
[Worker001] checking for pending tasks…
=== 2026-04-10T03:14:40Z start Worker001 ===
[Worker001] checking for pending tasks…
[Worker001] claimed T-0113: Donaldson — 1_chronicles_1: add commentary JSON
[Worker001] models: backend=dispatch (local pipeline scripts only; no Claude CLI) ollama=gemma4:e2b (christ gen + task_followup unless --no-followup)
Reopened T-0113.
[Worker001] claimed T-0113: Donaldson — 1_chronicles_1: add commentary JSON
[Worker001] models: backend=dispatch (local pipeline scripts only; no Claude CLI) ollama=gemma4:e2b (christ gen + task_followup unless --no-followup)
  push failed (non-fatal): Command '['git', 'push', 'origin', 'main']' returned non-zero exit status 1.
[Worker001] T-0113 no dispatch rule — reopened.
Reopened T-0113.
  [ledger] pushed to origin
  pushed to origin
[Worker001] T-0113 no dispatch rule — reopened.
=== 2026-04-10T03:14:49Z start Worker001 ===
[Worker001] checking for pending tasks…
[Worker001] claimed T-0113: Donaldson — 1_chronicles_1: add commentary JSON
[Worker001] models: backend=dispatch (local pipeline scripts only; no Claude CLI) ollama=gemma4:e2b (christ gen + task_followup unless --no-followup)
Reopened T-0113.
=== 2026-04-10T03:14:50Z start Worker001 ===
[Worker001] checking for pending tasks…
  pushed to origin
[Worker001] T-0113 no dispatch rule — reopened.
[Worker001] claimed T-0113: Donaldson — 1_chronicles_1: add commentary JSON
[Worker001] models: backend=dispatch (local pipeline scripts only; no Claude CLI) ollama=gemma4:e2b (christ gen + task_followup unless --no-followup)
Reopened T-0113.
  pushed to origin
[Worker001] T-0113 no dispatch rule — reopened.
=== 2026-04-10T03:15:08Z start Worker001 ===
[Worker001] checking for pending tasks…
[Worker001] claimed T-0113: Donaldson — 1_chronicles_1: add commentary JSON
[Worker001] models: backend=dispatch (local pipeline scripts only; no Claude CLI) ollama=gemma4:e2b (christ gen + task_followup unless --no-followup)
=== 2026-04-10T03:15:08Z start Worker001 ===
[Worker001] checking for pending tasks…
Reopened T-0113.
[Worker001] claimed T-0113: Donaldson — 1_chronicles_1: add commentary JSON
[Worker001] models: backend=dispatch (local pipeline scripts only; no Claude CLI) ollama=gemma4:e2b (christ gen + task_followup unless --no-followup)
  pushed to origin
[Worker001] T-0113 no dispatch rule — reopened.
Reopened T-0113.
  pushed to origin
[Worker001] T-0113 no dispatch rule — reopened.
=== 2026-04-10T03:15:18Z start Worker001 ===
[Worker001] checking for pending tasks…
[Worker001] claimed T-0113: Donaldson — 1_chronicles_1: add commentary JSON
[Worker001] models: backend=dispatch (local pipeline scripts only; no Claude CLI) ollama=gemma4:e2b (christ gen + task_followup unless --no-followup)
Reopened T-0113.
=== 2026-04-10T03:15:19Z start Worker001 ===
[Worker001] checking for pending tasks…
[Worker001] claimed T-0113: Donaldson — 1_chronicles_1: add commentary JSON
[Worker001] models: backend=dispatch (local pipeline scripts only; no Claude CLI) ollama=gemma4:e2b (christ gen + task_followup unless --no-followup)
Reopened T-0113.
  push failed (non-fatal): Command '['git', 'push', 'origin', 'main']' returned non-zero exit status 1.
[Worker001] T-0113 no dispatch rule — reopened.
  push failed (non-fatal): Command '['git', 'push', 'origin', 'main']' returned non-zero exit status 1.
[Worker001] T-0113 no dispatch rule — reopened.
=== 2026-04-10T03:15:37Z start Worker001 ===
[Worker001] checking for pending tasks…
[Worker001] claimed T-0113: Donaldson — 1_chronicles_1: add commentary JSON
[Worker001] models: backend=dispatch (local pipeline scripts only; no Claude CLI) ollama=gemma4:e2b (christ gen + task_followup unless --no-followup)
=== 2026-04-10T03:15:37Z start Worker001 ===
[Worker001] checking for pending tasks…
[Worker001] claimed T-0113: Donaldson — 1_chronicles_1: add commentary JSON
[Worker001] models: backend=dispatch (local pipeline scripts only; no Claude CLI) ollama=gemma4:e2b (christ gen + task_followup unless --no-followup)
Reopened T-0113.
Reopened T-0113.
  pushed to origin
[Worker001] T-0113 no dispatch rule — reopened.
  push failed (non-fatal): Command '['git', 'push', 'origin', 'main']' returned non-zero exit status 1.
[Worker001] T-0113 no dispatch rule — reopened.
=== 2026-04-10T03:15:46Z start Worker001 ===
[Worker001] checking for pending tasks…
=== 2026-04-10T03:15:47Z start Worker001 ===
[Worker001] checking for pending tasks…
[Worker001] claimed T-0113: Donaldson — 1_chronicles_1: add commentary JSON
[Worker001] models: backend=dispatch (local pipeline scripts only; no Claude CLI) ollama=gemma4:e2b (christ gen + task_followup unless --no-followup)
[Worker001] claimed T-0113: Donaldson — 1_chronicles_1: add commentary JSON
[Worker001] models: backend=dispatch (local pipeline scripts only; no Claude CLI) ollama=gemma4:e2b (christ gen + task_followup unless --no-followup)
Reopened T-0113.
Reopened T-0113.
  [ledger] pushed to origin
  push failed (non-fatal): Command '['git', 'push', 'origin', 'main']' returned non-zero exit status 1.
[Worker001] T-0113 no dispatch rule — reopened.
  pushed to origin
[Worker001] T-0113 no dispatch rule — reopened.
=== 2026-04-10T03:16:05Z start Worker001 ===
[Worker001] checking for pending tasks…
[Worker001] claimed T-0113: Donaldson — 1_chronicles_1: add commentary JSON
[Worker001] models: backend=dispatch (local pipeline scripts only; no Claude CLI) ollama=gemma4:e2b (christ gen + task_followup unless --no-followup)
=== 2026-04-10T03:16:05Z start Worker001 ===
[Worker001] checking for pending tasks…
Reopened T-0113.
[Worker001] claimed T-0113: Donaldson — 1_chronicles_1: add commentary JSON
[Worker001] models: backend=dispatch (local pipeline scripts only; no Claude CLI) ollama=gemma4:e2b (christ gen + task_followup unless --no-followup)
Reopened T-0113.
  push failed (non-fatal): Command '['git', 'push', 'origin', 'main']' returned non-zero exit status 1.
[Worker001] T-0113 no dispatch rule — reopened.
  push failed (non-fatal): Command '['git', 'push', 'origin', 'main']' returned non-zero exit status 1.
[Worker001] T-0113 no dispatch rule — reopened.
=== 2026-04-10T03:16:14Z start Worker001 ===
[Worker001] checking for pending tasks…
[Worker001] claimed T-0113: Donaldson — 1_chronicles_1: add commentary JSON
[Worker001] models: backend=dispatch (local pipeline scripts only; no Claude CLI) ollama=gemma4:e2b (christ gen + task_followup unless --no-followup)
Reopened T-0113.
=== 2026-04-10T03:16:15Z start Worker001 ===
[Worker001] checking for pending tasks…
[Worker001] claimed T-0113: Donaldson — 1_chronicles_1: add commentary JSON
[Worker001] models: backend=dispatch (local pipeline scripts only; no Claude CLI) ollama=gemma4:e2b (christ gen + task_followup unless --no-followup)
Reopened T-0113.
  push failed (non-fatal): Command '['git', 'push', 'origin', 'main']' returned non-zero exit status 1.
[Worker001] T-0113 no dispatch rule — reopened.
  push failed (non-fatal): Command '['git', 'push', 'origin', 'main']' returned non-zero exit status 1.
[Worker001] T-0113 no dispatch rule — reopened.
=== 2026-04-10T03:16:33Z start Worker001 ===
[Worker001] checking for pending tasks…
=== 2026-04-10T03:16:33Z start Worker001 ===
[Worker001] checking for pending tasks…
[Worker001] claimed T-0117: Donaldson — 1_chronicles_10: add commentary JSON
[Worker001] models: backend=dispatch (local pipeline scripts only; no Claude CLI) ollama=gemma4:e2b (christ gen + task_followup unless --no-followup)
Reopened T-0117.
  push failed (non-fatal): Command '['git', 'push', 'origin', 'main']' returned non-zero exit status 1.
[Worker001] T-0117 no dispatch rule — reopened.
[Worker001] claimed T-0113: Donaldson — 1_chronicles_1: add commentary JSON
[Worker001] models: backend=dispatch (local pipeline scripts only; no Claude CLI) ollama=gemma4:e2b (christ gen + task_followup unless --no-followup)
Reopened T-0113.
  pushed to origin
[Worker001] T-0113 no dispatch rule — reopened.
=== 2026-04-10T03:16:43Z start Worker001 ===
[Worker001] checking for pending tasks…
=== 2026-04-10T03:16:43Z start Worker001 ===
[Worker001] checking for pending tasks…
[Worker001] claimed T-0113: Donaldson — 1_chronicles_1: add commentary JSON
[Worker001] models: backend=dispatch (local pipeline scripts only; no Claude CLI) ollama=gemma4:e2b (christ gen + task_followup unless --no-followup)
[Worker001] claimed T-0117: Donaldson — 1_chronicles_10: add commentary JSON
[Worker001] models: backend=dispatch (local pipeline scripts only; no Claude CLI) ollama=gemma4:e2b (christ gen + task_followup unless --no-followup)
Reopened T-0113.
  push failed (non-fatal): Command '['git', 'push', 'origin', 'main']' returned non-zero exit status 1.
[Worker001] T-0113 no dispatch rule — reopened.
Reopened T-0117.
  pushed to origin
[Worker001] T-0117 no dispatch rule — reopened.
=== 2026-04-10T03:17:00Z start Worker001 ===
[Worker001] checking for pending tasks…
[Worker001] claimed T-0113: Donaldson — 1_chronicles_1: add commentary JSON
[Worker001] models: backend=dispatch (local pipeline scripts only; no Claude CLI) ollama=gemma4:e2b (christ gen + task_followup unless --no-followup)
=== 2026-04-10T03:17:01Z start Worker001 ===
[Worker001] checking for pending tasks…
[Worker001] claimed T-0113: Donaldson — 1_chronicles_1: add commentary JSON
[Worker001] models: backend=dispatch (local pipeline scripts only; no Claude CLI) ollama=gemma4:e2b (christ gen + task_followup unless --no-followup)
Reopened T-0113.
Reopened T-0113.
  push failed (non-fatal): Command '['git', 'push', 'origin', 'main']' returned non-zero exit status 1.
[Worker001] T-0113 no dispatch rule — reopened.
  pushed to origin
[Worker001] T-0113 no dispatch rule — reopened.
=== 2026-04-10T03:17:11Z start Worker001 ===
[Worker001] checking for pending tasks…
=== 2026-04-10T03:17:11Z start Worker001 ===
[Worker001] claimed T-0113: Donaldson — 1_chronicles_1: add commentary JSON
[Worker001] models: backend=dispatch (local pipeline scripts only; no Claude CLI) ollama=gemma4:e2b (christ gen + task_followup unless --no-followup)
[Worker001] checking for pending tasks…
Reopened T-0113.
[Worker001] claimed T-0117: Donaldson — 1_chronicles_10: add commentary JSON
[Worker001] models: backend=dispatch (local pipeline scripts only; no Claude CLI) ollama=gemma4:e2b (christ gen + task_followup unless --no-followup)
Reopened T-0117.
  pushed to origin
[Worker001] T-0113 no dispatch rule — reopened.
  push failed (non-fatal): Command '['git', 'push', 'origin', 'main']' returned non-zero exit status 1.
[Worker001] T-0117 no dispatch rule — reopened.
=== 2026-04-10T03:17:29Z start Worker001 ===
[Worker001] checking for pending tasks…
[Worker001] claimed T-0113: Donaldson — 1_chronicles_1: add commentary JSON
[Worker001] models: backend=dispatch (local pipeline scripts only; no Claude CLI) ollama=gemma4:e2b (christ gen + task_followup unless --no-followup)
=== 2026-04-10T03:17:29Z start Worker001 ===
[Worker001] checking for pending tasks…
[Worker001] claimed T-0113: Donaldson — 1_chronicles_1: add commentary JSON
[Worker001] models: backend=dispatch (local pipeline scripts only; no Claude CLI) ollama=gemma4:e2b (christ gen + task_followup unless --no-followup)
Reopened T-0113.
Reopened T-0113.
  push failed (non-fatal): Command '['git', 'push', 'origin', 'main']' returned non-zero exit status 1.
[Worker001] T-0113 no dispatch rule — reopened.
  pushed to origin
[Worker001] T-0113 no dispatch rule — reopened.
=== 2026-04-10T03:17:41Z start Worker001 ===
[Worker001] checking for pending tasks…
[Worker001] claimed T-0113: Donaldson — 1_chronicles_1: add commentary JSON
[Worker001] models: backend=dispatch (local pipeline scripts only; no Claude CLI) ollama=gemma4:e2b (christ gen + task_followup unless --no-followup)
=== 2026-04-10T03:17:41Z start Worker001 ===
[Worker001] checking for pending tasks…
Reopened T-0113.
[Worker001] claimed T-0113: Donaldson — 1_chronicles_1: add commentary JSON
[Worker001] models: backend=dispatch (local pipeline scripts only; no Claude CLI) ollama=gemma4:e2b (christ gen + task_followup unless --no-followup)
Reopened T-0113.
  push failed (non-fatal): Command '['git', 'push', 'origin', 'main']' returned non-zero exit status 1.
[Worker001] T-0113 no dispatch rule — reopened.
  push failed (non-fatal): Command '['git', 'push', 'origin', 'main']' returned non-zero exit status 1.
[Worker001] T-0113 no dispatch rule — reopened.
=== 2026-04-10T03:17:58Z start Worker001 ===
[Worker001] checking for pending tasks…
[Worker001] claimed T-0113: Donaldson — 1_chronicles_1: add commentary JSON
[Worker001] models: backend=dispatch (local pipeline scripts only; no Claude CLI) ollama=gemma4:e2b (christ gen + task_followup unless --no-followup)
=== 2026-04-10T03:17:58Z start Worker001 ===
[Worker001] checking for pending tasks…
Reopened T-0113.
[Worker001] claimed T-0113: Donaldson — 1_chronicles_1: add commentary JSON
[Worker001] models: backend=dispatch (local pipeline scripts only; no Claude CLI) ollama=gemma4:e2b (christ gen + task_followup unless --no-followup)
Reopened T-0113.
  push failed (non-fatal): Command '['git', 'push', 'origin', 'main']' returned non-zero exit status 1.
[Worker001] T-0113 no dispatch rule — reopened.
  push failed (non-fatal): Command '['git', 'push', 'origin', 'main']' returned non-zero exit status 1.
[Worker001] T-0113 no dispatch rule — reopened.
=== 2026-04-10T03:18:10Z start Worker001 ===
[Worker001] checking for pending tasks…
[Worker001] claimed T-0113: Donaldson — 1_chronicles_1: add commentary JSON
[Worker001] models: backend=dispatch (local pipeline scripts only; no Claude CLI) ollama=gemma4:e2b (christ gen + task_followup unless --no-followup)
Reopened T-0113.
=== 2026-04-10T03:18:10Z start Worker001 ===
[Worker001] checking for pending tasks…
[Worker001] claimed T-0113: Donaldson — 1_chronicles_1: add commentary JSON
[Worker001] models: backend=dispatch (local pipeline scripts only; no Claude CLI) ollama=gemma4:e2b (christ gen + task_followup unless --no-followup)
  push failed (non-fatal): Command '['git', 'push', 'origin', 'main']' returned non-zero exit status 1.
[Worker001] T-0113 no dispatch rule — reopened.
Reopened T-0113.
  push failed (non-fatal): Command '['git', 'push', 'origin', 'main']' returned non-zero exit status 1.
[Worker001] T-0113 no dispatch rule — reopened.
=== 2026-04-10T03:18:25Z start Worker001 ===
[Worker001] checking for pending tasks…
[Worker001] claimed T-0113: Donaldson — 1_chronicles_1: add commentary JSON
[Worker001] models: backend=dispatch (local pipeline scripts only; no Claude CLI) ollama=gemma4:e2b (christ gen + task_followup unless --no-followup)
Reopened T-0113.
=== 2026-04-10T03:18:26Z start Worker001 ===
[Worker001] checking for pending tasks…
  push failed (non-fatal): Command '['git', 'push', 'origin', 'main']' returned non-zero exit status 1.
[Worker001] T-0113 no dispatch rule — reopened.
[Worker001] claimed T-0113: Donaldson — 1_chronicles_1: add commentary JSON
[Worker001] models: backend=dispatch (local pipeline scripts only; no Claude CLI) ollama=gemma4:e2b (christ gen + task_followup unless --no-followup)
Reopened T-0113.
  pushed to origin
[Worker001] T-0113 no dispatch rule — reopened.
=== 2026-04-10T03:18:38Z start Worker001 ===
=== 2026-04-10T03:18:38Z start Worker001 ===
[Worker001] checking for pending tasks…
[Worker001] checking for pending tasks…
[Worker001] claimed T-0113: Donaldson — 1_chronicles_1: add commentary JSON
[Worker001] models: backend=dispatch (local pipeline scripts only; no Claude CLI) ollama=gemma4:e2b (christ gen + task_followup unless --no-followup)
[Worker001] claimed T-0117: Donaldson — 1_chronicles_10: add commentary JSON
[Worker001] models: backend=dispatch (local pipeline scripts only; no Claude CLI) ollama=gemma4:e2b (christ gen + task_followup unless --no-followup)
Reopened T-0113.
Reopened T-0117.
  push failed (non-fatal): Command '['git', 'push', 'origin', 'main']' returned non-zero exit status 1.
[Worker001] T-0113 no dispatch rule — reopened.
  push failed (non-fatal): Command '['git', 'push', 'origin', 'main']' returned non-zero exit status 1.
[Worker001] T-0117 no dispatch rule — reopened.
=== 2026-04-10T03:18:52Z start Worker001 ===
[Worker001] checking for pending tasks…
[Worker001] claimed T-0113: Donaldson — 1_chronicles_1: add commentary JSON
[Worker001] models: backend=dispatch (local pipeline scripts only; no Claude CLI) ollama=gemma4:e2b (christ gen + task_followup unless --no-followup)
Reopened T-0113.
=== 2026-04-10T03:18:54Z start Worker001 ===
[Worker001] checking for pending tasks…
[Worker001] claimed T-0113: Donaldson — 1_chronicles_1: add commentary JSON
[Worker001] models: backend=dispatch (local pipeline scripts only; no Claude CLI) ollama=gemma4:e2b (christ gen + task_followup unless --no-followup)
Reopened T-0113.
  push failed (non-fatal): Command '['git', 'push', 'origin', 'main']' returned non-zero exit status 1.
[Worker001] T-0113 no dispatch rule — reopened.
  push failed (non-fatal): Command '['git', 'push', 'origin', 'main']' returned non-zero exit status 1.
[Worker001] T-0113 no dispatch rule — reopened.
=== 2026-04-10T03:19:03Z start Worker001 ===
[Worker001] checking for pending tasks…
[Worker001] claimed T-0113: Donaldson — 1_chronicles_1: add commentary JSON
[Worker001] models: backend=dispatch (local pipeline scripts only; no Claude CLI) ollama=gemma4:e2b (christ gen + task_followup unless --no-followup)
Reopened T-0113.
=== 2026-04-10T03:19:06Z start Worker001 ===
[Worker001] checking for pending tasks…
[Worker001] claimed T-0113: Donaldson — 1_chronicles_1: add commentary JSON
[Worker001] models: backend=dispatch (local pipeline scripts only; no Claude CLI) ollama=gemma4:e2b (christ gen + task_followup unless --no-followup)
Reopened T-0113.
  push failed (non-fatal): Command '['git', 'push', 'origin', 'main']' returned non-zero exit status 1.
[Worker001] T-0113 no dispatch rule — reopened.
  push failed (non-fatal): Command '['git', 'push', 'origin', 'main']' returned non-zero exit status 1.
[Worker001] T-0113 no dispatch rule — reopened.
=== 2026-04-10T03:19:20Z start Worker001 ===
[Worker001] checking for pending tasks…
=== 2026-04-10T03:19:21Z start Worker001 ===
[Worker001] checking for pending tasks…
[Worker001] claimed T-0113: Donaldson — 1_chronicles_1: add commentary JSON
[Worker001] models: backend=dispatch (local pipeline scripts only; no Claude CLI) ollama=gemma4:e2b (christ gen + task_followup unless --no-followup)
[Worker001] claimed T-0113: Donaldson — 1_chronicles_1: add commentary JSON
[Worker001] models: backend=dispatch (local pipeline scripts only; no Claude CLI) ollama=gemma4:e2b (christ gen + task_followup unless --no-followup)
Reopened T-0113.
  [ledger] pushed to origin
Reopened T-0113.
  pushed to origin
[Worker001] T-0113 no dispatch rule — reopened.
  pushed to origin
[Worker001] T-0113 no dispatch rule — reopened.
=== 2026-04-10T03:19:29Z start Worker001 ===
[Worker001] checking for pending tasks…
[Worker001] claimed T-0113: Donaldson — 1_chronicles_1: add commentary JSON
[Worker001] models: backend=dispatch (local pipeline scripts only; no Claude CLI) ollama=gemma4:e2b (christ gen + task_followup unless --no-followup)
Reopened T-0113.
  pushed to origin
[Worker001] T-0113 no dispatch rule — reopened.
=== 2026-04-10T03:19:34Z start Worker001 ===
[Worker001] checking for pending tasks…
[Worker001] claimed T-0113: Donaldson — 1_chronicles_1: add commentary JSON
[Worker001] models: backend=dispatch (local pipeline scripts only; no Claude CLI) ollama=gemma4:e2b (christ gen + task_followup unless --no-followup)
Reopened T-0113.
  push failed (non-fatal): Command '['git', 'push', 'origin', 'main']' returned non-zero exit status 1.
[Worker001] T-0113 no dispatch rule — reopened.
=== 2026-04-10T03:19:48Z start Worker001 ===
[Worker001] checking for pending tasks…
[Worker001] claimed T-0113: Donaldson — 1_chronicles_1: add commentary JSON
[Worker001] models: backend=dispatch (local pipeline scripts only; no Claude CLI) ollama=gemma4:e2b (christ gen + task_followup unless --no-followup)
=== 2026-04-10T03:19:49Z start Worker001 ===
[Worker001] checking for pending tasks…
[Worker001] claimed T-0113: Donaldson — 1_chronicles_1: add commentary JSON
[Worker001] models: backend=dispatch (local pipeline scripts only; no Claude CLI) ollama=gemma4:e2b (christ gen + task_followup unless --no-followup)
Reopened T-0113.
Reopened T-0113.
  pushed to origin
[Worker001] T-0113 no dispatch rule — reopened.
  push failed (non-fatal): Command '['git', 'push', 'origin', 'main']' returned non-zero exit status 1.
[Worker001] T-0113 no dispatch rule — reopened.
=== 2026-04-10T03:19:57Z start Worker001 ===
[Worker001] checking for pending tasks…
[Worker001] claimed T-0113: Donaldson — 1_chronicles_1: add commentary JSON
[Worker001] models: backend=dispatch (local pipeline scripts only; no Claude CLI) ollama=gemma4:e2b (christ gen + task_followup unless --no-followup)
Reopened T-0113.
=== 2026-04-10T03:20:01Z start Worker001 ===
[Worker001] checking for pending tasks…
  pushed to origin
[Worker001] T-0113 no dispatch rule — reopened.
[Worker001] claimed T-0113: Donaldson — 1_chronicles_1: add commentary JSON
[Worker001] models: backend=dispatch (local pipeline scripts only; no Claude CLI) ollama=gemma4:e2b (christ gen + task_followup unless --no-followup)
Reopened T-0113.
  [ledger] pushed to origin
  pushed to origin
[Worker001] T-0113 no dispatch rule — reopened.
=== 2026-04-10T03:20:16Z start Worker001 ===
[Worker001] checking for pending tasks…
=== 2026-04-10T03:20:17Z start Worker001 ===
[Worker001] checking for pending tasks…
[Worker001] claimed T-0113: Donaldson — 1_chronicles_1: add commentary JSON
[Worker001] models: backend=dispatch (local pipeline scripts only; no Claude CLI) ollama=gemma4:e2b (christ gen + task_followup unless --no-followup)
Reopened T-0113.
[Worker001] claimed T-0113: Donaldson — 1_chronicles_1: add commentary JSON
[Worker001] models: backend=dispatch (local pipeline scripts only; no Claude CLI) ollama=gemma4:e2b (christ gen + task_followup unless --no-followup)
  push failed (non-fatal): Command '['git', 'push', 'origin', 'main']' returned non-zero exit status 1.
[Worker001] T-0113 no dispatch rule — reopened.
Reopened T-0113.
  [ledger] pushed to origin
  pushed to origin
[Worker001] T-0113 no dispatch rule — reopened.
=== 2026-04-10T03:20:25Z start Worker001 ===
[Worker001] checking for pending tasks…
[Worker001] claimed T-0113: Donaldson — 1_chronicles_1: add commentary JSON
[Worker001] models: backend=dispatch (local pipeline scripts only; no Claude CLI) ollama=gemma4:e2b (christ gen + task_followup unless --no-followup)
=== 2026-04-10T03:20:29Z start Worker001 ===
[Worker001] checking for pending tasks…
[Worker001] claimed T-0113: Donaldson — 1_chronicles_1: add commentary JSON
[Worker001] models: backend=dispatch (local pipeline scripts only; no Claude CLI) ollama=gemma4:e2b (christ gen + task_followup unless --no-followup)
Reopened T-0113.
Reopened T-0113.
  [ledger] pushed to origin
  push failed (non-fatal): Command '['git', 'push', 'origin', 'main']' returned non-zero exit status 1.
[Worker001] T-0113 no dispatch rule — reopened.
  pushed to origin
[Worker001] T-0113 no dispatch rule — reopened.
=== 2026-04-10T03:20:44Z start Worker001 ===
[Worker001] checking for pending tasks…
=== 2026-04-10T03:20:45Z start Worker001 ===
[Worker001] checking for pending tasks…
[Worker001] claimed T-0113: Donaldson — 1_chronicles_1: add commentary JSON
[Worker001] models: backend=dispatch (local pipeline scripts only; no Claude CLI) ollama=gemma4:e2b (christ gen + task_followup unless --no-followup)
Reopened T-0113.
[Worker001] claimed T-0113: Donaldson — 1_chronicles_1: add commentary JSON
[Worker001] models: backend=dispatch (local pipeline scripts only; no Claude CLI) ollama=gemma4:e2b (christ gen + task_followup unless --no-followup)
  push failed (non-fatal): Command '['git', 'push', 'origin', 'main']' returned non-zero exit status 1.
[Worker001] T-0113 no dispatch rule — reopened.
Reopened T-0113.
  [ledger] pushed to origin
  pushed to origin
[Worker001] T-0113 no dispatch rule — reopened.
=== 2026-04-10T03:20:53Z start Worker001 ===
[Worker001] checking for pending tasks…
[Worker001] claimed T-0113: Donaldson — 1_chronicles_1: add commentary JSON
[Worker001] models: backend=dispatch (local pipeline scripts only; no Claude CLI) ollama=gemma4:e2b (christ gen + task_followup unless --no-followup)
=== 2026-04-10T03:20:57Z start Worker001 ===
[Worker001] checking for pending tasks…
[Worker001] claimed T-0113: Donaldson — 1_chronicles_1: add commentary JSON
[Worker001] models: backend=dispatch (local pipeline scripts only; no Claude CLI) ollama=gemma4:e2b (christ gen + task_followup unless --no-followup)
Reopened T-0113.
Reopened T-0113.
  [ledger] pushed to origin
  pushed to origin
[Worker001] T-0113 no dispatch rule — reopened.
  push failed (non-fatal): Command '['git', 'push', 'origin', 'main']' returned non-zero exit status 1.
[Worker001] T-0113 no dispatch rule — reopened.
=== 2026-04-10T03:21:11Z start Worker001 ===
[Worker001] checking for pending tasks…
=== 2026-04-10T03:21:13Z start Worker001 ===
[Worker001] checking for pending tasks…
[Worker001] claimed T-0113: Donaldson — 1_chronicles_1: add commentary JSON
[Worker001] models: backend=dispatch (local pipeline scripts only; no Claude CLI) ollama=gemma4:e2b (christ gen + task_followup unless --no-followup)
[Worker001] claimed T-0113: Donaldson — 1_chronicles_1: add commentary JSON
[Worker001] models: backend=dispatch (local pipeline scripts only; no Claude CLI) ollama=gemma4:e2b (christ gen + task_followup unless --no-followup)
Reopened T-0113.
Reopened T-0113.
  [ledger] pushed to origin
  push failed (non-fatal): Command '['git', 'push', 'origin', 'main']' returned non-zero exit status 1.
[Worker001] T-0113 no dispatch rule — reopened.
  pushed to origin
[Worker001] T-0113 no dispatch rule — reopened.
=== 2026-04-10T03:21:21Z start Worker001 ===
[Worker001] checking for pending tasks…
[Worker001] claimed T-0113: Donaldson — 1_chronicles_1: add commentary JSON
[Worker001] models: backend=dispatch (local pipeline scripts only; no Claude CLI) ollama=gemma4:e2b (christ gen + task_followup unless --no-followup)
Reopened T-0113.
  push failed (non-fatal): Command '['git', 'push', 'origin', 'main']' returned non-zero exit status 1.
[Worker001] T-0113 no dispatch rule — reopened.
=== 2026-04-10T03:21:26Z start Worker001 ===
[Worker001] checking for pending tasks…
[Worker001] claimed T-0113: Donaldson — 1_chronicles_1: add commentary JSON
[Worker001] models: backend=dispatch (local pipeline scripts only; no Claude CLI) ollama=gemma4:e2b (christ gen + task_followup unless --no-followup)
Reopened T-0113.
  push failed (non-fatal): Command '['git', 'push', 'origin', 'main']' returned non-zero exit status 1.
[Worker001] T-0113 no dispatch rule — reopened.
=== 2026-04-10T03:21:39Z start Worker001 ===
[Worker001] checking for pending tasks…
=== 2026-04-10T03:21:40Z start Worker001 ===
[Worker001] checking for pending tasks…
[Worker001] claimed T-0113: Donaldson — 1_chronicles_1: add commentary JSON
[Worker001] models: backend=dispatch (local pipeline scripts only; no Claude CLI) ollama=gemma4:e2b (christ gen + task_followup unless --no-followup)
Reopened T-0113.
[Worker001] claimed T-0113: Donaldson — 1_chronicles_1: add commentary JSON
[Worker001] models: backend=dispatch (local pipeline scripts only; no Claude CLI) ollama=gemma4:e2b (christ gen + task_followup unless --no-followup)
  push failed (non-fatal): Command '['git', 'push', 'origin', 'main']' returned non-zero exit status 1.
[Worker001] T-0113 no dispatch rule — reopened.
Reopened T-0113.
  [ledger] pushed to origin
  pushed to origin
[Worker001] T-0113 no dispatch rule — reopened.
=== 2026-04-10T03:21:49Z start Worker001 ===
[Worker001] checking for pending tasks…
[Worker001] claimed T-0113: Donaldson — 1_chronicles_1: add commentary JSON
[Worker001] models: backend=dispatch (local pipeline scripts only; no Claude CLI) ollama=gemma4:e2b (christ gen + task_followup unless --no-followup)
Reopened T-0113.
  push failed (non-fatal): Command '['git', 'push', 'origin', 'main']' returned non-zero exit status 1.
[Worker001] T-0113 no dispatch rule — reopened.
=== 2026-04-10T03:21:52Z start Worker001 ===
[Worker001] checking for pending tasks…
[Worker001] claimed T-0113: Donaldson — 1_chronicles_1: add commentary JSON
[Worker001] models: backend=dispatch (local pipeline scripts only; no Claude CLI) ollama=gemma4:e2b (christ gen + task_followup unless --no-followup)
Reopened T-0113.
  push failed (non-fatal): Command '['git', 'push', 'origin', 'main']' returned non-zero exit status 1.
[Worker001] T-0113 no dispatch rule — reopened.
=== 2026-04-10T03:22:08Z start Worker001 ===
[Worker001] checking for pending tasks…
[Worker001] claimed T-0113: Donaldson — 1_chronicles_1: add commentary JSON
[Worker001] models: backend=dispatch (local pipeline scripts only; no Claude CLI) ollama=gemma4:e2b (christ gen + task_followup unless --no-followup)
Reopened T-0113.
=== 2026-04-10T03:22:09Z start Worker001 ===
[Worker001] checking for pending tasks…
[Worker001] claimed T-0113: Donaldson — 1_chronicles_1: add commentary JSON
[Worker001] models: backend=dispatch (local pipeline scripts only; no Claude CLI) ollama=gemma4:e2b (christ gen + task_followup unless --no-followup)
Reopened T-0113.
  push failed (non-fatal): Command '['git', 'push', 'origin', 'main']' returned non-zero exit status 1.
[Worker001] T-0113 no dispatch rule — reopened.
  push failed (non-fatal): Command '['git', 'push', 'origin', 'main']' returned non-zero exit status 1.
[Worker001] T-0113 no dispatch rule — reopened.
=== 2026-04-10T03:22:17Z start Worker001 ===
[Worker001] checking for pending tasks…
[Worker001] claimed T-0113: Donaldson — 1_chronicles_1: add commentary JSON
[Worker001] models: backend=dispatch (local pipeline scripts only; no Claude CLI) ollama=gemma4:e2b (christ gen + task_followup unless --no-followup)
Reopened T-0113.
=== 2026-04-10T03:22:20Z start Worker001 ===
[Worker001] checking for pending tasks…
[Worker001] claimed T-0113: Donaldson — 1_chronicles_1: add commentary JSON
[Worker001] models: backend=dispatch (local pipeline scripts only; no Claude CLI) ollama=gemma4:e2b (christ gen + task_followup unless --no-followup)
Reopened T-0113.
  pushed to origin
[Worker001] T-0113 no dispatch rule — reopened.
  push failed (non-fatal): Command '['git', 'push', 'origin', 'main']' returned non-zero exit status 1.
[Worker001] T-0113 no dispatch rule — reopened.
=== 2026-04-10T03:22:35Z start Worker001 ===
[Worker001] checking for pending tasks…
[Worker001] claimed T-0113: Donaldson — 1_chronicles_1: add commentary JSON
[Worker001] models: backend=dispatch (local pipeline scripts only; no Claude CLI) ollama=gemma4:e2b (christ gen + task_followup unless --no-followup)
Reopened T-0113.
=== 2026-04-10T03:22:37Z start Worker001 ===
[Worker001] checking for pending tasks…
  push failed (non-fatal): Command '['git', 'push', 'origin', 'main']' returned non-zero exit status 1.
[Worker001] T-0113 no dispatch rule — reopened.
[Worker001] claimed T-0113: Donaldson — 1_chronicles_1: add commentary JSON
[Worker001] models: backend=dispatch (local pipeline scripts only; no Claude CLI) ollama=gemma4:e2b (christ gen + task_followup unless --no-followup)
Reopened T-0113.
  pushed to origin
[Worker001] T-0113 no dispatch rule — reopened.
=== 2026-04-10T03:22:45Z start Worker001 ===
[Worker001] checking for pending tasks…
[Worker001] claimed T-0113: Donaldson — 1_chronicles_1: add commentary JSON
[Worker001] models: backend=dispatch (local pipeline scripts only; no Claude CLI) ollama=gemma4:e2b (christ gen + task_followup unless --no-followup)
Reopened T-0113.
  push failed (non-fatal): Command '['git', 'push', 'origin', 'main']' returned non-zero exit status 1.
[Worker001] T-0113 no dispatch rule — reopened.
=== 2026-04-10T03:22:48Z start Worker001 ===
[Worker001] checking for pending tasks…
[Worker001] claimed T-0113: Donaldson — 1_chronicles_1: add commentary JSON
[Worker001] models: backend=dispatch (local pipeline scripts only; no Claude CLI) ollama=gemma4:e2b (christ gen + task_followup unless --no-followup)
Reopened T-0113.
  push failed (non-fatal): Command '['git', 'push', 'origin', 'main']' returned non-zero exit status 1.
[Worker001] T-0113 no dispatch rule — reopened.
=== 2026-04-10T03:23:03Z start Worker001 ===
[Worker001] checking for pending tasks…
=== 2026-04-10T03:23:05Z start Worker001 ===
[Worker001] checking for pending tasks…
[Worker001] claimed T-0113: Donaldson — 1_chronicles_1: add commentary JSON
[Worker001] models: backend=dispatch (local pipeline scripts only; no Claude CLI) ollama=gemma4:e2b (christ gen + task_followup unless --no-followup)
Reopened T-0113.
[Worker001] claimed T-0113: Donaldson — 1_chronicles_1: add commentary JSON
[Worker001] models: backend=dispatch (local pipeline scripts only; no Claude CLI) ollama=gemma4:e2b (christ gen + task_followup unless --no-followup)
  push failed (non-fatal): Command '['git', 'push', 'origin', 'main']' returned non-zero exit status 1.
[Worker001] T-0113 no dispatch rule — reopened.
Reopened T-0113.
  [ledger] pushed to origin
  pushed to origin
[Worker001] T-0113 no dispatch rule — reopened.
=== 2026-04-10T03:23:13Z start Worker001 ===
[Worker001] checking for pending tasks…
[Worker001] claimed T-0113: Donaldson — 1_chronicles_1: add commentary JSON
[Worker001] models: backend=dispatch (local pipeline scripts only; no Claude CLI) ollama=gemma4:e2b (christ gen + task_followup unless --no-followup)
Reopened T-0113.
=== 2026-04-10T03:23:16Z start Worker001 ===
[Worker001] checking for pending tasks…
  pushed to origin
[Worker001] T-0113 no dispatch rule — reopened.
[Worker001] claimed T-0113: Donaldson — 1_chronicles_1: add commentary JSON
[Worker001] models: backend=dispatch (local pipeline scripts only; no Claude CLI) ollama=gemma4:e2b (christ gen + task_followup unless --no-followup)
Reopened T-0113.
  [ledger] pushed to origin
  pushed to origin
[Worker001] T-0113 no dispatch rule — reopened.
=== 2026-04-10T03:23:31Z start Worker001 ===
[Worker001] checking for pending tasks…
[Worker001] claimed T-0113: Donaldson — 1_chronicles_1: add commentary JSON
[Worker001] models: backend=dispatch (local pipeline scripts only; no Claude CLI) ollama=gemma4:e2b (christ gen + task_followup unless --no-followup)
=== 2026-04-10T03:23:32Z start Worker001 ===
[Worker001] checking for pending tasks…
Reopened T-0113.
[Worker001] claimed T-0113: Donaldson — 1_chronicles_1: add commentary JSON
[Worker001] models: backend=dispatch (local pipeline scripts only; no Claude CLI) ollama=gemma4:e2b (christ gen + task_followup unless --no-followup)
  pushed to origin
[Worker001] T-0113 no dispatch rule — reopened.
Reopened T-0113.
  pushed to origin
[Worker001] T-0113 no dispatch rule — reopened.
=== 2026-04-10T03:23:41Z start Worker001 ===
[Worker001] checking for pending tasks…
[Worker001] claimed T-0113: Donaldson — 1_chronicles_1: add commentary JSON
[Worker001] models: backend=dispatch (local pipeline scripts only; no Claude CLI) ollama=gemma4:e2b (christ gen + task_followup unless --no-followup)
Reopened T-0113.
  push failed (non-fatal): Command '['git', 'push', 'origin', 'main']' returned non-zero exit status 1.
[Worker001] T-0113 no dispatch rule — reopened.
=== 2026-04-10T03:23:44Z start Worker001 ===
[Worker001] checking for pending tasks…
[Worker001] claimed T-0113: Donaldson — 1_chronicles_1: add commentary JSON
[Worker001] models: backend=dispatch (local pipeline scripts only; no Claude CLI) ollama=gemma4:e2b (christ gen + task_followup unless --no-followup)
Reopened T-0113.
  push failed (non-fatal): Command '['git', 'push', 'origin', 'main']' returned non-zero exit status 1.
[Worker001] T-0113 no dispatch rule — reopened.
=== 2026-04-10T03:23:59Z start Worker001 ===
[Worker001] checking for pending tasks…
[Worker001] claimed T-0113: Donaldson — 1_chronicles_1: add commentary JSON
[Worker001] models: backend=dispatch (local pipeline scripts only; no Claude CLI) ollama=gemma4:e2b (christ gen + task_followup unless --no-followup)
Reopened T-0113.
=== 2026-04-10T03:24:00Z start Worker001 ===
[Worker001] checking for pending tasks…
[Worker001] claimed T-0113: Donaldson — 1_chronicles_1: add commentary JSON
[Worker001] models: backend=dispatch (local pipeline scripts only; no Claude CLI) ollama=gemma4:e2b (christ gen + task_followup unless --no-followup)
Reopened T-0113.
  pushed to origin
[Worker001] T-0113 no dispatch rule — reopened.
  push failed (non-fatal): Command '['git', 'push', 'origin', 'main']' returned non-zero exit status 1.
[Worker001] T-0113 no dispatch rule — reopened.
=== 2026-04-10T03:24:09Z start Worker001 ===
[Worker001] checking for pending tasks…
[Worker001] claimed T-0113: Donaldson — 1_chronicles_1: add commentary JSON
[Worker001] models: backend=dispatch (local pipeline scripts only; no Claude CLI) ollama=gemma4:e2b (christ gen + task_followup unless --no-followup)
Reopened T-0113.
=== 2026-04-10T03:24:12Z start Worker001 ===
[Worker001] checking for pending tasks…
  pushed to origin
[Worker001] T-0113 no dispatch rule — reopened.
[Worker001] claimed T-0113: Donaldson — 1_chronicles_1: add commentary JSON
[Worker001] models: backend=dispatch (local pipeline scripts only; no Claude CLI) ollama=gemma4:e2b (christ gen + task_followup unless --no-followup)
Reopened T-0113.
  [ledger] pushed to origin
  pushed to origin
[Worker001] T-0113 no dispatch rule — reopened.
=== 2026-04-10T03:24:27Z start Worker001 ===
[Worker001] checking for pending tasks…
[Worker001] claimed T-0113: Donaldson — 1_chronicles_1: add commentary JSON
[Worker001] models: backend=dispatch (local pipeline scripts only; no Claude CLI) ollama=gemma4:e2b (christ gen + task_followup unless --no-followup)
Reopened T-0113.
=== 2026-04-10T03:24:28Z start Worker001 ===
[Worker001] checking for pending tasks…
[Worker001] claimed T-0113: Donaldson — 1_chronicles_1: add commentary JSON
[Worker001] models: backend=dispatch (local pipeline scripts only; no Claude CLI) ollama=gemma4:e2b (christ gen + task_followup unless --no-followup)
Reopened T-0113.
  push failed (non-fatal): Command '['git', 'push', 'origin', 'main']' returned non-zero exit status 1.
[Worker001] T-0113 no dispatch rule — reopened.
  push failed (non-fatal): Command '['git', 'push', 'origin', 'main']' returned non-zero exit status 1.
[Worker001] T-0113 no dispatch rule — reopened.
=== 2026-04-10T03:24:37Z start Worker001 ===
[Worker001] checking for pending tasks…
[Worker001] claimed T-0113: Donaldson — 1_chronicles_1: add commentary JSON
[Worker001] models: backend=dispatch (local pipeline scripts only; no Claude CLI) ollama=gemma4:e2b (christ gen + task_followup unless --no-followup)
Reopened T-0113.
  push failed (non-fatal): Command '['git', 'push', 'origin', 'main']' returned non-zero exit status 1.
[Worker001] T-0113 no dispatch rule — reopened.
=== 2026-04-10T03:24:40Z start Worker001 ===
[Worker001] checking for pending tasks…
[Worker001] claimed T-0113: Donaldson — 1_chronicles_1: add commentary JSON
[Worker001] models: backend=dispatch (local pipeline scripts only; no Claude CLI) ollama=gemma4:e2b (christ gen + task_followup unless --no-followup)
Reopened T-0113.
  push failed (non-fatal): Command '['git', 'push', 'origin', 'main']' returned non-zero exit status 1.
[Worker001] T-0113 no dispatch rule — reopened.
=== 2026-04-10T03:24:55Z start Worker001 ===
[Worker001] checking for pending tasks…
[Worker001] claimed T-0117: Donaldson — 1_chronicles_10: add commentary JSON
[Worker001] models: backend=dispatch (local pipeline scripts only; no Claude CLI) ollama=gemma4:e2b (christ gen + task_followup unless --no-followup)
Reopened T-0117.
=== 2026-04-10T03:24:56Z start Worker001 ===
[Worker001] checking for pending tasks…
[Worker001] claimed T-0117: Donaldson — 1_chronicles_10: add commentary JSON
[Worker001] models: backend=dispatch (local pipeline scripts only; no Claude CLI) ollama=gemma4:e2b (christ gen + task_followup unless --no-followup)
Reopened T-0117.
  push failed (non-fatal): Command '['git', 'push', 'origin', 'main']' returned non-zero exit status 1.
[Worker001] T-0117 no dispatch rule — reopened.
  pushed to origin
[Worker001] T-0117 no dispatch rule — reopened.
=== 2026-04-10T03:25:05Z start Worker001 ===
[Worker001] checking for pending tasks…
[Worker001] claimed T-0113: Donaldson — 1_chronicles_1: add commentary JSON
[Worker001] models: backend=dispatch (local pipeline scripts only; no Claude CLI) ollama=gemma4:e2b (christ gen + task_followup unless --no-followup)
Reopened T-0113.
  push failed (non-fatal): Command '['git', 'push', 'origin', 'main']' returned non-zero exit status 1.
[Worker001] T-0113 no dispatch rule — reopened.
=== 2026-04-10T03:25:08Z start Worker001 ===
[Worker001] checking for pending tasks…
[Worker001] claimed T-0113: Donaldson — 1_chronicles_1: add commentary JSON
[Worker001] models: backend=dispatch (local pipeline scripts only; no Claude CLI) ollama=gemma4:e2b (christ gen + task_followup unless --no-followup)
Reopened T-0113.
  pushed to origin
[Worker001] T-0113 no dispatch rule — reopened.
=== 2026-04-10T03:25:24Z start Worker001 ===
[Worker001] checking for pending tasks…
=== 2026-04-10T03:25:25Z start Worker001 ===
[Worker001] checking for pending tasks…
[Worker001] claimed T-0113: Donaldson — 1_chronicles_1: add commentary JSON
[Worker001] models: backend=dispatch (local pipeline scripts only; no Claude CLI) ollama=gemma4:e2b (christ gen + task_followup unless --no-followup)
[Worker001] claimed T-0113: Donaldson — 1_chronicles_1: add commentary JSON
[Worker001] models: backend=dispatch (local pipeline scripts only; no Claude CLI) ollama=gemma4:e2b (christ gen + task_followup unless --no-followup)
Reopened T-0113.
Reopened T-0113.
  push failed (non-fatal): Command '['git', 'push', 'origin', 'main']' returned non-zero exit status 1.
[Worker001] T-0113 no dispatch rule — reopened.
  pushed to origin
[Worker001] T-0113 no dispatch rule — reopened.
=== 2026-04-10T03:25:33Z start Worker001 ===
[Worker001] checking for pending tasks…
=== 2026-04-10T03:25:36Z start Worker001 ===
[Worker001] claimed T-0113: Donaldson — 1_chronicles_1: add commentary JSON
[Worker001] models: backend=dispatch (local pipeline scripts only; no Claude CLI) ollama=gemma4:e2b (christ gen + task_followup unless --no-followup)
[Worker001] checking for pending tasks…
[Worker001] claimed T-0113: Donaldson — 1_chronicles_1: add commentary JSON
[Worker001] models: backend=dispatch (local pipeline scripts only; no Claude CLI) ollama=gemma4:e2b (christ gen + task_followup unless --no-followup)
Reopened T-0113.
  push failed (non-fatal): Command '['git', 'push', 'origin', 'main']' returned non-zero exit status 1.
[Worker001] T-0113 no dispatch rule — reopened.
Reopened T-0113.
  pushed to origin
[Worker001] T-0113 no dispatch rule — reopened.
=== 2026-04-10T03:25:52Z start Worker001 ===
[Worker001] checking for pending tasks…
=== 2026-04-10T03:25:53Z start Worker001 ===
[Worker001] checking for pending tasks…
[Worker001] claimed T-0113: Donaldson — 1_chronicles_1: add commentary JSON
[Worker001] models: backend=dispatch (local pipeline scripts only; no Claude CLI) ollama=gemma4:e2b (christ gen + task_followup unless --no-followup)
[Worker001] claimed T-0113: Donaldson — 1_chronicles_1: add commentary JSON
[Worker001] models: backend=dispatch (local pipeline scripts only; no Claude CLI) ollama=gemma4:e2b (christ gen + task_followup unless --no-followup)
Reopened T-0113.
  [ledger] pushed to origin
Reopened T-0113.
  pushed to origin
[Worker001] T-0113 no dispatch rule — reopened.
  pushed to origin
[Worker001] T-0113 no dispatch rule — reopened.
=== 2026-04-10T03:26:01Z start Worker001 ===
[Worker001] checking for pending tasks…
=== 2026-04-10T03:26:01Z start Worker001 ===
[Worker001] checking for pending tasks…
[Worker001] claimed T-0113: Donaldson — 1_chronicles_1: add commentary JSON
[Worker001] models: backend=dispatch (local pipeline scripts only; no Claude CLI) ollama=gemma4:e2b (christ gen + task_followup unless --no-followup)
Reopened T-0113.
  push failed (non-fatal): Command '['git', 'push', 'origin', 'main']' returned non-zero exit status 1.
[Worker001] T-0113 no dispatch rule — reopened.
[Worker001] claimed T-0117: Donaldson — 1_chronicles_10: add commentary JSON
[Worker001] models: backend=dispatch (local pipeline scripts only; no Claude CLI) ollama=gemma4:e2b (christ gen + task_followup unless --no-followup)
Reopened T-0117.
  [ledger] pushed to origin
  pushed to origin
[Worker001] T-0117 no dispatch rule — reopened.
=== 2026-04-10T03:26:20Z start Worker001 ===
[Worker001] checking for pending tasks…
[Worker001] claimed T-0113: Donaldson — 1_chronicles_1: add commentary JSON
[Worker001] models: backend=dispatch (local pipeline scripts only; no Claude CLI) ollama=gemma4:e2b (christ gen + task_followup unless --no-followup)
=== 2026-04-10T03:26:21Z start Worker001 ===
[Worker001] checking for pending tasks…
[Worker001] claimed T-0113: Donaldson — 1_chronicles_1: add commentary JSON
[Worker001] models: backend=dispatch (local pipeline scripts only; no Claude CLI) ollama=gemma4:e2b (christ gen + task_followup unless --no-followup)
Reopened T-0113.
Reopened T-0113.
  pushed to origin
[Worker001] T-0113 no dispatch rule — reopened.
=== 2026-04-10T03:26:25Z start Worker001 ===
[Worker001] checking for pending tasks…
[Worker001] claimed T-0113: Donaldson — 1_chronicles_1: add commentary JSON
[Worker001] models: backend=dispatch (local pipeline scripts only; no Claude CLI) ollama=gemma4:e2b (christ gen + task_followup unless --no-followup)
Reopened T-0113.
  push failed (non-fatal): Command '['git', 'push', 'origin', 'main']' returned non-zero exit status 1.
[Worker001] T-0113 no dispatch rule — reopened.
  push failed (non-fatal): Command '['git', 'push', 'origin', 'main']' returned non-zero exit status 1.
[Worker001] T-0113 no dispatch rule — reopened.
=== 2026-04-10T03:26:30Z start Worker001 ===
[Worker001] checking for pending tasks…
[Worker001] claimed T-0113: Donaldson — 1_chronicles_1: add commentary JSON
[Worker001] models: backend=dispatch (local pipeline scripts only; no Claude CLI) ollama=gemma4:e2b (christ gen + task_followup unless --no-followup)
Reopened T-0113.
  push failed (non-fatal): Command '['git', 'push', 'origin', 'main']' returned non-zero exit status 1.
[Worker001] T-0113 no dispatch rule — reopened.
=== 2026-04-10T03:26:48Z start Worker001 ===
[Worker001] checking for pending tasks…
[Worker001] claimed T-0117: Donaldson — 1_chronicles_10: add commentary JSON
[Worker001] models: backend=dispatch (local pipeline scripts only; no Claude CLI) ollama=gemma4:e2b (christ gen + task_followup unless --no-followup)
Reopened T-0117.
=== 2026-04-10T03:26:50Z start Worker001 ===
[Worker001] checking for pending tasks…
[Worker001] claimed T-0113: Donaldson — 1_chronicles_1: add commentary JSON
[Worker001] models: backend=dispatch (local pipeline scripts only; no Claude CLI) ollama=gemma4:e2b (christ gen + task_followup unless --no-followup)
Reopened T-0113.
  pushed to origin
[Worker001] T-0117 no dispatch rule — reopened.
  pushed to origin
[Worker001] T-0113 no dispatch rule — reopened.
=== 2026-04-10T03:26:53Z start Worker001 ===
[Worker001] checking for pending tasks…
[Worker001] claimed T-0113: Donaldson — 1_chronicles_1: add commentary JSON
[Worker001] models: backend=dispatch (local pipeline scripts only; no Claude CLI) ollama=gemma4:e2b (christ gen + task_followup unless --no-followup)
=== 2026-04-10T03:26:57Z start Worker001 ===
[Worker001] checking for pending tasks…
[Worker001] claimed T-0113: Donaldson — 1_chronicles_1: add commentary JSON
[Worker001] models: backend=dispatch (local pipeline scripts only; no Claude CLI) ollama=gemma4:e2b (christ gen + task_followup unless --no-followup)
Reopened T-0113.
Reopened T-0113.
  push failed (non-fatal): Command '['git', 'push', 'origin', 'main']' returned non-zero exit status 1.
[Worker001] T-0113 no dispatch rule — reopened.
  pushed to origin
[Worker001] T-0113 no dispatch rule — reopened.
=== 2026-04-10T03:27:17Z start Worker001 ===
[Worker001] checking for pending tasks…
=== 2026-04-10T03:27:19Z start Worker001 ===
[Worker001] checking for pending tasks…
[Worker001] claimed T-0113: Donaldson — 1_chronicles_1: add commentary JSON
[Worker001] models: backend=dispatch (local pipeline scripts only; no Claude CLI) ollama=gemma4:e2b (christ gen + task_followup unless --no-followup)
Reopened T-0113.
[Worker001] claimed T-0113: Donaldson — 1_chronicles_1: add commentary JSON
[Worker001] models: backend=dispatch (local pipeline scripts only; no Claude CLI) ollama=gemma4:e2b (christ gen + task_followup unless --no-followup)
  push failed (non-fatal): Command '['git', 'push', 'origin', 'main']' returned non-zero exit status 1.
[Worker001] T-0113 no dispatch rule — reopened.
=== 2026-04-10T03:27:21Z start Worker001 ===
[Worker001] checking for pending tasks…
[Worker001] claimed T-0113: Donaldson — 1_chronicles_1: add commentary JSON
[Worker001] models: backend=dispatch (local pipeline scripts only; no Claude CLI) ollama=gemma4:e2b (christ gen + task_followup unless --no-followup)
Reopened T-0113.
Reopened T-0113.
  [ledger] pushed to origin
  push failed (non-fatal): Command '['git', 'push', 'origin', 'main']' returned non-zero exit status 1.
[Worker001] T-0113 no dispatch rule — reopened.
  pushed to origin
[Worker001] T-0113 no dispatch rule — reopened.
=== 2026-04-10T03:27:25Z start Worker001 ===
[Worker001] checking for pending tasks…
[Worker001] claimed T-0113: Donaldson — 1_chronicles_1: add commentary JSON
[Worker001] models: backend=dispatch (local pipeline scripts only; no Claude CLI) ollama=gemma4:e2b (christ gen + task_followup unless --no-followup)
Reopened T-0113.
  push failed (non-fatal): Command '['git', 'push', 'origin', 'main']' returned non-zero exit status 1.
[Worker001] T-0113 no dispatch rule — reopened.
=== 2026-04-10T03:27:45Z start Worker001 ===
[Worker001] checking for pending tasks…
[Worker001] claimed T-0113: Donaldson — 1_chronicles_1: add commentary JSON
[Worker001] models: backend=dispatch (local pipeline scripts only; no Claude CLI) ollama=gemma4:e2b (christ gen + task_followup unless --no-followup)
Reopened T-0113.
=== 2026-04-10T03:27:47Z start Worker001 ===
[Worker001] checking for pending tasks…
  push failed (non-fatal): Command '['git', 'push', 'origin', 'main']' returned non-zero exit status 1.
[Worker001] T-0113 no dispatch rule — reopened.
[Worker001] claimed T-0113: Donaldson — 1_chronicles_1: add commentary JSON
[Worker001] models: backend=dispatch (local pipeline scripts only; no Claude CLI) ollama=gemma4:e2b (christ gen + task_followup unless --no-followup)
=== 2026-04-10T03:27:50Z start Worker001 ===
[Worker001] checking for pending tasks…
[Worker001] claimed T-0113: Donaldson — 1_chronicles_1: add commentary JSON
[Worker001] models: backend=dispatch (local pipeline scripts only; no Claude CLI) ollama=gemma4:e2b (christ gen + task_followup unless --no-followup)
Reopened T-0113.
Reopened T-0113.
=== 2026-04-10T03:27:54Z start Worker001 ===
  pushed to origin
[Worker001] T-0113 no dispatch rule — reopened.
[Worker001] checking for pending tasks…
[Worker001] claimed T-0113: Donaldson — 1_chronicles_1: add commentary JSON
[Worker001] models: backend=dispatch (local pipeline scripts only; no Claude CLI) ollama=gemma4:e2b (christ gen + task_followup unless --no-followup)
  pushed to origin
[Worker001] T-0113 no dispatch rule — reopened.
Reopened T-0113.
  pushed to origin
[Worker001] T-0113 no dispatch rule — reopened.
=== 2026-04-10T03:28:13Z start Worker001 ===
[Worker001] checking for pending tasks…
[Worker001] claimed T-0113: Donaldson — 1_chronicles_1: add commentary JSON
[Worker001] models: backend=dispatch (local pipeline scripts only; no Claude CLI) ollama=gemma4:e2b (christ gen + task_followup unless --no-followup)
=== 2026-04-10T03:28:15Z start Worker001 ===
[Worker001] checking for pending tasks…
[Worker001] claimed T-0113: Donaldson — 1_chronicles_1: add commentary JSON
[Worker001] models: backend=dispatch (local pipeline scripts only; no Claude CLI) ollama=gemma4:e2b (christ gen + task_followup unless --no-followup)
Reopened T-0113.
=== 2026-04-10T03:28:18Z start Worker001 ===
  pushed to origin
[Worker001] T-0113 no dispatch rule — reopened.
[Worker001] checking for pending tasks…
Reopened T-0113.
[Worker001] claimed T-0113: Donaldson — 1_chronicles_1: add commentary JSON
[Worker001] models: backend=dispatch (local pipeline scripts only; no Claude CLI) ollama=gemma4:e2b (christ gen + task_followup unless --no-followup)
  push failed (non-fatal): Command '['git', 'push', 'origin', 'main']' returned non-zero exit status 1.
[Worker001] T-0113 no dispatch rule — reopened.
Reopened T-0113.
=== 2026-04-10T03:28:22Z start Worker001 ===
[Worker001] checking for pending tasks…
[Worker001] claimed T-0113: Donaldson — 1_chronicles_1: add commentary JSON
[Worker001] models: backend=dispatch (local pipeline scripts only; no Claude CLI) ollama=gemma4:e2b (christ gen + task_followup unless --no-followup)
  pushed to origin
[Worker001] T-0113 no dispatch rule — reopened.
Reopened T-0113.
  push failed (non-fatal): Command '['git', 'push', 'origin', 'main']' returned non-zero exit status 1.
[Worker001] T-0113 no dispatch rule — reopened.
=== 2026-04-10T03:28:42Z start Worker001 ===
[Worker001] checking for pending tasks…
[Worker001] claimed T-0113: Donaldson — 1_chronicles_1: add commentary JSON
[Worker001] models: backend=dispatch (local pipeline scripts only; no Claude CLI) ollama=gemma4:e2b (christ gen + task_followup unless --no-followup)
Reopened T-0113.
=== 2026-04-10T03:28:43Z start Worker001 ===
[Worker001] checking for pending tasks…
[Worker001] claimed T-0113: Donaldson — 1_chronicles_1: add commentary JSON
[Worker001] models: backend=dispatch (local pipeline scripts only; no Claude CLI) ollama=gemma4:e2b (christ gen + task_followup unless --no-followup)
Reopened T-0113.
=== 2026-04-10T03:28:43Z start Worker001 ===
[Worker001] checking for pending tasks…
[Worker001] claimed T-0113: Donaldson — 1_chronicles_1: add commentary JSON
[Worker001] models: backend=dispatch (local pipeline scripts only; no Claude CLI) ollama=gemma4:e2b (christ gen + task_followup unless --no-followup)
Reopened T-0113.
  push failed (non-fatal): Command '['git', 'push', 'origin', 'main']' returned non-zero exit status 1.
[Worker001] T-0113 no dispatch rule — reopened.
  pushed to origin
[Worker001] T-0113 no dispatch rule — reopened.
  push failed (non-fatal): Command '['git', 'push', 'origin', 'main']' returned non-zero exit status 1.
[Worker001] T-0113 no dispatch rule — reopened.
=== 2026-04-10T03:28:49Z start Worker001 ===
[Worker001] checking for pending tasks…
[Worker001] claimed T-0113: Donaldson — 1_chronicles_1: add commentary JSON
[Worker001] models: backend=dispatch (local pipeline scripts only; no Claude CLI) ollama=gemma4:e2b (christ gen + task_followup unless --no-followup)
Reopened T-0113.
  push failed (non-fatal): Command '['git', 'push', 'origin', 'main']' returned non-zero exit status 1.
[Worker001] T-0113 no dispatch rule — reopened.
=== 2026-04-10T03:29:09Z start Worker001 ===
[Worker001] checking for pending tasks…
[Worker001] claimed T-0113: Donaldson — 1_chronicles_1: add commentary JSON
[Worker001] models: backend=dispatch (local pipeline scripts only; no Claude CLI) ollama=gemma4:e2b (christ gen + task_followup unless --no-followup)
Reopened T-0113.
=== 2026-04-10T03:29:10Z start Worker001 ===
[Worker001] checking for pending tasks…
=== 2026-04-10T03:29:10Z start Worker001 ===
[Worker001] checking for pending tasks…
[Worker001] claimed T-0113: Donaldson — 1_chronicles_1: add commentary JSON
[Worker001] models: backend=dispatch (local pipeline scripts only; no Claude CLI) ollama=gemma4:e2b (christ gen + task_followup unless --no-followup)
[Worker001] claimed T-0117: Donaldson — 1_chronicles_10: add commentary JSON
[Worker001] models: backend=dispatch (local pipeline scripts only; no Claude CLI) ollama=gemma4:e2b (christ gen + task_followup unless --no-followup)
Reopened T-0113.
Reopened T-0117.
  pushed to origin
[Worker001] T-0113 no dispatch rule — reopened.
  push failed (non-fatal): Command '['git', 'push', 'origin', 'main']' returned non-zero exit status 1.
[Worker001] T-0113 no dispatch rule — reopened.
  push failed (non-fatal): Command '['git', 'push', 'origin', 'main']' returned non-zero exit status 1.
[Worker001] T-0117 no dispatch rule — reopened.
=== 2026-04-10T03:29:17Z start Worker001 ===
[Worker001] checking for pending tasks…
[Worker001] claimed T-0113: Donaldson — 1_chronicles_1: add commentary JSON
[Worker001] models: backend=dispatch (local pipeline scripts only; no Claude CLI) ollama=gemma4:e2b (christ gen + task_followup unless --no-followup)
Reopened T-0113.
  [ledger] pushed to origin
  pushed to origin
[Worker001] T-0113 no dispatch rule — reopened.
=== 2026-04-10T03:29:37Z start Worker001 ===
=== 2026-04-10T03:29:37Z start Worker001 ===
[Worker001] checking for pending tasks…
[Worker001] checking for pending tasks…
[Worker001] claimed T-0113: Donaldson — 1_chronicles_1: add commentary JSON
[Worker001] models: backend=dispatch (local pipeline scripts only; no Claude CLI) ollama=gemma4:e2b (christ gen + task_followup unless --no-followup)
[Worker001] claimed T-0113: Donaldson — 1_chronicles_1: add commentary JSON
[Worker001] models: backend=dispatch (local pipeline scripts only; no Claude CLI) ollama=gemma4:e2b (christ gen + task_followup unless --no-followup)
Reopened T-0113.
Reopened T-0113.
=== 2026-04-10T03:29:38Z start Worker001 ===
[Worker001] checking for pending tasks…
[Worker001] claimed T-0113: Donaldson — 1_chronicles_1: add commentary JSON
[Worker001] models: backend=dispatch (local pipeline scripts only; no Claude CLI) ollama=gemma4:e2b (christ gen + task_followup unless --no-followup)
Reopened T-0113.
  push failed (non-fatal): Command '['git', 'push', 'origin', 'main']' returned non-zero exit status 1.
[Worker001] T-0113 no dispatch rule — reopened.
  push failed (non-fatal): Command '['git', 'push', 'origin', 'main']' returned non-zero exit status 1.
[Worker001] T-0113 no dispatch rule — reopened.
  push failed (non-fatal): Command '['git', 'push', 'origin', 'main']' returned non-zero exit status 1.
[Worker001] T-0113 no dispatch rule — reopened.
=== 2026-04-10T03:29:45Z start Worker001 ===
[Worker001] checking for pending tasks…
[Worker001] claimed T-0113: Donaldson — 1_chronicles_1: add commentary JSON
[Worker001] models: backend=dispatch (local pipeline scripts only; no Claude CLI) ollama=gemma4:e2b (christ gen + task_followup unless --no-followup)
Reopened T-0113.
  pushed to origin
[Worker001] T-0113 no dispatch rule — reopened.
=== 2026-04-10T03:30:03Z start Worker001 ===
[Worker001] checking for pending tasks…
[Worker001] claimed T-0113: Donaldson — 1_chronicles_1: add commentary JSON
[Worker001] models: backend=dispatch (local pipeline scripts only; no Claude CLI) ollama=gemma4:e2b (christ gen + task_followup unless --no-followup)
Reopened T-0113.
=== 2026-04-10T03:30:05Z start Worker001 ===
[Worker001] checking for pending tasks…
  push failed (non-fatal): Command '['git', 'push', 'origin', 'main']' returned non-zero exit status 1.
[Worker001] T-0113 no dispatch rule — reopened.
[Worker001] claimed T-0113: Donaldson — 1_chronicles_1: add commentary JSON
[Worker001] models: backend=dispatch (local pipeline scripts only; no Claude CLI) ollama=gemma4:e2b (christ gen + task_followup unless --no-followup)
Reopened T-0113.
=== 2026-04-10T03:30:07Z start Worker001 ===
[Worker001] checking for pending tasks…
[Worker001] claimed T-0113: Donaldson — 1_chronicles_1: add commentary JSON
[Worker001] models: backend=dispatch (local pipeline scripts only; no Claude CLI) ollama=gemma4:e2b (christ gen + task_followup unless --no-followup)
Reopened T-0113.
  push failed (non-fatal): Command '['git', 'push', 'origin', 'main']' returned non-zero exit status 1.
[Worker001] T-0113 no dispatch rule — reopened.
  push failed (non-fatal): Command '['git', 'push', 'origin', 'main']' returned non-zero exit status 1.
[Worker001] T-0113 no dispatch rule — reopened.
=== 2026-04-10T03:30:13Z start Worker001 ===
[Worker001] checking for pending tasks…
[Worker001] claimed T-0113: Donaldson — 1_chronicles_1: add commentary JSON
[Worker001] models: backend=dispatch (local pipeline scripts only; no Claude CLI) ollama=gemma4:e2b (christ gen + task_followup unless --no-followup)
Reopened T-0113.
  [ledger] pushed to origin
  pushed to origin
[Worker001] T-0113 no dispatch rule — reopened.
=== 2026-04-10T03:30:31Z start Worker001 ===
[Worker001] checking for pending tasks…
[Worker001] claimed T-0113: Donaldson — 1_chronicles_1: add commentary JSON
[Worker001] models: backend=dispatch (local pipeline scripts only; no Claude CLI) ollama=gemma4:e2b (christ gen + task_followup unless --no-followup)
Reopened T-0113.
  push failed (non-fatal): Command '['git', 'push', 'origin', 'main']' returned non-zero exit status 1.
[Worker001] T-0113 no dispatch rule — reopened.
=== 2026-04-10T03:30:34Z start Worker001 ===
[Worker001] checking for pending tasks…
[Worker001] claimed T-0113: Donaldson — 1_chronicles_1: add commentary JSON
[Worker001] models: backend=dispatch (local pipeline scripts only; no Claude CLI) ollama=gemma4:e2b (christ gen + task_followup unless --no-followup)
Reopened T-0113.
=== 2026-04-10T03:30:35Z start Worker001 ===
[Worker001] checking for pending tasks…
[Worker001] claimed T-0113: Donaldson — 1_chronicles_1: add commentary JSON
[Worker001] models: backend=dispatch (local pipeline scripts only; no Claude CLI) ollama=gemma4:e2b (christ gen + task_followup unless --no-followup)
  pushed to origin
[Worker001] T-0113 no dispatch rule — reopened.
Reopened T-0113.
  pushed to origin
[Worker001] T-0113 no dispatch rule — reopened.
=== 2026-04-10T03:30:41Z start Worker001 ===
[Worker001] checking for pending tasks…
[Worker001] claimed T-0113: Donaldson — 1_chronicles_1: add commentary JSON
[Worker001] models: backend=dispatch (local pipeline scripts only; no Claude CLI) ollama=gemma4:e2b (christ gen + task_followup unless --no-followup)
Reopened T-0113.
  push failed (non-fatal): Command '['git', 'push', 'origin', 'main']' returned non-zero exit status 1.
[Worker001] T-0113 no dispatch rule — reopened.
=== 2026-04-10T03:30:59Z start Worker001 ===
=== 2026-04-10T03:30:59Z start Worker001 ===
[Worker001] checking for pending tasks…
[Worker001] checking for pending tasks…
[Worker001] claimed T-0113: Donaldson — 1_chronicles_1: add commentary JSON
[Worker001] models: backend=dispatch (local pipeline scripts only; no Claude CLI) ollama=gemma4:e2b (christ gen + task_followup unless --no-followup)
[Worker001] claimed T-0113: Donaldson — 1_chronicles_1: add commentary JSON
[Worker001] models: backend=dispatch (local pipeline scripts only; no Claude CLI) ollama=gemma4:e2b (christ gen + task_followup unless --no-followup)
Reopened T-0113.
Reopened T-0113.
  pushed to origin
[Worker001] T-0113 no dispatch rule — reopened.
  push failed (non-fatal): Command '['git', 'push', 'origin', 'main']' returned non-zero exit status 1.
[Worker001] T-0113 no dispatch rule — reopened.
=== 2026-04-10T03:31:03Z start Worker001 ===
[Worker001] checking for pending tasks…
[Worker001] claimed T-0113: Donaldson — 1_chronicles_1: add commentary JSON
[Worker001] models: backend=dispatch (local pipeline scripts only; no Claude CLI) ollama=gemma4:e2b (christ gen + task_followup unless --no-followup)
Reopened T-0113.
  push failed (non-fatal): Command '['git', 'push', 'origin', 'main']' returned non-zero exit status 1.
[Worker001] T-0113 no dispatch rule — reopened.
=== 2026-04-10T03:31:09Z start Worker001 ===
[Worker001] checking for pending tasks…
[Worker001] claimed T-0113: Donaldson — 1_chronicles_1: add commentary JSON
[Worker001] models: backend=dispatch (local pipeline scripts only; no Claude CLI) ollama=gemma4:e2b (christ gen + task_followup unless --no-followup)
Reopened T-0113.
  push failed (non-fatal): Command '['git', 'push', 'origin', 'main']' returned non-zero exit status 1.
[Worker001] T-0113 no dispatch rule — reopened.
=== 2026-04-10T03:31:24Z start Worker001 ===
[Worker001] checking for pending tasks…
[Worker001] claimed T-0113: Donaldson — 1_chronicles_1: add commentary JSON
[Worker001] models: backend=dispatch (local pipeline scripts only; no Claude CLI) ollama=gemma4:e2b (christ gen + task_followup unless --no-followup)
Reopened T-0113.
  push failed (non-fatal): Command '['git', 'push', 'origin', 'main']' returned non-zero exit status 1.
[Worker001] T-0113 no dispatch rule — reopened.
=== 2026-04-10T03:31:28Z start Worker001 ===
[Worker001] checking for pending tasks…
[Worker001] claimed T-0113: Donaldson — 1_chronicles_1: add commentary JSON
[Worker001] models: backend=dispatch (local pipeline scripts only; no Claude CLI) ollama=gemma4:e2b (christ gen + task_followup unless --no-followup)
Reopened T-0113.
  push failed (non-fatal): Command '['git', 'push', 'origin', 'main']' returned non-zero exit status 1.
[Worker001] T-0113 no dispatch rule — reopened.
=== 2026-04-10T03:31:31Z start Worker001 ===
[Worker001] checking for pending tasks…
[Worker001] claimed T-0113: Donaldson — 1_chronicles_1: add commentary JSON
[Worker001] models: backend=dispatch (local pipeline scripts only; no Claude CLI) ollama=gemma4:e2b (christ gen + task_followup unless --no-followup)
=== 2026-04-10T03:31:37Z start Worker001 ===
[Worker001] checking for pending tasks…
Reopened T-0113.
  [ledger] pushed to origin
[Worker001] claimed T-0113: Donaldson — 1_chronicles_1: add commentary JSON
[Worker001] models: backend=dispatch (local pipeline scripts only; no Claude CLI) ollama=gemma4:e2b (christ gen + task_followup unless --no-followup)
Reopened T-0113.
  pushed to origin
[Worker001] T-0113 no dispatch rule — reopened.
  push failed (non-fatal): Command '['git', 'push', 'origin', 'main']' returned non-zero exit status 1.
[Worker001] T-0113 no dispatch rule — reopened.
=== 2026-04-10T03:31:51Z start Worker001 ===
[Worker001] checking for pending tasks…
[Worker001] claimed T-0113: Donaldson — 1_chronicles_1: add commentary JSON
[Worker001] models: backend=dispatch (local pipeline scripts only; no Claude CLI) ollama=gemma4:e2b (christ gen + task_followup unless --no-followup)
=== 2026-04-10T03:31:56Z start Worker001 ===
[Worker001] checking for pending tasks…
[Worker001] claimed T-0113: Donaldson — 1_chronicles_1: add commentary JSON
[Worker001] models: backend=dispatch (local pipeline scripts only; no Claude CLI) ollama=gemma4:e2b (christ gen + task_followup unless --no-followup)
Reopened T-0113.
Reopened T-0113.
  [ledger] pushed to origin
  push failed (non-fatal): Command '['git', 'push', 'origin', 'main']' returned non-zero exit status 1.
[Worker001] T-0113 no dispatch rule — reopened.
  pushed to origin
[Worker001] T-0113 no dispatch rule — reopened.
=== 2026-04-10T03:31:59Z start Worker001 ===
[Worker001] checking for pending tasks…
[Worker001] claimed T-0113: Donaldson — 1_chronicles_1: add commentary JSON
[Worker001] models: backend=dispatch (local pipeline scripts only; no Claude CLI) ollama=gemma4:e2b (christ gen + task_followup unless --no-followup)
Reopened T-0113.
  push failed (non-fatal): Command '['git', 'push', 'origin', 'main']' returned non-zero exit status 1.
[Worker001] T-0113 no dispatch rule — reopened.
=== 2026-04-10T03:32:05Z start Worker001 ===
[Worker001] checking for pending tasks…
[Worker001] claimed T-0113: Donaldson — 1_chronicles_1: add commentary JSON
[Worker001] models: backend=dispatch (local pipeline scripts only; no Claude CLI) ollama=gemma4:e2b (christ gen + task_followup unless --no-followup)
Reopened T-0113.
  push failed (non-fatal): Command '['git', 'push', 'origin', 'main']' returned non-zero exit status 1.
[Worker001] T-0113 no dispatch rule — reopened.
=== 2026-04-10T03:32:19Z start Worker001 ===
[Worker001] checking for pending tasks…
[Worker001] claimed T-0113: Donaldson — 1_chronicles_1: add commentary JSON
[Worker001] models: backend=dispatch (local pipeline scripts only; no Claude CLI) ollama=gemma4:e2b (christ gen + task_followup unless --no-followup)
Reopened T-0113.
  pushed to origin
[Worker001] T-0113 no dispatch rule — reopened.
=== 2026-04-10T03:32:23Z start Worker001 ===
[Worker001] checking for pending tasks…
[Worker001] claimed T-0113: Donaldson — 1_chronicles_1: add commentary JSON
[Worker001] models: backend=dispatch (local pipeline scripts only; no Claude CLI) ollama=gemma4:e2b (christ gen + task_followup unless --no-followup)
Reopened T-0113.
=== 2026-04-10T03:32:27Z start Worker001 ===
[Worker001] checking for pending tasks…
[Worker001] claimed T-0113: Donaldson — 1_chronicles_1: add commentary JSON
[Worker001] models: backend=dispatch (local pipeline scripts only; no Claude CLI) ollama=gemma4:e2b (christ gen + task_followup unless --no-followup)
Reopened T-0113.
  pushed to origin
[Worker001] T-0113 no dispatch rule — reopened.
  push failed (non-fatal): Command '['git', 'push', 'origin', 'main']' returned non-zero exit status 1.
[Worker001] T-0113 no dispatch rule — reopened.
=== 2026-04-10T03:32:32Z start Worker001 ===
[Worker001] checking for pending tasks…
[Worker001] claimed T-0113: Donaldson — 1_chronicles_1: add commentary JSON
[Worker001] models: backend=dispatch (local pipeline scripts only; no Claude CLI) ollama=gemma4:e2b (christ gen + task_followup unless --no-followup)
Reopened T-0113.
  push failed (non-fatal): Command '['git', 'push', 'origin', 'main']' returned non-zero exit status 1.
[Worker001] T-0113 no dispatch rule — reopened.
=== 2026-04-10T03:32:47Z start Worker001 ===
[Worker001] checking for pending tasks…
[Worker001] claimed T-0113: Donaldson — 1_chronicles_1: add commentary JSON
[Worker001] models: backend=dispatch (local pipeline scripts only; no Claude CLI) ollama=gemma4:e2b (christ gen + task_followup unless --no-followup)
Reopened T-0113.
=== 2026-04-10T03:32:51Z start Worker001 ===
[Worker001] checking for pending tasks…
[Worker001] claimed T-0113: Donaldson — 1_chronicles_1: add commentary JSON
[Worker001] models: backend=dispatch (local pipeline scripts only; no Claude CLI) ollama=gemma4:e2b (christ gen + task_followup unless --no-followup)
  pushed to origin
[Worker001] T-0113 no dispatch rule — reopened.
Reopened T-0113.
=== 2026-04-10T03:32:55Z start Worker001 ===
[Worker001] checking for pending tasks…
[Worker001] claimed T-0113: Donaldson — 1_chronicles_1: add commentary JSON
[Worker001] models: backend=dispatch (local pipeline scripts only; no Claude CLI) ollama=gemma4:e2b (christ gen + task_followup unless --no-followup)
  pushed to origin
[Worker001] T-0113 no dispatch rule — reopened.
Reopened T-0113.
  pushed to origin
[Worker001] T-0113 no dispatch rule — reopened.
=== 2026-04-10T03:33:00Z start Worker001 ===
[Worker001] checking for pending tasks…
[Worker001] claimed T-0113: Donaldson — 1_chronicles_1: add commentary JSON
[Worker001] models: backend=dispatch (local pipeline scripts only; no Claude CLI) ollama=gemma4:e2b (christ gen + task_followup unless --no-followup)
Reopened T-0113.
  [ledger] pushed to origin
  pushed to origin
[Worker001] T-0113 no dispatch rule — reopened.
=== 2026-04-10T03:33:15Z start Worker001 ===
[Worker001] checking for pending tasks…
[Worker001] claimed T-0113: Donaldson — 1_chronicles_1: add commentary JSON
[Worker001] models: backend=dispatch (local pipeline scripts only; no Claude CLI) ollama=gemma4:e2b (christ gen + task_followup unless --no-followup)
Reopened T-0113.
  push failed (non-fatal): Command '['git', 'push', 'origin', 'main']' returned non-zero exit status 1.
[Worker001] T-0113 no dispatch rule — reopened.
=== 2026-04-10T03:33:19Z start Worker001 ===
[Worker001] checking for pending tasks…
[Worker001] claimed T-0113: Donaldson — 1_chronicles_1: add commentary JSON
[Worker001] models: backend=dispatch (local pipeline scripts only; no Claude CLI) ollama=gemma4:e2b (christ gen + task_followup unless --no-followup)
=== 2026-04-10T03:33:23Z start Worker001 ===
[Worker001] checking for pending tasks…
[Worker001] claimed T-0113: Donaldson — 1_chronicles_1: add commentary JSON
[Worker001] models: backend=dispatch (local pipeline scripts only; no Claude CLI) ollama=gemma4:e2b (christ gen + task_followup unless --no-followup)
Reopened T-0113.
  [ledger] pushed to origin
Reopened T-0113.
  pushed to origin
[Worker001] T-0113 no dispatch rule — reopened.
  pushed to origin
[Worker001] T-0113 no dispatch rule — reopened.
=== 2026-04-10T03:33:28Z start Worker001 ===
[Worker001] checking for pending tasks…
[Worker001] claimed T-0113: Donaldson — 1_chronicles_1: add commentary JSON
[Worker001] models: backend=dispatch (local pipeline scripts only; no Claude CLI) ollama=gemma4:e2b (christ gen + task_followup unless --no-followup)
Reopened T-0113.
  push failed (non-fatal): Command '['git', 'push', 'origin', 'main']' returned non-zero exit status 1.
[Worker001] T-0113 no dispatch rule — reopened.
=== 2026-04-10T03:33:43Z start Worker001 ===
[Worker001] checking for pending tasks…
[Worker001] claimed T-0113: Donaldson — 1_chronicles_1: add commentary JSON
[Worker001] models: backend=dispatch (local pipeline scripts only; no Claude CLI) ollama=gemma4:e2b (christ gen + task_followup unless --no-followup)
Reopened T-0113.
  push failed (non-fatal): Command '['git', 'push', 'origin', 'main']' returned non-zero exit status 1.
[Worker001] T-0113 no dispatch rule — reopened.
=== 2026-04-10T03:33:47Z start Worker001 ===
[Worker001] checking for pending tasks…
[Worker001] claimed T-0113: Donaldson — 1_chronicles_1: add commentary JSON
[Worker001] models: backend=dispatch (local pipeline scripts only; no Claude CLI) ollama=gemma4:e2b (christ gen + task_followup unless --no-followup)
Reopened T-0113.
  push failed (non-fatal): Command '['git', 'push', 'origin', 'main']' returned non-zero exit status 1.
[Worker001] T-0113 no dispatch rule — reopened.
=== 2026-04-10T03:33:52Z start Worker001 ===
[Worker001] checking for pending tasks…
[Worker001] claimed T-0113: Donaldson — 1_chronicles_1: add commentary JSON
[Worker001] models: backend=dispatch (local pipeline scripts only; no Claude CLI) ollama=gemma4:e2b (christ gen + task_followup unless --no-followup)
=== 2026-04-10T03:33:56Z start Worker001 ===
[Worker001] checking for pending tasks…
[Worker001] claimed T-0113: Donaldson — 1_chronicles_1: add commentary JSON
[Worker001] models: backend=dispatch (local pipeline scripts only; no Claude CLI) ollama=gemma4:e2b (christ gen + task_followup unless --no-followup)
Reopened T-0113.
Reopened T-0113.
  [ledger] pushed to origin
  push failed (non-fatal): Command '['git', 'push', 'origin', 'main']' returned non-zero exit status 1.
[Worker001] T-0113 no dispatch rule — reopened.
  pushed to origin
[Worker001] T-0113 no dispatch rule — reopened.
=== 2026-04-10T03:34:11Z start Worker001 ===
[Worker001] checking for pending tasks…
[Worker001] claimed T-0113: Donaldson — 1_chronicles_1: add commentary JSON
[Worker001] models: backend=dispatch (local pipeline scripts only; no Claude CLI) ollama=gemma4:e2b (christ gen + task_followup unless --no-followup)
=== 2026-04-10T03:34:16Z start Worker001 ===
[Worker001] checking for pending tasks…
[Worker001] claimed T-0113: Donaldson — 1_chronicles_1: add commentary JSON
[Worker001] models: backend=dispatch (local pipeline scripts only; no Claude CLI) ollama=gemma4:e2b (christ gen + task_followup unless --no-followup)
Reopened T-0113.
Reopened T-0113.
  [ledger] pushed to origin
  push failed (non-fatal): Command '['git', 'push', 'origin', 'main']' returned non-zero exit status 1.
[Worker001] T-0113 no dispatch rule — reopened.
  push failed (non-fatal): Command '['git', 'push', 'origin', 'main']' returned non-zero exit status 1.
[Worker001] T-0113 no dispatch rule — reopened.
=== 2026-04-10T03:34:20Z start Worker001 ===
[Worker001] checking for pending tasks…
[Worker001] claimed T-0113: Donaldson — 1_chronicles_1: add commentary JSON
[Worker001] models: backend=dispatch (local pipeline scripts only; no Claude CLI) ollama=gemma4:e2b (christ gen + task_followup unless --no-followup)
Reopened T-0113.
  push failed (non-fatal): Command '['git', 'push', 'origin', 'main']' returned non-zero exit status 1.
[Worker001] T-0113 no dispatch rule — reopened.
=== 2026-04-10T03:34:24Z start Worker001 ===
[Worker001] checking for pending tasks…
[Worker001] claimed T-0113: Donaldson — 1_chronicles_1: add commentary JSON
[Worker001] models: backend=dispatch (local pipeline scripts only; no Claude CLI) ollama=gemma4:e2b (christ gen + task_followup unless --no-followup)
Reopened T-0113.
  push failed (non-fatal): Command '['git', 'push', 'origin', 'main']' returned non-zero exit status 1.
[Worker001] T-0113 no dispatch rule — reopened.
=== 2026-04-10T03:34:40Z start Worker001 ===
[Worker001] checking for pending tasks…
[Worker001] claimed T-0113: Donaldson — 1_chronicles_1: add commentary JSON
[Worker001] models: backend=dispatch (local pipeline scripts only; no Claude CLI) ollama=gemma4:e2b (christ gen + task_followup unless --no-followup)
=== 2026-04-10T03:34:44Z start Worker001 ===
[Worker001] checking for pending tasks…
[Worker001] claimed T-0113: Donaldson — 1_chronicles_1: add commentary JSON
[Worker001] models: backend=dispatch (local pipeline scripts only; no Claude CLI) ollama=gemma4:e2b (christ gen + task_followup unless --no-followup)
Reopened T-0113.
Reopened T-0113.
  [ledger] pushed to origin
  push failed (non-fatal): Command '['git', 'push', 'origin', 'main']' returned non-zero exit status 1.
[Worker001] T-0113 no dispatch rule — reopened.
  pushed to origin
[Worker001] T-0113 no dispatch rule — reopened.
=== 2026-04-10T03:34:48Z start Worker001 ===
[Worker001] checking for pending tasks…
[Worker001] claimed T-0113: Donaldson — 1_chronicles_1: add commentary JSON
[Worker001] models: backend=dispatch (local pipeline scripts only; no Claude CLI) ollama=gemma4:e2b (christ gen + task_followup unless --no-followup)
Reopened T-0113.
  push failed (non-fatal): Command '['git', 'push', 'origin', 'main']' returned non-zero exit status 1.
[Worker001] T-0113 no dispatch rule — reopened.
=== 2026-04-10T03:34:52Z start Worker001 ===
[Worker001] checking for pending tasks…
[Worker001] claimed T-0113: Donaldson — 1_chronicles_1: add commentary JSON
[Worker001] models: backend=dispatch (local pipeline scripts only; no Claude CLI) ollama=gemma4:e2b (christ gen + task_followup unless --no-followup)
Reopened T-0113.
  [ledger] pushed to origin
  pushed to origin
[Worker001] T-0113 no dispatch rule — reopened.
=== 2026-04-10T03:35:08Z start Worker001 ===
[Worker001] checking for pending tasks…
[Worker001] claimed T-0113: Donaldson — 1_chronicles_1: add commentary JSON
[Worker001] models: backend=dispatch (local pipeline scripts only; no Claude CLI) ollama=gemma4:e2b (christ gen + task_followup unless --no-followup)
Reopened T-0113.
=== 2026-04-10T03:35:12Z start Worker001 ===
[Worker001] checking for pending tasks…
  pushed to origin
[Worker001] T-0113 no dispatch rule — reopened.
[Worker001] claimed T-0113: Donaldson — 1_chronicles_1: add commentary JSON
[Worker001] models: backend=dispatch (local pipeline scripts only; no Claude CLI) ollama=gemma4:e2b (christ gen + task_followup unless --no-followup)
=== 2026-04-10T03:35:17Z start Worker001 ===
[Worker001] checking for pending tasks…
[Worker001] claimed T-0113: Donaldson — 1_chronicles_1: add commentary JSON
[Worker001] models: backend=dispatch (local pipeline scripts only; no Claude CLI) ollama=gemma4:e2b (christ gen + task_followup unless --no-followup)
Reopened T-0113.
Reopened T-0113.
  [ledger] pushed to origin
  pushed to origin
[Worker001] T-0113 no dispatch rule — reopened.
  push failed (non-fatal): Command '['git', 'push', 'origin', 'main']' returned non-zero exit status 1.
[Worker001] T-0113 no dispatch rule — reopened.
=== 2026-04-10T03:35:20Z start Worker001 ===
[Worker001] checking for pending tasks…
[Worker001] claimed T-0113: Donaldson — 1_chronicles_1: add commentary JSON
[Worker001] models: backend=dispatch (local pipeline scripts only; no Claude CLI) ollama=gemma4:e2b (christ gen + task_followup unless --no-followup)
Reopened T-0113.
  [ledger] pushed to origin
  pushed to origin
[Worker001] T-0113 no dispatch rule — reopened.
=== 2026-04-10T03:35:36Z start Worker001 ===
[Worker001] checking for pending tasks…
[Worker001] claimed T-0113: Donaldson — 1_chronicles_1: add commentary JSON
[Worker001] models: backend=dispatch (local pipeline scripts only; no Claude CLI) ollama=gemma4:e2b (christ gen + task_followup unless --no-followup)
Reopened T-0113.
  pushed to origin
[Worker001] T-0113 no dispatch rule — reopened.
=== 2026-04-10T03:35:40Z start Worker001 ===
[Worker001] checking for pending tasks…
[Worker001] claimed T-0113: Donaldson — 1_chronicles_1: add commentary JSON
[Worker001] models: backend=dispatch (local pipeline scripts only; no Claude CLI) ollama=gemma4:e2b (christ gen + task_followup unless --no-followup)
Reopened T-0113.
  push failed (non-fatal): Command '['git', 'push', 'origin', 'main']' returned non-zero exit status 1.
[Worker001] T-0113 no dispatch rule — reopened.
=== 2026-04-10T03:35:44Z start Worker001 ===
[Worker001] checking for pending tasks…
[Worker001] claimed T-0113: Donaldson — 1_chronicles_1: add commentary JSON
[Worker001] models: backend=dispatch (local pipeline scripts only; no Claude CLI) ollama=gemma4:e2b (christ gen + task_followup unless --no-followup)
Reopened T-0113.
  push failed (non-fatal): Command '['git', 'push', 'origin', 'main']' returned non-zero exit status 1.
[Worker001] T-0113 no dispatch rule — reopened.
=== 2026-04-10T03:35:47Z start Worker001 ===
[Worker001] checking for pending tasks…
[Worker001] claimed T-0113: Donaldson — 1_chronicles_1: add commentary JSON
[Worker001] models: backend=dispatch (local pipeline scripts only; no Claude CLI) ollama=gemma4:e2b (christ gen + task_followup unless --no-followup)
Reopened T-0113.
  [ledger] pushed to origin
  pushed to origin
[Worker001] T-0113 no dispatch rule — reopened.
=== 2026-04-10T03:36:05Z start Worker001 ===
[Worker001] checking for pending tasks…
[Worker001] claimed T-0113: Donaldson — 1_chronicles_1: add commentary JSON
[Worker001] models: backend=dispatch (local pipeline scripts only; no Claude CLI) ollama=gemma4:e2b (christ gen + task_followup unless --no-followup)
Reopened T-0113.
  push failed (non-fatal): Command '['git', 'push', 'origin', 'main']' returned non-zero exit status 1.
[Worker001] T-0113 no dispatch rule — reopened.
=== 2026-04-10T03:36:08Z start Worker001 ===
[Worker001] checking for pending tasks…
[Worker001] claimed T-0113: Donaldson — 1_chronicles_1: add commentary JSON
[Worker001] models: backend=dispatch (local pipeline scripts only; no Claude CLI) ollama=gemma4:e2b (christ gen + task_followup unless --no-followup)
Reopened T-0113.
=== 2026-04-10T03:36:13Z start Worker001 ===
[Worker001] checking for pending tasks…
  pushed to origin
[Worker001] T-0113 no dispatch rule — reopened.
[Worker001] claimed T-0113: Donaldson — 1_chronicles_1: add commentary JSON
[Worker001] models: backend=dispatch (local pipeline scripts only; no Claude CLI) ollama=gemma4:e2b (christ gen + task_followup unless --no-followup)
=== 2026-04-10T03:36:17Z start Worker001 ===
[Worker001] checking for pending tasks…
[Worker001] claimed T-0113: Donaldson — 1_chronicles_1: add commentary JSON
[Worker001] models: backend=dispatch (local pipeline scripts only; no Claude CLI) ollama=gemma4:e2b (christ gen + task_followup unless --no-followup)
Reopened T-0113.
Reopened T-0113.
  [ledger] pushed to origin
  push failed (non-fatal): Command '['git', 'push', 'origin', 'main']' returned non-zero exit status 1.
[Worker001] T-0113 no dispatch rule — reopened.
  pushed to origin
[Worker001] T-0113 no dispatch rule — reopened.
=== 2026-04-10T03:36:34Z start Worker001 ===
[Worker001] checking for pending tasks…
[Worker001] claimed T-0113: Donaldson — 1_chronicles_1: add commentary JSON
[Worker001] models: backend=dispatch (local pipeline scripts only; no Claude CLI) ollama=gemma4:e2b (christ gen + task_followup unless --no-followup)
Reopened T-0113.
=== 2026-04-10T03:36:37Z start Worker001 ===
[Worker001] checking for pending tasks…
  push failed (non-fatal): Command '['git', 'push', 'origin', 'main']' returned non-zero exit status 1.
[Worker001] T-0113 no dispatch rule — reopened.
[Worker001] claimed T-0113: Donaldson — 1_chronicles_1: add commentary JSON
[Worker001] models: backend=dispatch (local pipeline scripts only; no Claude CLI) ollama=gemma4:e2b (christ gen + task_followup unless --no-followup)
Reopened T-0113.
  push failed (non-fatal): Command '['git', 'push', 'origin', 'main']' returned non-zero exit status 1.
[Worker001] T-0113 no dispatch rule — reopened.
=== 2026-04-10T03:36:42Z start Worker001 ===
[Worker001] checking for pending tasks…
[Worker001] claimed T-0113: Donaldson — 1_chronicles_1: add commentary JSON
[Worker001] models: backend=dispatch (local pipeline scripts only; no Claude CLI) ollama=gemma4:e2b (christ gen + task_followup unless --no-followup)
Reopened T-0113.
  push failed (non-fatal): Command '['git', 'push', 'origin', 'main']' returned non-zero exit status 1.
[Worker001] T-0113 no dispatch rule — reopened.
=== 2026-04-10T03:36:46Z start Worker001 ===
[Worker001] checking for pending tasks…
[Worker001] claimed T-0113: Donaldson — 1_chronicles_1: add commentary JSON
[Worker001] models: backend=dispatch (local pipeline scripts only; no Claude CLI) ollama=gemma4:e2b (christ gen + task_followup unless --no-followup)
Reopened T-0113.
  push failed (non-fatal): Command '['git', 'push', 'origin', 'main']' returned non-zero exit status 1.
[Worker001] T-0113 no dispatch rule — reopened.
=== 2026-04-10T03:37:04Z start Worker001 ===
[Worker001] checking for pending tasks…
[Worker001] claimed T-0113: Donaldson — 1_chronicles_1: add commentary JSON
[Worker001] models: backend=dispatch (local pipeline scripts only; no Claude CLI) ollama=gemma4:e2b (christ gen + task_followup unless --no-followup)
=== 2026-04-10T03:37:07Z start Worker001 ===
[Worker001] checking for pending tasks…
[Worker001] claimed T-0113: Donaldson — 1_chronicles_1: add commentary JSON
[Worker001] models: backend=dispatch (local pipeline scripts only; no Claude CLI) ollama=gemma4:e2b (christ gen + task_followup unless --no-followup)
Reopened T-0113.
=== 2026-04-10T03:37:09Z start Worker001 ===
[Worker001] checking for pending tasks…
[Worker001] claimed T-0113: Donaldson — 1_chronicles_1: add commentary JSON
[Worker001] models: backend=dispatch (local pipeline scripts only; no Claude CLI) ollama=gemma4:e2b (christ gen + task_followup unless --no-followup)
  push failed (non-fatal): Command '['git', 'push', 'origin', 'main']' returned non-zero exit status 1.
[Worker001] T-0113 no dispatch rule — reopened.
Reopened T-0113.
Reopened T-0113.
  [ledger] pushed to origin
  pushed to origin
[Worker001] T-0113 no dispatch rule — reopened.
  push failed (non-fatal): Command '['git', 'push', 'origin', 'main']' returned non-zero exit status 1.
[Worker001] T-0113 no dispatch rule — reopened.
=== 2026-04-10T03:37:15Z start Worker001 ===
[Worker001] checking for pending tasks…
[Worker001] claimed T-0113: Donaldson — 1_chronicles_1: add commentary JSON
[Worker001] models: backend=dispatch (local pipeline scripts only; no Claude CLI) ollama=gemma4:e2b (christ gen + task_followup unless --no-followup)
Reopened T-0113.
  push failed (non-fatal): Command '['git', 'push', 'origin', 'main']' returned non-zero exit status 1.
[Worker001] T-0113 no dispatch rule — reopened.
=== 2026-04-10T03:37:34Z start Worker001 ===
[Worker001] checking for pending tasks…
[Worker001] claimed T-0113: Donaldson — 1_chronicles_1: add commentary JSON
[Worker001] models: backend=dispatch (local pipeline scripts only; no Claude CLI) ollama=gemma4:e2b (christ gen + task_followup unless --no-followup)
Reopened T-0113.
  push failed (non-fatal): Command '['git', 'push', 'origin', 'main']' returned non-zero exit status 1.
[Worker001] T-0113 no dispatch rule — reopened.
=== 2026-04-10T03:37:38Z start Worker001 ===
[Worker001] checking for pending tasks…
[Worker001] claimed T-0113: Donaldson — 1_chronicles_1: add commentary JSON
[Worker001] models: backend=dispatch (local pipeline scripts only; no Claude CLI) ollama=gemma4:e2b (christ gen + task_followup unless --no-followup)
Reopened T-0113.
=== 2026-04-10T03:37:40Z start Worker001 ===
[Worker001] checking for pending tasks…
[Worker001] claimed T-0113: Donaldson — 1_chronicles_1: add commentary JSON
[Worker001] models: backend=dispatch (local pipeline scripts only; no Claude CLI) ollama=gemma4:e2b (christ gen + task_followup unless --no-followup)
  push failed (non-fatal): Command '['git', 'push', 'origin', 'main']' returned non-zero exit status 1.
[Worker001] T-0113 no dispatch rule — reopened.
Reopened T-0113.
  push failed (non-fatal): Command '['git', 'push', 'origin', 'main']' returned non-zero exit status 1.
[Worker001] T-0113 no dispatch rule — reopened.
=== 2026-04-10T03:37:44Z start Worker001 ===
[Worker001] checking for pending tasks…
[Worker001] claimed T-0113: Donaldson — 1_chronicles_1: add commentary JSON
[Worker001] models: backend=dispatch (local pipeline scripts only; no Claude CLI) ollama=gemma4:e2b (christ gen + task_followup unless --no-followup)
Reopened T-0113.
  push failed (non-fatal): Command '['git', 'push', 'origin', 'main']' returned non-zero exit status 1.
[Worker001] T-0113 no dispatch rule — reopened.
=== 2026-04-10T03:38:04Z start Worker001 ===
[Worker001] checking for pending tasks…
[Worker001] claimed T-0113: Donaldson — 1_chronicles_1: add commentary JSON
[Worker001] models: backend=dispatch (local pipeline scripts only; no Claude CLI) ollama=gemma4:e2b (christ gen + task_followup unless --no-followup)
Reopened T-0113.
=== 2026-04-10T03:38:08Z start Worker001 ===
[Worker001] checking for pending tasks…
  pushed to origin
[Worker001] T-0113 no dispatch rule — reopened.
[Worker001] claimed T-0113: Donaldson — 1_chronicles_1: add commentary JSON
[Worker001] models: backend=dispatch (local pipeline scripts only; no Claude CLI) ollama=gemma4:e2b (christ gen + task_followup unless --no-followup)
Reopened T-0113.
=== 2026-04-10T03:38:11Z start Worker001 ===
[Worker001] checking for pending tasks…
[Worker001] claimed T-0113: Donaldson — 1_chronicles_1: add commentary JSON
[Worker001] models: backend=dispatch (local pipeline scripts only; no Claude CLI) ollama=gemma4:e2b (christ gen + task_followup unless --no-followup)
  push failed (non-fatal): Command '['git', 'push', 'origin', 'main']' returned non-zero exit status 1.
[Worker001] T-0113 no dispatch rule — reopened.
=== 2026-04-10T03:38:14Z start Worker001 ===
[Worker001] checking for pending tasks…
[Worker001] claimed T-0113: Donaldson — 1_chronicles_1: add commentary JSON
[Worker001] models: backend=dispatch (local pipeline scripts only; no Claude CLI) ollama=gemma4:e2b (christ gen + task_followup unless --no-followup)
Reopened T-0113.
  push failed (non-fatal): Command '['git', 'push', 'origin', 'main']' returned non-zero exit status 1.
[Worker001] T-0113 no dispatch rule — reopened.
Reopened T-0113.
  pushed to origin
[Worker001] T-0113 no dispatch rule — reopened.
=== 2026-04-10T03:38:34Z start Worker001 ===
[Worker001] checking for pending tasks…
[Worker001] claimed T-0113: Donaldson — 1_chronicles_1: add commentary JSON
[Worker001] models: backend=dispatch (local pipeline scripts only; no Claude CLI) ollama=gemma4:e2b (christ gen + task_followup unless --no-followup)
Reopened T-0113.
  push failed (non-fatal): Command '['git', 'push', 'origin', 'main']' returned non-zero exit status 1.
[Worker001] T-0113 no dispatch rule — reopened.
=== 2026-04-10T03:38:39Z start Worker001 ===
[Worker001] checking for pending tasks…
[Worker001] claimed T-0113: Donaldson — 1_chronicles_1: add commentary JSON
[Worker001] models: backend=dispatch (local pipeline scripts only; no Claude CLI) ollama=gemma4:e2b (christ gen + task_followup unless --no-followup)
Reopened T-0113.
=== 2026-04-10T03:38:45Z start Worker001 ===
[Worker001] checking for pending tasks…
[Worker001] claimed T-0113: Donaldson — 1_chronicles_1: add commentary JSON
[Worker001] models: backend=dispatch (local pipeline scripts only; no Claude CLI) ollama=gemma4:e2b (christ gen + task_followup unless --no-followup)
  pushed to origin
[Worker001] T-0113 no dispatch rule — reopened.
Reopened T-0113.
=== 2026-04-10T03:38:46Z start Worker001 ===
[Worker001] checking for pending tasks…
[Worker001] claimed T-0113: Donaldson — 1_chronicles_1: add commentary JSON
[Worker001] models: backend=dispatch (local pipeline scripts only; no Claude CLI) ollama=gemma4:e2b (christ gen + task_followup unless --no-followup)
Reopened T-0113.
  push failed (non-fatal): Command '['git', 'push', 'origin', 'main']' returned non-zero exit status 1.
[Worker001] T-0113 no dispatch rule — reopened.
  push failed (non-fatal): Command '['git', 'push', 'origin', 'main']' returned non-zero exit status 1.
[Worker001] T-0113 no dispatch rule — reopened.
=== 2026-04-10T03:39:05Z start Worker001 ===
[Worker001] checking for pending tasks…
[Worker001] claimed T-0113: Donaldson — 1_chronicles_1: add commentary JSON
[Worker001] models: backend=dispatch (local pipeline scripts only; no Claude CLI) ollama=gemma4:e2b (christ gen + task_followup unless --no-followup)
Reopened T-0113.
  pushed to origin
[Worker001] T-0113 no dispatch rule — reopened.
=== 2026-04-10T03:39:11Z start Worker001 ===
[Worker001] checking for pending tasks…
[Worker001] claimed T-0113: Donaldson — 1_chronicles_1: add commentary JSON
[Worker001] models: backend=dispatch (local pipeline scripts only; no Claude CLI) ollama=gemma4:e2b (christ gen + task_followup unless --no-followup)
Reopened T-0113.
  [ledger] pushed to origin
  pushed to origin
[Worker001] T-0113 no dispatch rule — reopened.
=== 2026-04-10T03:39:17Z start Worker001 ===
[Worker001] checking for pending tasks…
=== 2026-04-10T03:39:19Z start Worker001 ===
[Worker001] checking for pending tasks…
[Worker001] claimed T-0113: Donaldson — 1_chronicles_1: add commentary JSON
[Worker001] models: backend=dispatch (local pipeline scripts only; no Claude CLI) ollama=gemma4:e2b (christ gen + task_followup unless --no-followup)
[Worker001] claimed T-0113: Donaldson — 1_chronicles_1: add commentary JSON
[Worker001] models: backend=dispatch (local pipeline scripts only; no Claude CLI) ollama=gemma4:e2b (christ gen + task_followup unless --no-followup)
Reopened T-0113.
Reopened T-0113.
  pushed to origin
[Worker001] T-0113 no dispatch rule — reopened.
  pushed to origin
[Worker001] T-0113 no dispatch rule — reopened.
=== 2026-04-10T03:39:36Z start Worker001 ===
[Worker001] checking for pending tasks…
[Worker001] claimed T-0113: Donaldson — 1_chronicles_1: add commentary JSON
[Worker001] models: backend=dispatch (local pipeline scripts only; no Claude CLI) ollama=gemma4:e2b (christ gen + task_followup unless --no-followup)
=== 2026-04-10T03:39:42Z start Worker001 ===
[Worker001] checking for pending tasks…
[Worker001] claimed T-0113: Donaldson — 1_chronicles_1: add commentary JSON
[Worker001] models: backend=dispatch (local pipeline scripts only; no Claude CLI) ollama=gemma4:e2b (christ gen + task_followup unless --no-followup)
Reopened T-0113.
Reopened T-0113.
  [ledger] pushed to origin
  pushed to origin
[Worker001] T-0113 no dispatch rule — reopened.
  push failed (non-fatal): Command '['git', 'push', 'origin', 'main']' returned non-zero exit status 1.
[Worker001] T-0113 no dispatch rule — reopened.
=== 2026-04-10T03:39:48Z start Worker001 ===
[Worker001] checking for pending tasks…
[Worker001] claimed T-0113: Donaldson — 1_chronicles_1: add commentary JSON
[Worker001] models: backend=dispatch (local pipeline scripts only; no Claude CLI) ollama=gemma4:e2b (christ gen + task_followup unless --no-followup)
Reopened T-0113.
=== 2026-04-10T03:39:49Z start Worker001 ===
[Worker001] checking for pending tasks…
[Worker001] claimed T-0113: Donaldson — 1_chronicles_1: add commentary JSON
[Worker001] models: backend=dispatch (local pipeline scripts only; no Claude CLI) ollama=gemma4:e2b (christ gen + task_followup unless --no-followup)
Reopened T-0113.
  push failed (non-fatal): Command '['git', 'push', 'origin', 'main']' returned non-zero exit status 1.
[Worker001] T-0113 no dispatch rule — reopened.
  push failed (non-fatal): Command '['git', 'push', 'origin', 'main']' returned non-zero exit status 1.
[Worker001] T-0113 no dispatch rule — reopened.
=== 2026-04-10T03:40:08Z start Worker001 ===
[Worker001] checking for pending tasks…
[Worker001] claimed T-0113: Donaldson — 1_chronicles_1: add commentary JSON
[Worker001] models: backend=dispatch (local pipeline scripts only; no Claude CLI) ollama=gemma4:e2b (christ gen + task_followup unless --no-followup)
=== 2026-04-10T03:40:15Z start Worker001 ===
[Worker001] checking for pending tasks…
[Worker001] claimed T-0113: Donaldson — 1_chronicles_1: add commentary JSON
[Worker001] models: backend=dispatch (local pipeline scripts only; no Claude CLI) ollama=gemma4:e2b (christ gen + task_followup unless --no-followup)
Reopened T-0113.
Reopened T-0113.
  [ledger] pushed to origin
  push failed (non-fatal): Command '['git', 'push', 'origin', 'main']' returned non-zero exit status 1.
[Worker001] T-0113 no dispatch rule — reopened.
  push failed (non-fatal): Command '['git', 'push', 'origin', 'main']' returned non-zero exit status 1.
[Worker001] T-0113 no dispatch rule — reopened.
=== 2026-04-10T03:40:20Z start Worker001 ===
[Worker001] checking for pending tasks…
[Worker001] claimed T-0113: Donaldson — 1_chronicles_1: add commentary JSON
[Worker001] models: backend=dispatch (local pipeline scripts only; no Claude CLI) ollama=gemma4:e2b (christ gen + task_followup unless --no-followup)
=== 2026-04-10T03:40:21Z start Worker001 ===
Reopened T-0113.
[Worker001] checking for pending tasks…
[Worker001] claimed T-0113: Donaldson — 1_chronicles_1: add commentary JSON
[Worker001] models: backend=dispatch (local pipeline scripts only; no Claude CLI) ollama=gemma4:e2b (christ gen + task_followup unless --no-followup)
Reopened T-0113.
  push failed (non-fatal): Command '['git', 'push', 'origin', 'main']' returned non-zero exit status 1.
[Worker001] T-0113 no dispatch rule — reopened.
  push failed (non-fatal): Command '['git', 'push', 'origin', 'main']' returned non-zero exit status 1.
[Worker001] T-0113 no dispatch rule — reopened.
=== 2026-04-10T03:40:41Z start Worker001 ===
[Worker001] checking for pending tasks…
[Worker001] claimed T-0113: Donaldson — 1_chronicles_1: add commentary JSON
[Worker001] models: backend=dispatch (local pipeline scripts only; no Claude CLI) ollama=gemma4:e2b (christ gen + task_followup unless --no-followup)
Reopened T-0113.
  pushed to origin
[Worker001] T-0113 no dispatch rule — reopened.
=== 2026-04-10T03:40:48Z start Worker001 ===
[Worker001] checking for pending tasks…
[Worker001] claimed T-0113: Donaldson — 1_chronicles_1: add commentary JSON
[Worker001] models: backend=dispatch (local pipeline scripts only; no Claude CLI) ollama=gemma4:e2b (christ gen + task_followup unless --no-followup)
Reopened T-0113.
=== 2026-04-10T03:40:49Z start Worker001 ===
[Worker001] checking for pending tasks…
[Worker001] claimed T-0113: Donaldson — 1_chronicles_1: add commentary JSON
[Worker001] models: backend=dispatch (local pipeline scripts only; no Claude CLI) ollama=gemma4:e2b (christ gen + task_followup unless --no-followup)
Reopened T-0113.
=== 2026-04-10T03:40:51Z start Worker001 ===
[Worker001] checking for pending tasks…
[Worker001] claimed T-0113: Donaldson — 1_chronicles_1: add commentary JSON
[Worker001] models: backend=dispatch (local pipeline scripts only; no Claude CLI) ollama=gemma4:e2b (christ gen + task_followup unless --no-followup)
Reopened T-0113.
  push failed (non-fatal): Command '['git', 'push', 'origin', 'main']' returned non-zero exit status 1.
[Worker001] T-0113 no dispatch rule — reopened.
  push failed (non-fatal): Command '['git', 'push', 'origin', 'main']' returned non-zero exit status 1.
[Worker001] T-0113 no dispatch rule — reopened.
  push failed (non-fatal): Command '['git', 'push', 'origin', 'main']' returned non-zero exit status 1.
[Worker001] T-0113 no dispatch rule — reopened.
=== 2026-04-10T03:41:09Z start Worker001 ===
[Worker001] checking for pending tasks…
[Worker001] claimed T-0113: Donaldson — 1_chronicles_1: add commentary JSON
[Worker001] models: backend=dispatch (local pipeline scripts only; no Claude CLI) ollama=gemma4:e2b (christ gen + task_followup unless --no-followup)
Reopened T-0113.
  pushed to origin
[Worker001] T-0113 no dispatch rule — reopened.
=== 2026-04-10T03:41:19Z start Worker001 ===
[Worker001] checking for pending tasks…
[Worker001] claimed T-0113: Donaldson — 1_chronicles_1: add commentary JSON
[Worker001] models: backend=dispatch (local pipeline scripts only; no Claude CLI) ollama=gemma4:e2b (christ gen + task_followup unless --no-followup)
=== 2026-04-10T03:41:19Z start Worker001 ===
[Worker001] checking for pending tasks…
Reopened T-0113.
[Worker001] claimed T-0113: Donaldson — 1_chronicles_1: add commentary JSON
[Worker001] models: backend=dispatch (local pipeline scripts only; no Claude CLI) ollama=gemma4:e2b (christ gen + task_followup unless --no-followup)
=== 2026-04-10T03:41:20Z start Worker001 ===
[Worker001] checking for pending tasks…
[Worker001] claimed T-0113: Donaldson — 1_chronicles_1: add commentary JSON
[Worker001] models: backend=dispatch (local pipeline scripts only; no Claude CLI) ollama=gemma4:e2b (christ gen + task_followup unless --no-followup)
Reopened T-0113.
  push failed (non-fatal): Command '['git', 'push', 'origin', 'main']' returned non-zero exit status 1.
[Worker001] T-0113 no dispatch rule — reopened.
Reopened T-0113.
  pushed to origin
[Worker001] T-0113 no dispatch rule — reopened.
  push failed (non-fatal): Command '['git', 'push', 'origin', 'main']' returned non-zero exit status 1.
[Worker001] T-0113 no dispatch rule — reopened.
=== 2026-04-10T03:41:38Z start Worker001 ===
[Worker001] checking for pending tasks…
[Worker001] claimed T-0113: Donaldson — 1_chronicles_1: add commentary JSON
[Worker001] models: backend=dispatch (local pipeline scripts only; no Claude CLI) ollama=gemma4:e2b (christ gen + task_followup unless --no-followup)
Reopened T-0113.
  push failed (non-fatal): Command '['git', 'push', 'origin', 'main']' returned non-zero exit status 1.
[Worker001] T-0113 no dispatch rule — reopened.
=== 2026-04-10T03:41:48Z start Worker001 ===
[Worker001] checking for pending tasks…
=== 2026-04-10T03:41:49Z start Worker001 ===
[Worker001] checking for pending tasks…
=== 2026-04-10T03:41:49Z start Worker001 ===
[Worker001] claimed T-0113: Donaldson — 1_chronicles_1: add commentary JSON
[Worker001] models: backend=dispatch (local pipeline scripts only; no Claude CLI) ollama=gemma4:e2b (christ gen + task_followup unless --no-followup)
[Worker001] checking for pending tasks…
[Worker001] claimed T-0117: Donaldson — 1_chronicles_10: add commentary JSON
[Worker001] models: backend=dispatch (local pipeline scripts only; no Claude CLI) ollama=gemma4:e2b (christ gen + task_followup unless --no-followup)
Reopened T-0117.
[Worker001] claimed T-0113: Donaldson — 1_chronicles_1: add commentary JSON
[Worker001] models: backend=dispatch (local pipeline scripts only; no Claude CLI) ollama=gemma4:e2b (christ gen + task_followup unless --no-followup)
  push failed (non-fatal): Command '['git', 'push', 'origin', 'main']' returned non-zero exit status 1.
[Worker001] T-0117 no dispatch rule — reopened.
Reopened T-0113.
  pushed to origin
[Worker001] T-0113 no dispatch rule — reopened.
Reopened T-0113.
  push failed (non-fatal): Command '['git', 'push', 'origin', 'main']' returned non-zero exit status 1.
[Worker001] T-0113 no dispatch rule — reopened.
=== 2026-04-10T03:42:07Z start Worker001 ===
[Worker001] checking for pending tasks…
[Worker001] claimed T-0113: Donaldson — 1_chronicles_1: add commentary JSON
[Worker001] models: backend=dispatch (local pipeline scripts only; no Claude CLI) ollama=gemma4:e2b (christ gen + task_followup unless --no-followup)
Reopened T-0113.
  push failed (non-fatal): Command '['git', 'push', 'origin', 'main']' returned non-zero exit status 1.
[Worker001] T-0113 no dispatch rule — reopened.
=== 2026-04-10T03:42:17Z start Worker001 ===
[Worker001] checking for pending tasks…
=== 2026-04-10T03:42:18Z start Worker001 ===
=== 2026-04-10T03:42:18Z start Worker001 ===
[Worker001] checking for pending tasks…
[Worker001] checking for pending tasks…
[Worker001] claimed T-0113: Donaldson — 1_chronicles_1: add commentary JSON
[Worker001] models: backend=dispatch (local pipeline scripts only; no Claude CLI) ollama=gemma4:e2b (christ gen + task_followup unless --no-followup)
[Worker001] claimed T-0113: Donaldson — 1_chronicles_1: add commentary JSON
[Worker001] models: backend=dispatch (local pipeline scripts only; no Claude CLI) ollama=gemma4:e2b (christ gen + task_followup unless --no-followup)
Reopened T-0113.
Reopened T-0113.
[Worker001] claimed T-0113: Donaldson — 1_chronicles_1: add commentary JSON
[Worker001] models: backend=dispatch (local pipeline scripts only; no Claude CLI) ollama=gemma4:e2b (christ gen + task_followup unless --no-followup)
  push failed (non-fatal): Command '['git', 'push', 'origin', 'main']' returned non-zero exit status 1.
[Worker001] T-0113 no dispatch rule — reopened.
  push failed (non-fatal): Command '['git', 'push', 'origin', 'main']' returned non-zero exit status 1.
[Worker001] T-0113 no dispatch rule — reopened.
Reopened T-0113.
  pushed to origin
[Worker001] T-0113 no dispatch rule — reopened.
=== 2026-04-10T03:42:35Z start Worker001 ===
[Worker001] checking for pending tasks…
[Worker001] claimed T-0113: Donaldson — 1_chronicles_1: add commentary JSON
[Worker001] models: backend=dispatch (local pipeline scripts only; no Claude CLI) ollama=gemma4:e2b (christ gen + task_followup unless --no-followup)
Reopened T-0113.
  push failed (non-fatal): Command '['git', 'push', 'origin', 'main']' returned non-zero exit status 1.
[Worker001] T-0113 no dispatch rule — reopened.
=== 2026-04-10T03:42:43Z start Worker001 ===
[Worker001] checking for pending tasks…
[Worker001] claimed T-0113: Donaldson — 1_chronicles_1: add commentary JSON
[Worker001] models: backend=dispatch (local pipeline scripts only; no Claude CLI) ollama=gemma4:e2b (christ gen + task_followup unless --no-followup)
Reopened T-0113.
  push failed (non-fatal): Command '['git', 'push', 'origin', 'main']' returned non-zero exit status 1.
[Worker001] T-0113 no dispatch rule — reopened.
=== 2026-04-10T03:42:46Z start Worker001 ===
[Worker001] checking for pending tasks…
[Worker001] claimed T-0113: Donaldson — 1_chronicles_1: add commentary JSON
[Worker001] models: backend=dispatch (local pipeline scripts only; no Claude CLI) ollama=gemma4:e2b (christ gen + task_followup unless --no-followup)
=== 2026-04-10T03:42:47Z start Worker001 ===
[Worker001] checking for pending tasks…
[Worker001] claimed T-0113: Donaldson — 1_chronicles_1: add commentary JSON
[Worker001] models: backend=dispatch (local pipeline scripts only; no Claude CLI) ollama=gemma4:e2b (christ gen + task_followup unless --no-followup)
Reopened T-0113.
Reopened T-0113.
  push failed (non-fatal): Command '['git', 'push', 'origin', 'main']' returned non-zero exit status 1.
[Worker001] T-0113 no dispatch rule — reopened.
  pushed to origin
[Worker001] T-0113 no dispatch rule — reopened.
=== 2026-04-10T03:43:03Z start Worker001 ===
[Worker001] checking for pending tasks…
[Worker001] claimed T-0113: Donaldson — 1_chronicles_1: add commentary JSON
[Worker001] models: backend=dispatch (local pipeline scripts only; no Claude CLI) ollama=gemma4:e2b (christ gen + task_followup unless --no-followup)
Reopened T-0113.
  pushed to origin
[Worker001] T-0113 no dispatch rule — reopened.
=== 2026-04-10T03:43:11Z start Worker001 ===
[Worker001] checking for pending tasks…
=== 2026-04-10T03:43:11Z start Worker001 ===
[Worker001] checking for pending tasks…
[Worker001] claimed T-0117: Donaldson — 1_chronicles_10: add commentary JSON
[Worker001] models: backend=dispatch (local pipeline scripts only; no Claude CLI) ollama=gemma4:e2b (christ gen + task_followup unless --no-followup)
Reopened T-0117.
[Worker001] claimed T-0113: Donaldson — 1_chronicles_1: add commentary JSON
[Worker001] models: backend=dispatch (local pipeline scripts only; no Claude CLI) ollama=gemma4:e2b (christ gen + task_followup unless --no-followup)
  push failed (non-fatal): Command '['git', 'push', 'origin', 'main']' returned non-zero exit status 1.
[Worker001] T-0117 no dispatch rule — reopened.
=== 2026-04-10T03:43:15Z start Worker001 ===
[Worker001] checking for pending tasks…
[Worker001] claimed T-0113: Donaldson — 1_chronicles_1: add commentary JSON
[Worker001] models: backend=dispatch (local pipeline scripts only; no Claude CLI) ollama=gemma4:e2b (christ gen + task_followup unless --no-followup)
Reopened T-0113.
Reopened T-0113.
  push failed (non-fatal): Command '['git', 'push', 'origin', 'main']' returned non-zero exit status 1.
[Worker001] T-0113 no dispatch rule — reopened.
  pushed to origin
[Worker001] T-0113 no dispatch rule — reopened.
=== 2026-04-10T03:43:31Z start Worker001 ===
[Worker001] checking for pending tasks…
[Worker001] claimed T-0113: Donaldson — 1_chronicles_1: add commentary JSON
[Worker001] models: backend=dispatch (local pipeline scripts only; no Claude CLI) ollama=gemma4:e2b (christ gen + task_followup unless --no-followup)
Reopened T-0113.
  [ledger] pushed to origin
  pushed to origin
[Worker001] T-0113 no dispatch rule — reopened.
=== 2026-04-10T03:43:38Z start Worker001 ===
[Worker001] checking for pending tasks…
[Worker001] claimed T-0113: Donaldson — 1_chronicles_1: add commentary JSON
[Worker001] models: backend=dispatch (local pipeline scripts only; no Claude CLI) ollama=gemma4:e2b (christ gen + task_followup unless --no-followup)
Reopened T-0113.
=== 2026-04-10T03:43:40Z start Worker001 ===
[Worker001] checking for pending tasks…
  push failed (non-fatal): Command '['git', 'push', 'origin', 'main']' returned non-zero exit status 1.
[Worker001] T-0113 no dispatch rule — reopened.
[Worker001] claimed T-0113: Donaldson — 1_chronicles_1: add commentary JSON
[Worker001] models: backend=dispatch (local pipeline scripts only; no Claude CLI) ollama=gemma4:e2b (christ gen + task_followup unless --no-followup)
=== 2026-04-10T03:43:43Z start Worker001 ===
[Worker001] checking for pending tasks…
[Worker001] claimed T-0113: Donaldson — 1_chronicles_1: add commentary JSON
[Worker001] models: backend=dispatch (local pipeline scripts only; no Claude CLI) ollama=gemma4:e2b (christ gen + task_followup unless --no-followup)
Reopened T-0113.
Reopened T-0113.
  push failed (non-fatal): Command '['git', 'push', 'origin', 'main']' returned non-zero exit status 1.
[Worker001] T-0113 no dispatch rule — reopened.
  pushed to origin
[Worker001] T-0113 no dispatch rule — reopened.
=== 2026-04-10T03:43:59Z start Worker001 ===
[Worker001] checking for pending tasks…
[Worker001] claimed T-0113: Donaldson — 1_chronicles_1: add commentary JSON
[Worker001] models: backend=dispatch (local pipeline scripts only; no Claude CLI) ollama=gemma4:e2b (christ gen + task_followup unless --no-followup)
Reopened T-0113.
  pushed to origin
[Worker001] T-0113 no dispatch rule — reopened.
=== 2026-04-10T03:44:08Z start Worker001 ===
[Worker001] checking for pending tasks…
[Worker001] claimed T-0113: Donaldson — 1_chronicles_1: add commentary JSON
[Worker001] models: backend=dispatch (local pipeline scripts only; no Claude CLI) ollama=gemma4:e2b (christ gen + task_followup unless --no-followup)
=== 2026-04-10T03:44:08Z start Worker001 ===
[Worker001] checking for pending tasks…
Reopened T-0113.
[Worker001] claimed T-0113: Donaldson — 1_chronicles_1: add commentary JSON
[Worker001] models: backend=dispatch (local pipeline scripts only; no Claude CLI) ollama=gemma4:e2b (christ gen + task_followup unless --no-followup)
Reopened T-0113.
  push failed (non-fatal): Command '['git', 'push', 'origin', 'main']' returned non-zero exit status 1.
[Worker001] T-0113 no dispatch rule — reopened.
  push failed (non-fatal): Command '['git', 'push', 'origin', 'main']' returned non-zero exit status 1.
[Worker001] T-0113 no dispatch rule — reopened.
=== 2026-04-10T03:44:12Z start Worker001 ===
[Worker001] checking for pending tasks…
[Worker001] claimed T-0113: Donaldson — 1_chronicles_1: add commentary JSON
[Worker001] models: backend=dispatch (local pipeline scripts only; no Claude CLI) ollama=gemma4:e2b (christ gen + task_followup unless --no-followup)
Reopened T-0113.
  push failed (non-fatal): Command '['git', 'push', 'origin', 'main']' returned non-zero exit status 1.
[Worker001] T-0113 no dispatch rule — reopened.
=== 2026-04-10T03:44:28Z start Worker001 ===
[Worker001] checking for pending tasks…
[Worker001] claimed T-0113: Donaldson — 1_chronicles_1: add commentary JSON
[Worker001] models: backend=dispatch (local pipeline scripts only; no Claude CLI) ollama=gemma4:e2b (christ gen + task_followup unless --no-followup)
Reopened T-0113.
  [ledger] pushed to origin
  pushed to origin
[Worker001] T-0113 no dispatch rule — reopened.
=== 2026-04-10T03:44:36Z start Worker001 ===
[Worker001] checking for pending tasks…
=== 2026-04-10T03:44:36Z start Worker001 ===
[Worker001] checking for pending tasks…
[Worker001] claimed T-0113: Donaldson — 1_chronicles_1: add commentary JSON
[Worker001] models: backend=dispatch (local pipeline scripts only; no Claude CLI) ollama=gemma4:e2b (christ gen + task_followup unless --no-followup)
[Worker001] claimed T-0117: Donaldson — 1_chronicles_10: add commentary JSON
[Worker001] models: backend=dispatch (local pipeline scripts only; no Claude CLI) ollama=gemma4:e2b (christ gen + task_followup unless --no-followup)
Reopened T-0113.
Reopened T-0117.
  push failed (non-fatal): Command '['git', 'push', 'origin', 'main']' returned non-zero exit status 1.
[Worker001] T-0117 no dispatch rule — reopened.
  push failed (non-fatal): Command '['git', 'push', 'origin', 'main']' returned non-zero exit status 1.
[Worker001] T-0113 no dispatch rule — reopened.
=== 2026-04-10T03:44:40Z start Worker001 ===
[Worker001] checking for pending tasks…
[Worker001] claimed T-0113: Donaldson — 1_chronicles_1: add commentary JSON
[Worker001] models: backend=dispatch (local pipeline scripts only; no Claude CLI) ollama=gemma4:e2b (christ gen + task_followup unless --no-followup)
Reopened T-0113.
  push failed (non-fatal): Command '['git', 'push', 'origin', 'main']' returned non-zero exit status 1.
[Worker001] T-0113 no dispatch rule — reopened.
=== 2026-04-10T03:44:56Z start Worker001 ===
[Worker001] checking for pending tasks…
[Worker001] claimed T-0113: Donaldson — 1_chronicles_1: add commentary JSON
[Worker001] models: backend=dispatch (local pipeline scripts only; no Claude CLI) ollama=gemma4:e2b (christ gen + task_followup unless --no-followup)
Reopened T-0113.
  pushed to origin
[Worker001] T-0113 no dispatch rule — reopened.
=== 2026-04-10T03:45:02Z start Worker001 ===
[Worker001] checking for pending tasks…
[Worker001] claimed T-0113: Donaldson — 1_chronicles_1: add commentary JSON
[Worker001] models: backend=dispatch (local pipeline scripts only; no Claude CLI) ollama=gemma4:e2b (christ gen + task_followup unless --no-followup)
=== 2026-04-10T03:45:05Z start Worker001 ===
[Worker001] checking for pending tasks…
Reopened T-0113.
[Worker001] claimed T-0113: Donaldson — 1_chronicles_1: add commentary JSON
[Worker001] models: backend=dispatch (local pipeline scripts only; no Claude CLI) ollama=gemma4:e2b (christ gen + task_followup unless --no-followup)
Reopened T-0113.
  pushed to origin
[Worker001] T-0113 no dispatch rule — reopened.
  push failed (non-fatal): Command '['git', 'push', 'origin', 'main']' returned non-zero exit status 1.
[Worker001] T-0113 no dispatch rule — reopened.
=== 2026-04-10T03:45:08Z start Worker001 ===
[Worker001] checking for pending tasks…
[Worker001] claimed T-0113: Donaldson — 1_chronicles_1: add commentary JSON
[Worker001] models: backend=dispatch (local pipeline scripts only; no Claude CLI) ollama=gemma4:e2b (christ gen + task_followup unless --no-followup)
Reopened T-0113.
  pushed to origin
[Worker001] T-0113 no dispatch rule — reopened.
=== 2026-04-10T03:45:24Z start Worker001 ===
[Worker001] checking for pending tasks…
[Worker001] claimed T-0113: Donaldson — 1_chronicles_1: add commentary JSON
[Worker001] models: backend=dispatch (local pipeline scripts only; no Claude CLI) ollama=gemma4:e2b (christ gen + task_followup unless --no-followup)
Reopened T-0113.
  pushed to origin
[Worker001] T-0113 no dispatch rule — reopened.
=== 2026-04-10T03:45:29Z start Worker001 ===
[Worker001] checking for pending tasks…
[Worker001] claimed T-0113: Donaldson — 1_chronicles_1: add commentary JSON
[Worker001] models: backend=dispatch (local pipeline scripts only; no Claude CLI) ollama=gemma4:e2b (christ gen + task_followup unless --no-followup)
Reopened T-0113.
  push failed (non-fatal): Command '['git', 'push', 'origin', 'main']' returned non-zero exit status 1.
[Worker001] T-0113 no dispatch rule — reopened.
=== 2026-04-10T03:45:33Z start Worker001 ===
[Worker001] checking for pending tasks…
[Worker001] claimed T-0113: Donaldson — 1_chronicles_1: add commentary JSON
[Worker001] models: backend=dispatch (local pipeline scripts only; no Claude CLI) ollama=gemma4:e2b (christ gen + task_followup unless --no-followup)
Reopened T-0113.
  pushed to origin
[Worker001] T-0113 no dispatch rule — reopened.
=== 2026-04-10T03:45:37Z start Worker001 ===
[Worker001] checking for pending tasks…
[Worker001] claimed T-0113: Donaldson — 1_chronicles_1: add commentary JSON
[Worker001] models: backend=dispatch (local pipeline scripts only; no Claude CLI) ollama=gemma4:e2b (christ gen + task_followup unless --no-followup)
Reopened T-0113.
  push failed (non-fatal): Command '['git', 'push', 'origin', 'main']' returned non-zero exit status 1.
[Worker001] T-0113 no dispatch rule — reopened.
=== 2026-04-10T03:45:53Z start Worker001 ===
[Worker001] checking for pending tasks…
[Worker001] claimed T-0113: Donaldson — 1_chronicles_1: add commentary JSON
[Worker001] models: backend=dispatch (local pipeline scripts only; no Claude CLI) ollama=gemma4:e2b (christ gen + task_followup unless --no-followup)
Reopened T-0113.
=== 2026-04-10T03:45:58Z start Worker001 ===
[Worker001] checking for pending tasks…
[Worker001] claimed T-0113: Donaldson — 1_chronicles_1: add commentary JSON
[Worker001] models: backend=dispatch (local pipeline scripts only; no Claude CLI) ollama=gemma4:e2b (christ gen + task_followup unless --no-followup)
Reopened T-0113.
  push failed (non-fatal): Command '['git', 'push', 'origin', 'main']' returned non-zero exit status 1.
[Worker001] T-0113 no dispatch rule — reopened.
  push failed (non-fatal): Command '['git', 'push', 'origin', 'main']' returned non-zero exit status 1.
[Worker001] T-0113 no dispatch rule — reopened.
=== 2026-04-10T03:46:02Z start Worker001 ===
[Worker001] checking for pending tasks…
[Worker001] claimed T-0113: Donaldson — 1_chronicles_1: add commentary JSON
[Worker001] models: backend=dispatch (local pipeline scripts only; no Claude CLI) ollama=gemma4:e2b (christ gen + task_followup unless --no-followup)
Reopened T-0113.
  push failed (non-fatal): Command '['git', 'push', 'origin', 'main']' returned non-zero exit status 1.
[Worker001] T-0113 no dispatch rule — reopened.
=== 2026-04-10T03:46:05Z start Worker001 ===
[Worker001] checking for pending tasks…
[Worker001] claimed T-0113: Donaldson — 1_chronicles_1: add commentary JSON
[Worker001] models: backend=dispatch (local pipeline scripts only; no Claude CLI) ollama=gemma4:e2b (christ gen + task_followup unless --no-followup)
Reopened T-0113.
  push failed (non-fatal): Command '['git', 'push', 'origin', 'main']' returned non-zero exit status 1.
[Worker001] T-0113 no dispatch rule — reopened.
=== 2026-04-10T03:46:22Z start Worker001 ===
[Worker001] checking for pending tasks…
[Worker001] claimed T-0113: Donaldson — 1_chronicles_1: add commentary JSON
[Worker001] models: backend=dispatch (local pipeline scripts only; no Claude CLI) ollama=gemma4:e2b (christ gen + task_followup unless --no-followup)
=== 2026-04-10T03:46:26Z start Worker001 ===
[Worker001] checking for pending tasks…
Reopened T-0113.
  [ledger] pushed to origin
[Worker001] claimed T-0113: Donaldson — 1_chronicles_1: add commentary JSON
[Worker001] models: backend=dispatch (local pipeline scripts only; no Claude CLI) ollama=gemma4:e2b (christ gen + task_followup unless --no-followup)
  pushed to origin
[Worker001] T-0113 no dispatch rule — reopened.
=== 2026-04-10T03:46:31Z start Worker001 ===
[Worker001] checking for pending tasks…
=== 2026-04-10T03:46:31Z start Worker001 ===
[Worker001] checking for pending tasks…
Reopened T-0113.
  [ledger] pushed to origin
[Worker001] claimed T-0117: Donaldson — 1_chronicles_10: add commentary JSON
[Worker001] models: backend=dispatch (local pipeline scripts only; no Claude CLI) ollama=gemma4:e2b (christ gen + task_followup unless --no-followup)
Reopened T-0117.
  pushed to origin
[Worker001] T-0113 no dispatch rule — reopened.
  push failed (non-fatal): Command '['git', 'push', 'origin', 'main']' returned non-zero exit status 1.
[Worker001] T-0117 no dispatch rule — reopened.
[Worker001] claimed T-0113: Donaldson — 1_chronicles_1: add commentary JSON
[Worker001] models: backend=dispatch (local pipeline scripts only; no Claude CLI) ollama=gemma4:e2b (christ gen + task_followup unless --no-followup)
Reopened T-0113.
  pushed to origin
[Worker001] T-0113 no dispatch rule — reopened.
=== 2026-04-10T03:46:50Z start Worker001 ===
[Worker001] checking for pending tasks…
[Worker001] claimed T-0113: Donaldson — 1_chronicles_1: add commentary JSON
[Worker001] models: backend=dispatch (local pipeline scripts only; no Claude CLI) ollama=gemma4:e2b (christ gen + task_followup unless --no-followup)
Reopened T-0113.
  push failed (non-fatal): Command '['git', 'push', 'origin', 'main']' returned non-zero exit status 1.
[Worker001] T-0113 no dispatch rule — reopened.
=== 2026-04-10T03:46:54Z start Worker001 ===
[Worker001] checking for pending tasks…
[Worker001] claimed T-0113: Donaldson — 1_chronicles_1: add commentary JSON
[Worker001] models: backend=dispatch (local pipeline scripts only; no Claude CLI) ollama=gemma4:e2b (christ gen + task_followup unless --no-followup)
=== 2026-04-10T03:46:59Z start Worker001 ===
[Worker001] checking for pending tasks…
[Worker001] claimed T-0113: Donaldson — 1_chronicles_1: add commentary JSON
[Worker001] models: backend=dispatch (local pipeline scripts only; no Claude CLI) ollama=gemma4:e2b (christ gen + task_followup unless --no-followup)
Reopened T-0113.
Reopened T-0113.
  [ledger] pushed to origin
=== 2026-04-10T03:47:01Z start Worker001 ===
[Worker001] checking for pending tasks…
  pushed to origin
[Worker001] T-0113 no dispatch rule — reopened.
  push failed (non-fatal): Command '['git', 'push', 'origin', 'main']' returned non-zero exit status 1.
[Worker001] T-0113 no dispatch rule — reopened.
[Worker001] claimed T-0113: Donaldson — 1_chronicles_1: add commentary JSON
[Worker001] models: backend=dispatch (local pipeline scripts only; no Claude CLI) ollama=gemma4:e2b (christ gen + task_followup unless --no-followup)
Reopened T-0113.
  [ledger] pushed to origin
  pushed to origin
[Worker001] T-0113 no dispatch rule — reopened.
=== 2026-04-10T03:47:19Z start Worker001 ===
[Worker001] checking for pending tasks…
[Worker001] claimed T-0113: Donaldson — 1_chronicles_1: add commentary JSON
[Worker001] models: backend=dispatch (local pipeline scripts only; no Claude CLI) ollama=gemma4:e2b (christ gen + task_followup unless --no-followup)
Reopened T-0113.
=== 2026-04-10T03:47:23Z start Worker001 ===
[Worker001] checking for pending tasks…
  pushed to origin
[Worker001] T-0113 no dispatch rule — reopened.
[Worker001] claimed T-0113: Donaldson — 1_chronicles_1: add commentary JSON
[Worker001] models: backend=dispatch (local pipeline scripts only; no Claude CLI) ollama=gemma4:e2b (christ gen + task_followup unless --no-followup)
Reopened T-0113.
  push failed (non-fatal): Command '['git', 'push', 'origin', 'main']' returned non-zero exit status 1.
[Worker001] T-0113 no dispatch rule — reopened.
=== 2026-04-10T03:47:29Z start Worker001 ===
[Worker001] checking for pending tasks…
=== 2026-04-10T03:47:31Z start Worker001 ===
[Worker001] checking for pending tasks…
[Worker001] claimed T-0113: Donaldson — 1_chronicles_1: add commentary JSON
[Worker001] models: backend=dispatch (local pipeline scripts only; no Claude CLI) ollama=gemma4:e2b (christ gen + task_followup unless --no-followup)
[Worker001] claimed T-0113: Donaldson — 1_chronicles_1: add commentary JSON
[Worker001] models: backend=dispatch (local pipeline scripts only; no Claude CLI) ollama=gemma4:e2b (christ gen + task_followup unless --no-followup)
Reopened T-0113.
Reopened T-0113.
  [ledger] pushed to origin
  push failed (non-fatal): Command '['git', 'push', 'origin', 'main']' returned non-zero exit status 1.
[Worker001] T-0113 no dispatch rule — reopened.
  pushed to origin
[Worker001] T-0113 no dispatch rule — reopened.
=== 2026-04-10T03:47:48Z start Worker001 ===
[Worker001] checking for pending tasks…
[Worker001] claimed T-0113: Donaldson — 1_chronicles_1: add commentary JSON
[Worker001] models: backend=dispatch (local pipeline scripts only; no Claude CLI) ollama=gemma4:e2b (christ gen + task_followup unless --no-followup)
Reopened T-0113.
  push failed (non-fatal): Command '['git', 'push', 'origin', 'main']' returned non-zero exit status 1.
[Worker001] T-0113 no dispatch rule — reopened.
=== 2026-04-10T03:47:52Z start Worker001 ===
[Worker001] checking for pending tasks…
[Worker001] claimed T-0113: Donaldson — 1_chronicles_1: add commentary JSON
[Worker001] models: backend=dispatch (local pipeline scripts only; no Claude CLI) ollama=gemma4:e2b (christ gen + task_followup unless --no-followup)
Reopened T-0113.
  push failed (non-fatal): Command '['git', 'push', 'origin', 'main']' returned non-zero exit status 1.
[Worker001] T-0113 no dispatch rule — reopened.
=== 2026-04-10T03:47:59Z start Worker001 ===
[Worker001] checking for pending tasks…
[Worker001] claimed T-0113: Donaldson — 1_chronicles_1: add commentary JSON
[Worker001] models: backend=dispatch (local pipeline scripts only; no Claude CLI) ollama=gemma4:e2b (christ gen + task_followup unless --no-followup)
=== 2026-04-10T03:48:00Z start Worker001 ===
[Worker001] checking for pending tasks…
[Worker001] claimed T-0113: Donaldson — 1_chronicles_1: add commentary JSON
[Worker001] models: backend=dispatch (local pipeline scripts only; no Claude CLI) ollama=gemma4:e2b (christ gen + task_followup unless --no-followup)
Reopened T-0113.
Reopened T-0113.
  push failed (non-fatal): Command '['git', 'push', 'origin', 'main']' returned non-zero exit status 1.
[Worker001] T-0113 no dispatch rule — reopened.
  pushed to origin
[Worker001] T-0113 no dispatch rule — reopened.
=== 2026-04-10T03:48:16Z start Worker001 ===
[Worker001] checking for pending tasks…
[Worker001] claimed T-0113: Donaldson — 1_chronicles_1: add commentary JSON
[Worker001] models: backend=dispatch (local pipeline scripts only; no Claude CLI) ollama=gemma4:e2b (christ gen + task_followup unless --no-followup)
Reopened T-0113.
  push failed (non-fatal): Command '['git', 'push', 'origin', 'main']' returned non-zero exit status 1.
[Worker001] T-0113 no dispatch rule — reopened.
=== 2026-04-10T03:48:20Z start Worker001 ===
[Worker001] checking for pending tasks…
[Worker001] claimed T-0113: Donaldson — 1_chronicles_1: add commentary JSON
[Worker001] models: backend=dispatch (local pipeline scripts only; no Claude CLI) ollama=gemma4:e2b (christ gen + task_followup unless --no-followup)
Reopened T-0113.
  push failed (non-fatal): Command '['git', 'push', 'origin', 'main']' returned non-zero exit status 1.
[Worker001] T-0113 no dispatch rule — reopened.
=== 2026-04-10T03:48:28Z start Worker001 ===
[Worker001] checking for pending tasks…
[Worker001] claimed T-0113: Donaldson — 1_chronicles_1: add commentary JSON
[Worker001] models: backend=dispatch (local pipeline scripts only; no Claude CLI) ollama=gemma4:e2b (christ gen + task_followup unless --no-followup)
=== 2026-04-10T03:48:29Z start Worker001 ===
[Worker001] checking for pending tasks…
[Worker001] claimed T-0113: Donaldson — 1_chronicles_1: add commentary JSON
[Worker001] models: backend=dispatch (local pipeline scripts only; no Claude CLI) ollama=gemma4:e2b (christ gen + task_followup unless --no-followup)
Reopened T-0113.
Reopened T-0113.
  push failed (non-fatal): Command '['git', 'push', 'origin', 'main']' returned non-zero exit status 1.
[Worker001] T-0113 no dispatch rule — reopened.
  pushed to origin
[Worker001] T-0113 no dispatch rule — reopened.
=== 2026-04-10T03:48:45Z start Worker001 ===
[Worker001] checking for pending tasks…
[Worker001] claimed T-0113: Donaldson — 1_chronicles_1: add commentary JSON
[Worker001] models: backend=dispatch (local pipeline scripts only; no Claude CLI) ollama=gemma4:e2b (christ gen + task_followup unless --no-followup)
Reopened T-0113.
  push failed (non-fatal): Command '['git', 'push', 'origin', 'main']' returned non-zero exit status 1.
[Worker001] T-0113 no dispatch rule — reopened.
=== 2026-04-10T03:48:49Z start Worker001 ===
[Worker001] checking for pending tasks…
[Worker001] claimed T-0113: Donaldson — 1_chronicles_1: add commentary JSON
[Worker001] models: backend=dispatch (local pipeline scripts only; no Claude CLI) ollama=gemma4:e2b (christ gen + task_followup unless --no-followup)
Reopened T-0113.
  [ledger] pushed to origin
  pushed to origin
[Worker001] T-0113 no dispatch rule — reopened.
=== 2026-04-10T03:48:57Z start Worker001 ===
[Worker001] checking for pending tasks…
=== 2026-04-10T03:48:57Z start Worker001 ===
[Worker001] checking for pending tasks…
[Worker001] claimed T-0113: Donaldson — 1_chronicles_1: add commentary JSON
[Worker001] models: backend=dispatch (local pipeline scripts only; no Claude CLI) ollama=gemma4:e2b (christ gen + task_followup unless --no-followup)
Reopened T-0113.
[Worker001] claimed T-0113: Donaldson — 1_chronicles_1: add commentary JSON
[Worker001] models: backend=dispatch (local pipeline scripts only; no Claude CLI) ollama=gemma4:e2b (christ gen + task_followup unless --no-followup)
  push failed (non-fatal): Command '['git', 'push', 'origin', 'main']' returned non-zero exit status 1.
[Worker001] T-0113 no dispatch rule — reopened.
Reopened T-0113.
  [ledger] pushed to origin
  pushed to origin
[Worker001] T-0113 no dispatch rule — reopened.
=== 2026-04-10T03:49:14Z start Worker001 ===
[Worker001] checking for pending tasks…
[Worker001] claimed T-0113: Donaldson — 1_chronicles_1: add commentary JSON
[Worker001] models: backend=dispatch (local pipeline scripts only; no Claude CLI) ollama=gemma4:e2b (christ gen + task_followup unless --no-followup)
=== 2026-04-10T03:49:18Z start Worker001 ===
[Worker001] checking for pending tasks…
[Worker001] claimed T-0113: Donaldson — 1_chronicles_1: add commentary JSON
[Worker001] models: backend=dispatch (local pipeline scripts only; no Claude CLI) ollama=gemma4:e2b (christ gen + task_followup unless --no-followup)
Reopened T-0113.
  [ledger] pushed to origin
Reopened T-0113.
  pushed to origin
[Worker001] T-0113 no dispatch rule — reopened.
  pushed to origin
[Worker001] T-0113 no dispatch rule — reopened.
=== 2026-04-10T03:49:26Z start Worker001 ===
[Worker001] checking for pending tasks…
=== 2026-04-10T03:49:27Z start Worker001 ===
[Worker001] checking for pending tasks…
[Worker001] claimed T-0113: Donaldson — 1_chronicles_1: add commentary JSON
[Worker001] models: backend=dispatch (local pipeline scripts only; no Claude CLI) ollama=gemma4:e2b (christ gen + task_followup unless --no-followup)
[Worker001] claimed T-0113: Donaldson — 1_chronicles_1: add commentary JSON
[Worker001] models: backend=dispatch (local pipeline scripts only; no Claude CLI) ollama=gemma4:e2b (christ gen + task_followup unless --no-followup)
Reopened T-0113.
  [ledger] pushed to origin
Reopened T-0113.
  pushed to origin
[Worker001] T-0113 no dispatch rule — reopened.
  pushed to origin
[Worker001] T-0113 no dispatch rule — reopened.
=== 2026-04-10T03:49:43Z start Worker001 ===
[Worker001] checking for pending tasks…
[Worker001] claimed T-0113: Donaldson — 1_chronicles_1: add commentary JSON
[Worker001] models: backend=dispatch (local pipeline scripts only; no Claude CLI) ollama=gemma4:e2b (christ gen + task_followup unless --no-followup)
Reopened T-0113.
  pushed to origin
[Worker001] T-0113 no dispatch rule — reopened.
=== 2026-04-10T03:49:46Z start Worker001 ===
[Worker001] checking for pending tasks…
[Worker001] claimed T-0113: Donaldson — 1_chronicles_1: add commentary JSON
[Worker001] models: backend=dispatch (local pipeline scripts only; no Claude CLI) ollama=gemma4:e2b (christ gen + task_followup unless --no-followup)
Reopened T-0113.
  push failed (non-fatal): Command '['git', 'push', 'origin', 'main']' returned non-zero exit status 1.
[Worker001] T-0113 no dispatch rule — reopened.
=== 2026-04-10T03:49:56Z start Worker001 ===
[Worker001] checking for pending tasks…
[Worker001] claimed T-0113: Donaldson — 1_chronicles_1: add commentary JSON
[Worker001] models: backend=dispatch (local pipeline scripts only; no Claude CLI) ollama=gemma4:e2b (christ gen + task_followup unless --no-followup)
Reopened T-0113.
=== 2026-04-10T03:49:56Z start Worker001 ===
[Worker001] checking for pending tasks…
[Worker001] claimed T-0113: Donaldson — 1_chronicles_1: add commentary JSON
[Worker001] models: backend=dispatch (local pipeline scripts only; no Claude CLI) ollama=gemma4:e2b (christ gen + task_followup unless --no-followup)
Reopened T-0113.
  push failed (non-fatal): Command '['git', 'push', 'origin', 'main']' returned non-zero exit status 1.
[Worker001] T-0113 no dispatch rule — reopened.
  push failed (non-fatal): Command '['git', 'push', 'origin', 'main']' returned non-zero exit status 1.
[Worker001] T-0113 no dispatch rule — reopened.
=== 2026-04-10T03:50:11Z start Worker001 ===
[Worker001] checking for pending tasks…
[Worker001] claimed T-0113: Donaldson — 1_chronicles_1: add commentary JSON
[Worker001] models: backend=dispatch (local pipeline scripts only; no Claude CLI) ollama=gemma4:e2b (christ gen + task_followup unless --no-followup)
Reopened T-0113.
  push failed (non-fatal): Command '['git', 'push', 'origin', 'main']' returned non-zero exit status 1.
[Worker001] T-0113 no dispatch rule — reopened.
=== 2026-04-10T03:50:15Z start Worker001 ===
[Worker001] checking for pending tasks…
[Worker001] claimed T-0113: Donaldson — 1_chronicles_1: add commentary JSON
[Worker001] models: backend=dispatch (local pipeline scripts only; no Claude CLI) ollama=gemma4:e2b (christ gen + task_followup unless --no-followup)
Reopened T-0113.
  push failed (non-fatal): Command '['git', 'push', 'origin', 'main']' returned non-zero exit status 1.
[Worker001] T-0113 no dispatch rule — reopened.
=== 2026-04-10T03:50:26Z start Worker001 ===
=== 2026-04-10T03:50:26Z start Worker001 ===
[Worker001] checking for pending tasks…
[Worker001] checking for pending tasks…
[Worker001] claimed T-0113: Donaldson — 1_chronicles_1: add commentary JSON
[Worker001] models: backend=dispatch (local pipeline scripts only; no Claude CLI) ollama=gemma4:e2b (christ gen + task_followup unless --no-followup)
[Worker001] claimed T-0113: Donaldson — 1_chronicles_1: add commentary JSON
[Worker001] models: backend=dispatch (local pipeline scripts only; no Claude CLI) ollama=gemma4:e2b (christ gen + task_followup unless --no-followup)
Reopened T-0113.
Reopened T-0113.
  push failed (non-fatal): Command '['git', 'push', 'origin', 'main']' returned non-zero exit status 1.
[Worker001] T-0113 no dispatch rule — reopened.
  push failed (non-fatal): Command '['git', 'push', 'origin', 'main']' returned non-zero exit status 1.
[Worker001] T-0113 no dispatch rule — reopened.
=== 2026-04-10T03:50:40Z start Worker001 ===
[Worker001] checking for pending tasks…
[Worker001] claimed T-0113: Donaldson — 1_chronicles_1: add commentary JSON
[Worker001] models: backend=dispatch (local pipeline scripts only; no Claude CLI) ollama=gemma4:e2b (christ gen + task_followup unless --no-followup)
Reopened T-0113.
=== 2026-04-10T03:50:43Z start Worker001 ===
[Worker001] checking for pending tasks…
  push failed (non-fatal): Command '['git', 'push', 'origin', 'main']' returned non-zero exit status 1.
[Worker001] T-0113 no dispatch rule — reopened.
[Worker001] claimed T-0113: Donaldson — 1_chronicles_1: add commentary JSON
[Worker001] models: backend=dispatch (local pipeline scripts only; no Claude CLI) ollama=gemma4:e2b (christ gen + task_followup unless --no-followup)
Reopened T-0113.
  push failed (non-fatal): Command '['git', 'push', 'origin', 'main']' returned non-zero exit status 1.
[Worker001] T-0113 no dispatch rule — reopened.
=== 2026-04-10T03:50:53Z start Worker001 ===
[Worker001] checking for pending tasks…
[Worker001] claimed T-0113: Donaldson — 1_chronicles_1: add commentary JSON
[Worker001] models: backend=dispatch (local pipeline scripts only; no Claude CLI) ollama=gemma4:e2b (christ gen + task_followup unless --no-followup)
Reopened T-0113.
=== 2026-04-10T03:50:55Z start Worker001 ===
[Worker001] checking for pending tasks…
[Worker001] claimed T-0113: Donaldson — 1_chronicles_1: add commentary JSON
[Worker001] models: backend=dispatch (local pipeline scripts only; no Claude CLI) ollama=gemma4:e2b (christ gen + task_followup unless --no-followup)
Reopened T-0113.
  push failed (non-fatal): Command '['git', 'push', 'origin', 'main']' returned non-zero exit status 1.
[Worker001] T-0113 no dispatch rule — reopened.
  pushed to origin
[Worker001] T-0113 no dispatch rule — reopened.
=== 2026-04-10T03:51:09Z start Worker001 ===
[Worker001] checking for pending tasks…
[Worker001] claimed T-0113: Donaldson — 1_chronicles_1: add commentary JSON
[Worker001] models: backend=dispatch (local pipeline scripts only; no Claude CLI) ollama=gemma4:e2b (christ gen + task_followup unless --no-followup)
Reopened T-0113.
=== 2026-04-10T03:51:12Z start Worker001 ===
[Worker001] checking for pending tasks…
  push failed (non-fatal): Command '['git', 'push', 'origin', 'main']' returned non-zero exit status 1.
[Worker001] T-0113 no dispatch rule — reopened.
[Worker001] claimed T-0113: Donaldson — 1_chronicles_1: add commentary JSON
[Worker001] models: backend=dispatch (local pipeline scripts only; no Claude CLI) ollama=gemma4:e2b (christ gen + task_followup unless --no-followup)
Reopened T-0113.
  pushed to origin
[Worker001] T-0113 no dispatch rule — reopened.
=== 2026-04-10T03:51:23Z start Worker001 ===
[Worker001] checking for pending tasks…
[Worker001] claimed T-0113: Donaldson — 1_chronicles_1: add commentary JSON
[Worker001] models: backend=dispatch (local pipeline scripts only; no Claude CLI) ollama=gemma4:e2b (christ gen + task_followup unless --no-followup)
Reopened T-0113.
=== 2026-04-10T03:51:24Z start Worker001 ===
[Worker001] checking for pending tasks…
[Worker001] claimed T-0113: Donaldson — 1_chronicles_1: add commentary JSON
[Worker001] models: backend=dispatch (local pipeline scripts only; no Claude CLI) ollama=gemma4:e2b (christ gen + task_followup unless --no-followup)
Reopened T-0113.
  push failed (non-fatal): Command '['git', 'push', 'origin', 'main']' returned non-zero exit status 1.
[Worker001] T-0113 no dispatch rule — reopened.
  push failed (non-fatal): Command '['git', 'push', 'origin', 'main']' returned non-zero exit status 1.
[Worker001] T-0113 no dispatch rule — reopened.
=== 2026-04-10T03:51:37Z start Worker001 ===
[Worker001] checking for pending tasks…
[Worker001] claimed T-0113: Donaldson — 1_chronicles_1: add commentary JSON
[Worker001] models: backend=dispatch (local pipeline scripts only; no Claude CLI) ollama=gemma4:e2b (christ gen + task_followup unless --no-followup)
Reopened T-0113.
=== 2026-04-10T03:51:38Z start Worker001 ===
[Worker001] checking for pending tasks…
  push failed (non-fatal): Command '['git', 'push', 'origin', 'main']' returned non-zero exit status 1.
[Worker001] T-0113 no dispatch rule — reopened.
[Worker001] claimed T-0113: Donaldson — 1_chronicles_1: add commentary JSON
[Worker001] models: backend=dispatch (local pipeline scripts only; no Claude CLI) ollama=gemma4:e2b (christ gen + task_followup unless --no-followup)
Reopened T-0113.
  pushed to origin
[Worker001] T-0113 no dispatch rule — reopened.
=== 2026-04-10T03:51:52Z start Worker001 ===
[Worker001] checking for pending tasks…
[Worker001] claimed T-0113: Donaldson — 1_chronicles_1: add commentary JSON
[Worker001] models: backend=dispatch (local pipeline scripts only; no Claude CLI) ollama=gemma4:e2b (christ gen + task_followup unless --no-followup)
Reopened T-0113.
=== 2026-04-10T03:51:52Z start Worker001 ===
[Worker001] checking for pending tasks…
[Worker001] claimed T-0113: Donaldson — 1_chronicles_1: add commentary JSON
[Worker001] models: backend=dispatch (local pipeline scripts only; no Claude CLI) ollama=gemma4:e2b (christ gen + task_followup unless --no-followup)
Reopened T-0113.
  push failed (non-fatal): Command '['git', 'push', 'origin', 'main']' returned non-zero exit status 1.
[Worker001] T-0113 no dispatch rule — reopened.
  push failed (non-fatal): Command '['git', 'push', 'origin', 'main']' returned non-zero exit status 1.
[Worker001] T-0113 no dispatch rule — reopened.
=== 2026-04-10T03:52:06Z start Worker001 ===
[Worker001] checking for pending tasks…
[Worker001] claimed T-0113: Donaldson — 1_chronicles_1: add commentary JSON
[Worker001] models: backend=dispatch (local pipeline scripts only; no Claude CLI) ollama=gemma4:e2b (christ gen + task_followup unless --no-followup)
Reopened T-0113.
=== 2026-04-10T03:52:07Z start Worker001 ===
[Worker001] checking for pending tasks…
[Worker001] claimed T-0113: Donaldson — 1_chronicles_1: add commentary JSON
[Worker001] models: backend=dispatch (local pipeline scripts only; no Claude CLI) ollama=gemma4:e2b (christ gen + task_followup unless --no-followup)
  push failed (non-fatal): Command '['git', 'push', 'origin', 'main']' returned non-zero exit status 1.
[Worker001] T-0113 no dispatch rule — reopened.
Reopened T-0113.
  [ledger] pushed to origin
  push failed (non-fatal): Command '['git', 'push', 'origin', 'main']' returned non-zero exit status 1.
[Worker001] T-0113 no dispatch rule — reopened.
=== 2026-04-10T03:52:21Z start Worker001 ===
[Worker001] checking for pending tasks…
[Worker001] claimed T-0113: Donaldson — 1_chronicles_1: add commentary JSON
[Worker001] models: backend=dispatch (local pipeline scripts only; no Claude CLI) ollama=gemma4:e2b (christ gen + task_followup unless --no-followup)
Reopened T-0113.
=== 2026-04-10T03:52:22Z start Worker001 ===
[Worker001] checking for pending tasks…
  pushed to origin
[Worker001] T-0113 no dispatch rule — reopened.
[Worker001] claimed T-0113: Donaldson — 1_chronicles_1: add commentary JSON
[Worker001] models: backend=dispatch (local pipeline scripts only; no Claude CLI) ollama=gemma4:e2b (christ gen + task_followup unless --no-followup)
Reopened T-0113.
  pushed to origin
[Worker001] T-0113 no dispatch rule — reopened.
=== 2026-04-10T03:52:34Z start Worker001 ===
[Worker001] checking for pending tasks…
=== 2026-04-10T03:52:36Z start Worker001 ===
[Worker001] checking for pending tasks…
[Worker001] claimed T-0113: Donaldson — 1_chronicles_1: add commentary JSON
[Worker001] models: backend=dispatch (local pipeline scripts only; no Claude CLI) ollama=gemma4:e2b (christ gen + task_followup unless --no-followup)
[Worker001] claimed T-0113: Donaldson — 1_chronicles_1: add commentary JSON
[Worker001] models: backend=dispatch (local pipeline scripts only; no Claude CLI) ollama=gemma4:e2b (christ gen + task_followup unless --no-followup)
Reopened T-0113.
  [ledger] pushed to origin
Reopened T-0113.
  [ledger] pushed to origin
  push failed (non-fatal): Command '['git', 'push', 'origin', 'main']' returned non-zero exit status 1.
[Worker001] T-0113 no dispatch rule — reopened.
  pushed to origin
[Worker001] T-0113 no dispatch rule — reopened.
=== 2026-04-10T03:52:49Z start Worker001 ===
[Worker001] checking for pending tasks…
[Worker001] claimed T-0113: Donaldson — 1_chronicles_1: add commentary JSON
[Worker001] models: backend=dispatch (local pipeline scripts only; no Claude CLI) ollama=gemma4:e2b (christ gen + task_followup unless --no-followup)
Reopened T-0113.
=== 2026-04-10T03:52:50Z start Worker001 ===
[Worker001] checking for pending tasks…
[Worker001] claimed T-0113: Donaldson — 1_chronicles_1: add commentary JSON
[Worker001] models: backend=dispatch (local pipeline scripts only; no Claude CLI) ollama=gemma4:e2b (christ gen + task_followup unless --no-followup)
  push failed (non-fatal): Command '['git', 'push', 'origin', 'main']' returned non-zero exit status 1.
[Worker001] T-0113 no dispatch rule — reopened.
Reopened T-0113.
  push failed (non-fatal): Command '['git', 'push', 'origin', 'main']' returned non-zero exit status 1.
[Worker001] T-0113 no dispatch rule — reopened.
=== 2026-04-10T03:53:03Z start Worker001 ===
[Worker001] checking for pending tasks…
[Worker001] claimed T-0113: Donaldson — 1_chronicles_1: add commentary JSON
[Worker001] models: backend=dispatch (local pipeline scripts only; no Claude CLI) ollama=gemma4:e2b (christ gen + task_followup unless --no-followup)
Reopened T-0113.
=== 2026-04-10T03:53:05Z start Worker001 ===
[Worker001] checking for pending tasks…
  pushed to origin
[Worker001] T-0113 no dispatch rule — reopened.
[Worker001] claimed T-0113: Donaldson — 1_chronicles_1: add commentary JSON
[Worker001] models: backend=dispatch (local pipeline scripts only; no Claude CLI) ollama=gemma4:e2b (christ gen + task_followup unless --no-followup)
Reopened T-0113.
  [ledger] pushed to origin
  pushed to origin
[Worker001] T-0113 no dispatch rule — reopened.
=== 2026-04-10T03:53:19Z start Worker001 ===
[Worker001] checking for pending tasks…
[Worker001] claimed T-0113: Donaldson — 1_chronicles_1: add commentary JSON
[Worker001] models: backend=dispatch (local pipeline scripts only; no Claude CLI) ollama=gemma4:e2b (christ gen + task_followup unless --no-followup)
Reopened T-0113.
=== 2026-04-10T03:53:19Z start Worker001 ===
[Worker001] checking for pending tasks…
[Worker001] claimed T-0113: Donaldson — 1_chronicles_1: add commentary JSON
[Worker001] models: backend=dispatch (local pipeline scripts only; no Claude CLI) ollama=gemma4:e2b (christ gen + task_followup unless --no-followup)
  push failed (non-fatal): Command '['git', 'push', 'origin', 'main']' returned non-zero exit status 1.
[Worker001] T-0113 no dispatch rule — reopened.
Reopened T-0113.
  push failed (non-fatal): Command '['git', 'push', 'origin', 'main']' returned non-zero exit status 1.
[Worker001] T-0113 no dispatch rule — reopened.
=== 2026-04-10T03:53:32Z start Worker001 ===
[Worker001] checking for pending tasks…
[Worker001] claimed T-0113: Donaldson — 1_chronicles_1: add commentary JSON
[Worker001] models: backend=dispatch (local pipeline scripts only; no Claude CLI) ollama=gemma4:e2b (christ gen + task_followup unless --no-followup)
Reopened T-0113.
=== 2026-04-10T03:53:33Z start Worker001 ===
[Worker001] checking for pending tasks…
[Worker001] claimed T-0113: Donaldson — 1_chronicles_1: add commentary JSON
[Worker001] models: backend=dispatch (local pipeline scripts only; no Claude CLI) ollama=gemma4:e2b (christ gen + task_followup unless --no-followup)
Reopened T-0113.
  push failed (non-fatal): Command '['git', 'push', 'origin', 'main']' returned non-zero exit status 1.
[Worker001] T-0113 no dispatch rule — reopened.
  push failed (non-fatal): Command '['git', 'push', 'origin', 'main']' returned non-zero exit status 1.
[Worker001] T-0113 no dispatch rule — reopened.
=== 2026-04-10T03:53:48Z start Worker001 ===
[Worker001] checking for pending tasks…
[Worker001] claimed T-0113: Donaldson — 1_chronicles_1: add commentary JSON
[Worker001] models: backend=dispatch (local pipeline scripts only; no Claude CLI) ollama=gemma4:e2b (christ gen + task_followup unless --no-followup)
=== 2026-04-10T03:53:48Z start Worker001 ===
[Worker001] checking for pending tasks…
[Worker001] claimed T-0113: Donaldson — 1_chronicles_1: add commentary JSON
[Worker001] models: backend=dispatch (local pipeline scripts only; no Claude CLI) ollama=gemma4:e2b (christ gen + task_followup unless --no-followup)
Reopened T-0113.
Reopened T-0113.
  push failed (non-fatal): Command '['git', 'push', 'origin', 'main']' returned non-zero exit status 1.
[Worker001] T-0113 no dispatch rule — reopened.
  pushed to origin
[Worker001] T-0113 no dispatch rule — reopened.
=== 2026-04-10T03:54:01Z start Worker001 ===
[Worker001] checking for pending tasks…
[Worker001] claimed T-0113: Donaldson — 1_chronicles_1: add commentary JSON
[Worker001] models: backend=dispatch (local pipeline scripts only; no Claude CLI) ollama=gemma4:e2b (christ gen + task_followup unless --no-followup)
Reopened T-0113.
=== 2026-04-10T03:54:02Z start Worker001 ===
[Worker001] checking for pending tasks…
  push failed (non-fatal): Command '['git', 'push', 'origin', 'main']' returned non-zero exit status 1.
[Worker001] T-0113 no dispatch rule — reopened.
[Worker001] claimed T-0113: Donaldson — 1_chronicles_1: add commentary JSON
[Worker001] models: backend=dispatch (local pipeline scripts only; no Claude CLI) ollama=gemma4:e2b (christ gen + task_followup unless --no-followup)
Reopened T-0113.
  pushed to origin
[Worker001] T-0113 no dispatch rule — reopened.
=== 2026-04-10T03:54:17Z start Worker001 ===
[Worker001] checking for pending tasks…
[Worker001] claimed T-0113: Donaldson — 1_chronicles_1: add commentary JSON
[Worker001] models: backend=dispatch (local pipeline scripts only; no Claude CLI) ollama=gemma4:e2b (christ gen + task_followup unless --no-followup)
Reopened T-0113.
=== 2026-04-10T03:54:17Z start Worker001 ===
[Worker001] checking for pending tasks…
[Worker001] claimed T-0113: Donaldson — 1_chronicles_1: add commentary JSON
[Worker001] models: backend=dispatch (local pipeline scripts only; no Claude CLI) ollama=gemma4:e2b (christ gen + task_followup unless --no-followup)
Reopened T-0113.
  push failed (non-fatal): Command '['git', 'push', 'origin', 'main']' returned non-zero exit status 1.
[Worker001] T-0113 no dispatch rule — reopened.
  push failed (non-fatal): Command '['git', 'push', 'origin', 'main']' returned non-zero exit status 1.
[Worker001] T-0113 no dispatch rule — reopened.
=== 2026-04-10T03:54:30Z start Worker001 ===
[Worker001] checking for pending tasks…
[Worker001] claimed T-0113: Donaldson — 1_chronicles_1: add commentary JSON
[Worker001] models: backend=dispatch (local pipeline scripts only; no Claude CLI) ollama=gemma4:e2b (christ gen + task_followup unless --no-followup)
Reopened T-0113.
=== 2026-04-10T03:54:31Z start Worker001 ===
[Worker001] checking for pending tasks…
  pushed to origin
[Worker001] T-0113 no dispatch rule — reopened.
[Worker001] claimed T-0113: Donaldson — 1_chronicles_1: add commentary JSON
[Worker001] models: backend=dispatch (local pipeline scripts only; no Claude CLI) ollama=gemma4:e2b (christ gen + task_followup unless --no-followup)
Reopened T-0113.
  pushed to origin
[Worker001] T-0113 no dispatch rule — reopened.
=== 2026-04-10T03:54:45Z start Worker001 ===
[Worker001] checking for pending tasks…
[Worker001] claimed T-0113: Donaldson — 1_chronicles_1: add commentary JSON
[Worker001] models: backend=dispatch (local pipeline scripts only; no Claude CLI) ollama=gemma4:e2b (christ gen + task_followup unless --no-followup)
Reopened T-0113.
=== 2026-04-10T03:54:46Z start Worker001 ===
[Worker001] checking for pending tasks…
  push failed (non-fatal): Command '['git', 'push', 'origin', 'main']' returned non-zero exit status 1.
[Worker001] T-0113 no dispatch rule — reopened.
[Worker001] claimed T-0113: Donaldson — 1_chronicles_1: add commentary JSON
[Worker001] models: backend=dispatch (local pipeline scripts only; no Claude CLI) ollama=gemma4:e2b (christ gen + task_followup unless --no-followup)
Reopened T-0113.
  pushed to origin
[Worker001] T-0113 no dispatch rule — reopened.
=== 2026-04-10T03:54:59Z start Worker001 ===
[Worker001] checking for pending tasks…
=== 2026-04-10T03:55:01Z start Worker001 ===
[Worker001] checking for pending tasks…
[Worker001] claimed T-0113: Donaldson — 1_chronicles_1: add commentary JSON
[Worker001] models: backend=dispatch (local pipeline scripts only; no Claude CLI) ollama=gemma4:e2b (christ gen + task_followup unless --no-followup)
[Worker001] claimed T-0113: Donaldson — 1_chronicles_1: add commentary JSON
[Worker001] models: backend=dispatch (local pipeline scripts only; no Claude CLI) ollama=gemma4:e2b (christ gen + task_followup unless --no-followup)
Reopened T-0113.
  [ledger] pushed to origin
  pushed to origin
[Worker001] T-0113 no dispatch rule — reopened.
Reopened T-0113.
  pushed to origin
[Worker001] T-0113 no dispatch rule — reopened.
=== 2026-04-10T03:55:14Z start Worker001 ===
[Worker001] checking for pending tasks…
[Worker001] claimed T-0113: Donaldson — 1_chronicles_1: add commentary JSON
[Worker001] models: backend=dispatch (local pipeline scripts only; no Claude CLI) ollama=gemma4:e2b (christ gen + task_followup unless --no-followup)
Reopened T-0113.
=== 2026-04-10T03:55:15Z start Worker001 ===
[Worker001] checking for pending tasks…
  push failed (non-fatal): Command '['git', 'push', 'origin', 'main']' returned non-zero exit status 1.
[Worker001] T-0113 no dispatch rule — reopened.
[Worker001] claimed T-0113: Donaldson — 1_chronicles_1: add commentary JSON
[Worker001] models: backend=dispatch (local pipeline scripts only; no Claude CLI) ollama=gemma4:e2b (christ gen + task_followup unless --no-followup)
Reopened T-0113.
  push failed (non-fatal): Command '['git', 'push', 'origin', 'main']' returned non-zero exit status 1.
[Worker001] T-0113 no dispatch rule — reopened.
=== 2026-04-10T03:55:29Z start Worker001 ===
[Worker001] checking for pending tasks…
[Worker001] claimed T-0113: Donaldson — 1_chronicles_1: add commentary JSON
[Worker001] models: backend=dispatch (local pipeline scripts only; no Claude CLI) ollama=gemma4:e2b (christ gen + task_followup unless --no-followup)
Reopened T-0113.
=== 2026-04-10T03:55:31Z start Worker001 ===
[Worker001] checking for pending tasks…
[Worker001] claimed T-0113: Donaldson — 1_chronicles_1: add commentary JSON
[Worker001] models: backend=dispatch (local pipeline scripts only; no Claude CLI) ollama=gemma4:e2b (christ gen + task_followup unless --no-followup)
Reopened T-0113.
  pushed to origin
[Worker001] T-0113 no dispatch rule — reopened.
  pushed to origin
[Worker001] T-0113 no dispatch rule — reopened.
=== 2026-04-10T03:55:44Z start Worker001 ===
[Worker001] checking for pending tasks…
=== 2026-04-10T03:55:46Z start Worker001 ===
[Worker001] checking for pending tasks…
[Worker001] claimed T-0113: Donaldson — 1_chronicles_1: add commentary JSON
[Worker001] models: backend=dispatch (local pipeline scripts only; no Claude CLI) ollama=gemma4:e2b (christ gen + task_followup unless --no-followup)
[Worker001] claimed T-0113: Donaldson — 1_chronicles_1: add commentary JSON
[Worker001] models: backend=dispatch (local pipeline scripts only; no Claude CLI) ollama=gemma4:e2b (christ gen + task_followup unless --no-followup)
Reopened T-0113.
Reopened T-0113.
  [ledger] pushed to origin
  push failed (non-fatal): Command '['git', 'push', 'origin', 'main']' returned non-zero exit status 1.
[Worker001] T-0113 no dispatch rule — reopened.
  pushed to origin
[Worker001] T-0113 no dispatch rule — reopened.
=== 2026-04-10T03:56:00Z start Worker001 ===
[Worker001] checking for pending tasks…
[Worker001] claimed T-0113: Donaldson — 1_chronicles_1: add commentary JSON
[Worker001] models: backend=dispatch (local pipeline scripts only; no Claude CLI) ollama=gemma4:e2b (christ gen + task_followup unless --no-followup)
Reopened T-0113.
=== 2026-04-10T03:56:01Z start Worker001 ===
[Worker001] checking for pending tasks…
[Worker001] claimed T-0113: Donaldson — 1_chronicles_1: add commentary JSON
[Worker001] models: backend=dispatch (local pipeline scripts only; no Claude CLI) ollama=gemma4:e2b (christ gen + task_followup unless --no-followup)
Reopened T-0113.
  pushed to origin
[Worker001] T-0113 no dispatch rule — reopened.
  push failed (non-fatal): Command '['git', 'push', 'origin', 'main']' returned non-zero exit status 1.
[Worker001] T-0113 no dispatch rule — reopened.
=== 2026-04-10T03:56:14Z start Worker001 ===
[Worker001] checking for pending tasks…
[Worker001] claimed T-0113: Donaldson — 1_chronicles_1: add commentary JSON
[Worker001] models: backend=dispatch (local pipeline scripts only; no Claude CLI) ollama=gemma4:e2b (christ gen + task_followup unless --no-followup)
Reopened T-0113.
=== 2026-04-10T03:56:16Z start Worker001 ===
[Worker001] checking for pending tasks…
[Worker001] claimed T-0113: Donaldson — 1_chronicles_1: add commentary JSON
[Worker001] models: backend=dispatch (local pipeline scripts only; no Claude CLI) ollama=gemma4:e2b (christ gen + task_followup unless --no-followup)
Reopened T-0113.
  push failed (non-fatal): Command '['git', 'push', 'origin', 'main']' returned non-zero exit status 1.
[Worker001] T-0113 no dispatch rule — reopened.
  push failed (non-fatal): Command '['git', 'push', 'origin', 'main']' returned non-zero exit status 1.
[Worker001] T-0113 no dispatch rule — reopened.
=== 2026-04-10T03:56:29Z start Worker001 ===
[Worker001] checking for pending tasks…
[Worker001] claimed T-0113: Donaldson — 1_chronicles_1: add commentary JSON
[Worker001] models: backend=dispatch (local pipeline scripts only; no Claude CLI) ollama=gemma4:e2b (christ gen + task_followup unless --no-followup)
Reopened T-0113.
=== 2026-04-10T03:56:30Z start Worker001 ===
[Worker001] checking for pending tasks…
[Worker001] claimed T-0113: Donaldson — 1_chronicles_1: add commentary JSON
[Worker001] models: backend=dispatch (local pipeline scripts only; no Claude CLI) ollama=gemma4:e2b (christ gen + task_followup unless --no-followup)
Reopened T-0113.
  pushed to origin
[Worker001] T-0113 no dispatch rule — reopened.
  push failed (non-fatal): Command '['git', 'push', 'origin', 'main']' returned non-zero exit status 1.
[Worker001] T-0113 no dispatch rule — reopened.
=== 2026-04-10T03:56:44Z start Worker001 ===
[Worker001] checking for pending tasks…
[Worker001] claimed T-0113: Donaldson — 1_chronicles_1: add commentary JSON
[Worker001] models: backend=dispatch (local pipeline scripts only; no Claude CLI) ollama=gemma4:e2b (christ gen + task_followup unless --no-followup)
Reopened T-0113.
=== 2026-04-10T03:56:45Z start Worker001 ===
[Worker001] checking for pending tasks…
[Worker001] claimed T-0113: Donaldson — 1_chronicles_1: add commentary JSON
[Worker001] models: backend=dispatch (local pipeline scripts only; no Claude CLI) ollama=gemma4:e2b (christ gen + task_followup unless --no-followup)
Reopened T-0113.
  push failed (non-fatal): Command '['git', 'push', 'origin', 'main']' returned non-zero exit status 1.
[Worker001] T-0113 no dispatch rule — reopened.
  push failed (non-fatal): Command '['git', 'push', 'origin', 'main']' returned non-zero exit status 1.
[Worker001] T-0113 no dispatch rule — reopened.
=== 2026-04-10T03:56:59Z start Worker001 ===
[Worker001] checking for pending tasks…
[Worker001] claimed T-0113: Donaldson — 1_chronicles_1: add commentary JSON
[Worker001] models: backend=dispatch (local pipeline scripts only; no Claude CLI) ollama=gemma4:e2b (christ gen + task_followup unless --no-followup)
Reopened T-0113.
=== 2026-04-10T03:57:00Z start Worker001 ===
[Worker001] checking for pending tasks…
  push failed (non-fatal): Command '['git', 'push', 'origin', 'main']' returned non-zero exit status 1.
[Worker001] T-0113 no dispatch rule — reopened.
[Worker001] claimed T-0113: Donaldson — 1_chronicles_1: add commentary JSON
[Worker001] models: backend=dispatch (local pipeline scripts only; no Claude CLI) ollama=gemma4:e2b (christ gen + task_followup unless --no-followup)
Reopened T-0113.
  pushed to origin
[Worker001] T-0113 no dispatch rule — reopened.
=== 2026-04-10T03:57:14Z start Worker001 ===
[Worker001] checking for pending tasks…
[Worker001] claimed T-0113: Donaldson — 1_chronicles_1: add commentary JSON
[Worker001] models: backend=dispatch (local pipeline scripts only; no Claude CLI) ollama=gemma4:e2b (christ gen + task_followup unless --no-followup)
Reopened T-0113.
=== 2026-04-10T03:57:15Z start Worker001 ===
[Worker001] checking for pending tasks…
  pushed to origin
[Worker001] T-0113 no dispatch rule — reopened.
[Worker001] claimed T-0113: Donaldson — 1_chronicles_1: add commentary JSON
[Worker001] models: backend=dispatch (local pipeline scripts only; no Claude CLI) ollama=gemma4:e2b (christ gen + task_followup unless --no-followup)
Reopened T-0113.
  push failed (non-fatal): Command '['git', 'push', 'origin', 'main']' returned non-zero exit status 1.
[Worker001] T-0113 no dispatch rule — reopened.
=== 2026-04-10T03:57:28Z start Worker001 ===
[Worker001] checking for pending tasks…
=== 2026-04-10T03:57:30Z start Worker001 ===
[Worker001] checking for pending tasks…
[Worker001] claimed T-0113: Donaldson — 1_chronicles_1: add commentary JSON
[Worker001] models: backend=dispatch (local pipeline scripts only; no Claude CLI) ollama=gemma4:e2b (christ gen + task_followup unless --no-followup)
Reopened T-0113.
[Worker001] claimed T-0113: Donaldson — 1_chronicles_1: add commentary JSON
[Worker001] models: backend=dispatch (local pipeline scripts only; no Claude CLI) ollama=gemma4:e2b (christ gen + task_followup unless --no-followup)
  pushed to origin
[Worker001] T-0113 no dispatch rule — reopened.
Reopened T-0113.
  push failed (non-fatal): Command '['git', 'push', 'origin', 'main']' returned non-zero exit status 1.
[Worker001] T-0113 no dispatch rule — reopened.
=== 2026-04-10T03:57:44Z start Worker001 ===
[Worker001] checking for pending tasks…
[Worker001] claimed T-0113: Donaldson — 1_chronicles_1: add commentary JSON
[Worker001] models: backend=dispatch (local pipeline scripts only; no Claude CLI) ollama=gemma4:e2b (christ gen + task_followup unless --no-followup)
Reopened T-0113.
=== 2026-04-10T03:57:45Z start Worker001 ===
[Worker001] checking for pending tasks…
  push failed (non-fatal): Command '['git', 'push', 'origin', 'main']' returned non-zero exit status 1.
[Worker001] T-0113 no dispatch rule — reopened.
[Worker001] claimed T-0113: Donaldson — 1_chronicles_1: add commentary JSON
[Worker001] models: backend=dispatch (local pipeline scripts only; no Claude CLI) ollama=gemma4:e2b (christ gen + task_followup unless --no-followup)
Reopened T-0113.
  pushed to origin
[Worker001] T-0113 no dispatch rule — reopened.
=== 2026-04-10T03:57:58Z start Worker001 ===
[Worker001] checking for pending tasks…
=== 2026-04-10T03:57:59Z start Worker001 ===
[Worker001] checking for pending tasks…
[Worker001] claimed T-0113: Donaldson — 1_chronicles_1: add commentary JSON
[Worker001] models: backend=dispatch (local pipeline scripts only; no Claude CLI) ollama=gemma4:e2b (christ gen + task_followup unless --no-followup)
Reopened T-0113.
[Worker001] claimed T-0113: Donaldson — 1_chronicles_1: add commentary JSON
[Worker001] models: backend=dispatch (local pipeline scripts only; no Claude CLI) ollama=gemma4:e2b (christ gen + task_followup unless --no-followup)
  push failed (non-fatal): Command '['git', 'push', 'origin', 'main']' returned non-zero exit status 1.
[Worker001] T-0113 no dispatch rule — reopened.
Reopened T-0113.
  [ledger] pushed to origin
  pushed to origin
[Worker001] T-0113 no dispatch rule — reopened.
=== 2026-04-10T03:58:12Z start Worker001 ===
[Worker001] checking for pending tasks…
=== 2026-04-10T03:58:14Z start Worker001 ===
[Worker001] checking for pending tasks…
[Worker001] claimed T-0113: Donaldson — 1_chronicles_1: add commentary JSON
[Worker001] models: backend=dispatch (local pipeline scripts only; no Claude CLI) ollama=gemma4:e2b (christ gen + task_followup unless --no-followup)
[Worker001] claimed T-0113: Donaldson — 1_chronicles_1: add commentary JSON
[Worker001] models: backend=dispatch (local pipeline scripts only; no Claude CLI) ollama=gemma4:e2b (christ gen + task_followup unless --no-followup)
Reopened T-0113.
Reopened T-0113.
  [ledger] pushed to origin
  push failed (non-fatal): Command '['git', 'push', 'origin', 'main']' returned non-zero exit status 1.
[Worker001] T-0113 no dispatch rule — reopened.
  pushed to origin
[Worker001] T-0113 no dispatch rule — reopened.
=== 2026-04-10T03:58:27Z start Worker001 ===
[Worker001] checking for pending tasks…
=== 2026-04-10T03:58:28Z start Worker001 ===
[Worker001] checking for pending tasks…
[Worker001] claimed T-0113: Donaldson — 1_chronicles_1: add commentary JSON
[Worker001] models: backend=dispatch (local pipeline scripts only; no Claude CLI) ollama=gemma4:e2b (christ gen + task_followup unless --no-followup)
[Worker001] claimed T-0113: Donaldson — 1_chronicles_1: add commentary JSON
[Worker001] models: backend=dispatch (local pipeline scripts only; no Claude CLI) ollama=gemma4:e2b (christ gen + task_followup unless --no-followup)
Reopened T-0113.
Reopened T-0113.
  [ledger] pushed to origin
  push failed (non-fatal): Command '['git', 'push', 'origin', 'main']' returned non-zero exit status 1.
[Worker001] T-0113 no dispatch rule — reopened.
  pushed to origin
[Worker001] T-0113 no dispatch rule — reopened.
=== 2026-04-10T03:58:41Z start Worker001 ===
[Worker001] checking for pending tasks…
[Worker001] claimed T-0113: Donaldson — 1_chronicles_1: add commentary JSON
[Worker001] models: backend=dispatch (local pipeline scripts only; no Claude CLI) ollama=gemma4:e2b (christ gen + task_followup unless --no-followup)
Reopened T-0113.
=== 2026-04-10T03:58:42Z start Worker001 ===
[Worker001] checking for pending tasks…
  push failed (non-fatal): Command '['git', 'push', 'origin', 'main']' returned non-zero exit status 1.
[Worker001] T-0113 no dispatch rule — reopened.
[Worker001] claimed T-0113: Donaldson — 1_chronicles_1: add commentary JSON
[Worker001] models: backend=dispatch (local pipeline scripts only; no Claude CLI) ollama=gemma4:e2b (christ gen + task_followup unless --no-followup)
Reopened T-0113.
  pushed to origin
[Worker001] T-0113 no dispatch rule — reopened.
=== 2026-04-10T03:58:56Z start Worker001 ===
[Worker001] checking for pending tasks…
[Worker001] claimed T-0113: Donaldson — 1_chronicles_1: add commentary JSON
[Worker001] models: backend=dispatch (local pipeline scripts only; no Claude CLI) ollama=gemma4:e2b (christ gen + task_followup unless --no-followup)
Reopened T-0113.
=== 2026-04-10T03:58:56Z start Worker001 ===
[Worker001] checking for pending tasks…
[Worker001] claimed T-0113: Donaldson — 1_chronicles_1: add commentary JSON
[Worker001] models: backend=dispatch (local pipeline scripts only; no Claude CLI) ollama=gemma4:e2b (christ gen + task_followup unless --no-followup)
Reopened T-0113.
  pushed to origin
[Worker001] T-0113 no dispatch rule — reopened.
  push failed (non-fatal): Command '['git', 'push', 'origin', 'main']' returned non-zero exit status 1.
[Worker001] T-0113 no dispatch rule — reopened.
=== 2026-04-10T03:59:10Z start Worker001 ===
[Worker001] checking for pending tasks…
[Worker001] claimed T-0113: Donaldson — 1_chronicles_1: add commentary JSON
[Worker001] models: backend=dispatch (local pipeline scripts only; no Claude CLI) ollama=gemma4:e2b (christ gen + task_followup unless --no-followup)
Reopened T-0113.
=== 2026-04-10T03:59:11Z start Worker001 ===
[Worker001] checking for pending tasks…
[Worker001] claimed T-0113: Donaldson — 1_chronicles_1: add commentary JSON
[Worker001] models: backend=dispatch (local pipeline scripts only; no Claude CLI) ollama=gemma4:e2b (christ gen + task_followup unless --no-followup)
Reopened T-0113.
  push failed (non-fatal): Command '['git', 'push', 'origin', 'main']' returned non-zero exit status 1.
[Worker001] T-0113 no dispatch rule — reopened.
  push failed (non-fatal): Command '['git', 'push', 'origin', 'main']' returned non-zero exit status 1.
[Worker001] T-0113 no dispatch rule — reopened.
=== 2026-04-10T03:59:24Z start Worker001 ===
[Worker001] checking for pending tasks…
[Worker001] claimed T-0113: Donaldson — 1_chronicles_1: add commentary JSON
[Worker001] models: backend=dispatch (local pipeline scripts only; no Claude CLI) ollama=gemma4:e2b (christ gen + task_followup unless --no-followup)
=== 2026-04-10T03:59:25Z start Worker001 ===
Reopened T-0113.
[Worker001] checking for pending tasks…
  push failed (non-fatal): Command '['git', 'push', 'origin', 'main']' returned non-zero exit status 1.
[Worker001] T-0113 no dispatch rule — reopened.
[Worker001] claimed T-0113: Donaldson — 1_chronicles_1: add commentary JSON
[Worker001] models: backend=dispatch (local pipeline scripts only; no Claude CLI) ollama=gemma4:e2b (christ gen + task_followup unless --no-followup)
Reopened T-0113.
  pushed to origin
[Worker001] T-0113 no dispatch rule — reopened.
=== 2026-04-10T03:59:39Z start Worker001 ===
[Worker001] checking for pending tasks…
=== 2026-04-10T03:59:40Z start Worker001 ===
[Worker001] checking for pending tasks…
[Worker001] claimed T-0113: Donaldson — 1_chronicles_1: add commentary JSON
[Worker001] models: backend=dispatch (local pipeline scripts only; no Claude CLI) ollama=gemma4:e2b (christ gen + task_followup unless --no-followup)
[Worker001] claimed T-0113: Donaldson — 1_chronicles_1: add commentary JSON
[Worker001] models: backend=dispatch (local pipeline scripts only; no Claude CLI) ollama=gemma4:e2b (christ gen + task_followup unless --no-followup)
Reopened T-0113.
  [ledger] pushed to origin
Reopened T-0113.
  pushed to origin
[Worker001] T-0113 no dispatch rule — reopened.
  pushed to origin
[Worker001] T-0113 no dispatch rule — reopened.
=== 2026-04-10T03:59:53Z start Worker001 ===
[Worker001] checking for pending tasks…
=== 2026-04-10T03:59:53Z start Worker001 ===
[Worker001] checking for pending tasks…
[Worker001] claimed T-0113: Donaldson — 1_chronicles_1: add commentary JSON
[Worker001] models: backend=dispatch (local pipeline scripts only; no Claude CLI) ollama=gemma4:e2b (christ gen + task_followup unless --no-followup)
Reopened T-0113.
[Worker001] claimed T-0113: Donaldson — 1_chronicles_1: add commentary JSON
[Worker001] models: backend=dispatch (local pipeline scripts only; no Claude CLI) ollama=gemma4:e2b (christ gen + task_followup unless --no-followup)
  push failed (non-fatal): Command '['git', 'push', 'origin', 'main']' returned non-zero exit status 1.
[Worker001] T-0113 no dispatch rule — reopened.
Reopened T-0113.
  [ledger] pushed to origin
  pushed to origin
[Worker001] T-0113 no dispatch rule — reopened.
=== 2026-04-10T04:00:07Z start Worker001 ===
[Worker001] checking for pending tasks…
[Worker001] claimed T-0113: Donaldson — 1_chronicles_1: add commentary JSON
[Worker001] models: backend=dispatch (local pipeline scripts only; no Claude CLI) ollama=gemma4:e2b (christ gen + task_followup unless --no-followup)
=== 2026-04-10T04:00:08Z start Worker001 ===
[Worker001] checking for pending tasks…
[Worker001] claimed T-0113: Donaldson — 1_chronicles_1: add commentary JSON
[Worker001] models: backend=dispatch (local pipeline scripts only; no Claude CLI) ollama=gemma4:e2b (christ gen + task_followup unless --no-followup)
Reopened T-0113.
Reopened T-0113.
  push failed (non-fatal): Command '['git', 'push', 'origin', 'main']' returned non-zero exit status 1.
[Worker001] T-0113 no dispatch rule — reopened.
  pushed to origin
[Worker001] T-0113 no dispatch rule — reopened.
=== 2026-04-10T04:00:21Z start Worker001 ===
[Worker001] checking for pending tasks…
=== 2026-04-10T04:00:22Z start Worker001 ===
[Worker001] checking for pending tasks…
[Worker001] claimed T-0113: Donaldson — 1_chronicles_1: add commentary JSON
[Worker001] models: backend=dispatch (local pipeline scripts only; no Claude CLI) ollama=gemma4:e2b (christ gen + task_followup unless --no-followup)
Reopened T-0113.
[Worker001] claimed T-0113: Donaldson — 1_chronicles_1: add commentary JSON
[Worker001] models: backend=dispatch (local pipeline scripts only; no Claude CLI) ollama=gemma4:e2b (christ gen + task_followup unless --no-followup)
  push failed (non-fatal): Command '['git', 'push', 'origin', 'main']' returned non-zero exit status 1.
[Worker001] T-0113 no dispatch rule — reopened.
Reopened T-0113.
  [ledger] pushed to origin
  pushed to origin
[Worker001] T-0113 no dispatch rule — reopened.
=== 2026-04-10T04:00:36Z start Worker001 ===
[Worker001] checking for pending tasks…
=== 2026-04-10T04:00:37Z start Worker001 ===
[Worker001] checking for pending tasks…
[Worker001] claimed T-0113: Donaldson — 1_chronicles_1: add commentary JSON
[Worker001] models: backend=dispatch (local pipeline scripts only; no Claude CLI) ollama=gemma4:e2b (christ gen + task_followup unless --no-followup)
Reopened T-0113.
[Worker001] claimed T-0113: Donaldson — 1_chronicles_1: add commentary JSON
[Worker001] models: backend=dispatch (local pipeline scripts only; no Claude CLI) ollama=gemma4:e2b (christ gen + task_followup unless --no-followup)
  push failed (non-fatal): Command '['git', 'push', 'origin', 'main']' returned non-zero exit status 1.
[Worker001] T-0113 no dispatch rule — reopened.
Reopened T-0113.
  [ledger] pushed to origin
  pushed to origin
[Worker001] T-0113 no dispatch rule — reopened.
=== 2026-04-10T04:00:49Z start Worker001 ===
[Worker001] checking for pending tasks…
[Worker001] claimed T-0113: Donaldson — 1_chronicles_1: add commentary JSON
[Worker001] models: backend=dispatch (local pipeline scripts only; no Claude CLI) ollama=gemma4:e2b (christ gen + task_followup unless --no-followup)
Reopened T-0113.
=== 2026-04-10T04:00:50Z start Worker001 ===
[Worker001] checking for pending tasks…
[Worker001] claimed T-0113: Donaldson — 1_chronicles_1: add commentary JSON
[Worker001] models: backend=dispatch (local pipeline scripts only; no Claude CLI) ollama=gemma4:e2b (christ gen + task_followup unless --no-followup)
Reopened T-0113.
  push failed (non-fatal): Command '['git', 'push', 'origin', 'main']' returned non-zero exit status 1.
[Worker001] T-0113 no dispatch rule — reopened.
  push failed (non-fatal): Command '['git', 'push', 'origin', 'main']' returned non-zero exit status 1.
[Worker001] T-0113 no dispatch rule — reopened.
=== 2026-04-10T04:01:04Z start Worker001 ===
[Worker001] checking for pending tasks…
[Worker001] claimed T-0113: Donaldson — 1_chronicles_1: add commentary JSON
[Worker001] models: backend=dispatch (local pipeline scripts only; no Claude CLI) ollama=gemma4:e2b (christ gen + task_followup unless --no-followup)
Reopened T-0113.
=== 2026-04-10T04:01:05Z start Worker001 ===
[Worker001] checking for pending tasks…
[Worker001] claimed T-0113: Donaldson — 1_chronicles_1: add commentary JSON
[Worker001] models: backend=dispatch (local pipeline scripts only; no Claude CLI) ollama=gemma4:e2b (christ gen + task_followup unless --no-followup)
  push failed (non-fatal): Command '['git', 'push', 'origin', 'main']' returned non-zero exit status 1.
[Worker001] T-0113 no dispatch rule — reopened.
Reopened T-0113.
  push failed (non-fatal): Command '['git', 'push', 'origin', 'main']' returned non-zero exit status 1.
[Worker001] T-0113 no dispatch rule — reopened.
=== 2026-04-10T04:01:18Z start Worker001 ===
[Worker001] checking for pending tasks…
[Worker001] claimed T-0113: Donaldson — 1_chronicles_1: add commentary JSON
[Worker001] models: backend=dispatch (local pipeline scripts only; no Claude CLI) ollama=gemma4:e2b (christ gen + task_followup unless --no-followup)
=== 2026-04-10T04:01:18Z start Worker001 ===
Reopened T-0113.
[Worker001] checking for pending tasks…
[Worker001] claimed T-0113: Donaldson — 1_chronicles_1: add commentary JSON
[Worker001] models: backend=dispatch (local pipeline scripts only; no Claude CLI) ollama=gemma4:e2b (christ gen + task_followup unless --no-followup)
Reopened T-0113.
  pushed to origin
[Worker001] T-0113 no dispatch rule — reopened.
  push failed (non-fatal): Command '['git', 'push', 'origin', 'main']' returned non-zero exit status 1.
[Worker001] T-0113 no dispatch rule — reopened.
=== 2026-04-10T04:01:33Z start Worker001 ===
[Worker001] checking for pending tasks…
=== 2026-04-10T04:01:34Z start Worker001 ===
[Worker001] checking for pending tasks…
[Worker001] claimed T-0113: Donaldson — 1_chronicles_1: add commentary JSON
[Worker001] models: backend=dispatch (local pipeline scripts only; no Claude CLI) ollama=gemma4:e2b (christ gen + task_followup unless --no-followup)
Reopened T-0113.
[Worker001] claimed T-0113: Donaldson — 1_chronicles_1: add commentary JSON
[Worker001] models: backend=dispatch (local pipeline scripts only; no Claude CLI) ollama=gemma4:e2b (christ gen + task_followup unless --no-followup)
  push failed (non-fatal): Command '['git', 'push', 'origin', 'main']' returned non-zero exit status 1.
[Worker001] T-0113 no dispatch rule — reopened.
Reopened T-0113.
  [ledger] pushed to origin
  pushed to origin
[Worker001] T-0113 no dispatch rule — reopened.
=== 2026-04-10T04:01:46Z start Worker001 ===
[Worker001] checking for pending tasks…
[Worker001] claimed T-0113: Donaldson — 1_chronicles_1: add commentary JSON
[Worker001] models: backend=dispatch (local pipeline scripts only; no Claude CLI) ollama=gemma4:e2b (christ gen + task_followup unless --no-followup)
=== 2026-04-10T04:01:46Z start Worker001 ===
[Worker001] checking for pending tasks…
Reopened T-0113.
[Worker001] claimed T-0117: Donaldson — 1_chronicles_10: add commentary JSON
[Worker001] models: backend=dispatch (local pipeline scripts only; no Claude CLI) ollama=gemma4:e2b (christ gen + task_followup unless --no-followup)
  push failed (non-fatal): Command '['git', 'push', 'origin', 'main']' returned non-zero exit status 1.
[Worker001] T-0113 no dispatch rule — reopened.
Reopened T-0117.
  pushed to origin
[Worker001] T-0117 no dispatch rule — reopened.
=== 2026-04-10T04:02:01Z start Worker001 ===
[Worker001] checking for pending tasks…
[Worker001] claimed T-0113: Donaldson — 1_chronicles_1: add commentary JSON
[Worker001] models: backend=dispatch (local pipeline scripts only; no Claude CLI) ollama=gemma4:e2b (christ gen + task_followup unless --no-followup)
Reopened T-0113.
=== 2026-04-10T04:02:02Z start Worker001 ===
[Worker001] checking for pending tasks…
[Worker001] claimed T-0113: Donaldson — 1_chronicles_1: add commentary JSON
[Worker001] models: backend=dispatch (local pipeline scripts only; no Claude CLI) ollama=gemma4:e2b (christ gen + task_followup unless --no-followup)
Reopened T-0113.
  push failed (non-fatal): Command '['git', 'push', 'origin', 'main']' returned non-zero exit status 1.
[Worker001] T-0113 no dispatch rule — reopened.
  push failed (non-fatal): Command '['git', 'push', 'origin', 'main']' returned non-zero exit status 1.
[Worker001] T-0113 no dispatch rule — reopened.
=== 2026-04-10T04:02:13Z start Worker001 ===
[Worker001] checking for pending tasks…
[Worker001] claimed T-0113: Donaldson — 1_chronicles_1: add commentary JSON
[Worker001] models: backend=dispatch (local pipeline scripts only; no Claude CLI) ollama=gemma4:e2b (christ gen + task_followup unless --no-followup)
Reopened T-0113.
=== 2026-04-10T04:02:15Z start Worker001 ===
[Worker001] checking for pending tasks…
[Worker001] claimed T-0113: Donaldson — 1_chronicles_1: add commentary JSON
[Worker001] models: backend=dispatch (local pipeline scripts only; no Claude CLI) ollama=gemma4:e2b (christ gen + task_followup unless --no-followup)
  push failed (non-fatal): Command '['git', 'push', 'origin', 'main']' returned non-zero exit status 1.
[Worker001] T-0113 no dispatch rule — reopened.
Reopened T-0113.
  push failed (non-fatal): Command '['git', 'push', 'origin', 'main']' returned non-zero exit status 1.
[Worker001] T-0113 no dispatch rule — reopened.
=== 2026-04-10T04:02:29Z start Worker001 ===
[Worker001] checking for pending tasks…
[Worker001] claimed T-0113: Donaldson — 1_chronicles_1: add commentary JSON
[Worker001] models: backend=dispatch (local pipeline scripts only; no Claude CLI) ollama=gemma4:e2b (christ gen + task_followup unless --no-followup)
Reopened T-0113.
=== 2026-04-10T04:02:31Z start Worker001 ===
[Worker001] checking for pending tasks…
  push failed (non-fatal): Command '['git', 'push', 'origin', 'main']' returned non-zero exit status 1.
[Worker001] T-0113 no dispatch rule — reopened.
[Worker001] claimed T-0113: Donaldson — 1_chronicles_1: add commentary JSON
[Worker001] models: backend=dispatch (local pipeline scripts only; no Claude CLI) ollama=gemma4:e2b (christ gen + task_followup unless --no-followup)
Reopened T-0113.
  pushed to origin
[Worker001] T-0113 no dispatch rule — reopened.
=== 2026-04-10T04:02:42Z start Worker001 ===
[Worker001] checking for pending tasks…
[Worker001] claimed T-0113: Donaldson — 1_chronicles_1: add commentary JSON
[Worker001] models: backend=dispatch (local pipeline scripts only; no Claude CLI) ollama=gemma4:e2b (christ gen + task_followup unless --no-followup)
=== 2026-04-10T04:02:43Z start Worker001 ===
[Worker001] checking for pending tasks…
Reopened T-0113.
[Worker001] claimed T-0113: Donaldson — 1_chronicles_1: add commentary JSON
[Worker001] models: backend=dispatch (local pipeline scripts only; no Claude CLI) ollama=gemma4:e2b (christ gen + task_followup unless --no-followup)
Reopened T-0113.
  push failed (non-fatal): Command '['git', 'push', 'origin', 'main']' returned non-zero exit status 1.
[Worker001] T-0113 no dispatch rule — reopened.
  push failed (non-fatal): Command '['git', 'push', 'origin', 'main']' returned non-zero exit status 1.
[Worker001] T-0113 no dispatch rule — reopened.
=== 2026-04-10T04:02:58Z start Worker001 ===
[Worker001] checking for pending tasks…
=== 2026-04-10T04:02:59Z start Worker001 ===
[Worker001] checking for pending tasks…
[Worker001] claimed T-0113: Donaldson — 1_chronicles_1: add commentary JSON
[Worker001] models: backend=dispatch (local pipeline scripts only; no Claude CLI) ollama=gemma4:e2b (christ gen + task_followup unless --no-followup)
Reopened T-0113.
[Worker001] claimed T-0113: Donaldson — 1_chronicles_1: add commentary JSON
[Worker001] models: backend=dispatch (local pipeline scripts only; no Claude CLI) ollama=gemma4:e2b (christ gen + task_followup unless --no-followup)
  push failed (non-fatal): Command '['git', 'push', 'origin', 'main']' returned non-zero exit status 1.
[Worker001] T-0113 no dispatch rule — reopened.
Reopened T-0113.
  [ledger] pushed to origin
  pushed to origin
[Worker001] T-0113 no dispatch rule — reopened.
=== 2026-04-10T04:03:12Z start Worker001 ===
=== 2026-04-10T04:03:12Z start Worker001 ===
[Worker001] checking for pending tasks…
[Worker001] checking for pending tasks…
[Worker001] claimed T-0113: Donaldson — 1_chronicles_1: add commentary JSON
[Worker001] models: backend=dispatch (local pipeline scripts only; no Claude CLI) ollama=gemma4:e2b (christ gen + task_followup unless --no-followup)
[Worker001] claimed T-0113: Donaldson — 1_chronicles_1: add commentary JSON
[Worker001] models: backend=dispatch (local pipeline scripts only; no Claude CLI) ollama=gemma4:e2b (christ gen + task_followup unless --no-followup)
Reopened T-0113.
Reopened T-0113.
  pushed to origin
[Worker001] T-0113 no dispatch rule — reopened.
  push failed (non-fatal): Command '['git', 'push', 'origin', 'main']' returned non-zero exit status 1.
[Worker001] T-0113 no dispatch rule — reopened.
=== 2026-04-10T04:03:28Z start Worker001 ===
[Worker001] checking for pending tasks…
[Worker001] claimed T-0113: Donaldson — 1_chronicles_1: add commentary JSON
[Worker001] models: backend=dispatch (local pipeline scripts only; no Claude CLI) ollama=gemma4:e2b (christ gen + task_followup unless --no-followup)
Reopened T-0113.
=== 2026-04-10T04:03:29Z start Worker001 ===
[Worker001] checking for pending tasks…
[Worker001] claimed T-0113: Donaldson — 1_chronicles_1: add commentary JSON
[Worker001] models: backend=dispatch (local pipeline scripts only; no Claude CLI) ollama=gemma4:e2b (christ gen + task_followup unless --no-followup)
Reopened T-0113.
  pushed to origin
[Worker001] T-0113 no dispatch rule — reopened.
  push failed (non-fatal): Command '['git', 'push', 'origin', 'main']' returned non-zero exit status 1.
[Worker001] T-0113 no dispatch rule — reopened.
=== 2026-04-10T04:03:36Z start Worker001 ===
[Worker001] checking for pending tasks…
[Worker001] claimed T-0113: Donaldson — 1_chronicles_1: add commentary JSON
[Worker001] models: backend=dispatch (local pipeline scripts only; no Claude CLI) ollama=gemma4:e2b (christ gen + task_followup unless --no-followup)
Reopened T-0113.
  pushed to origin
[Worker001] T-0113 no dispatch rule — reopened.
=== 2026-04-10T04:03:41Z start Worker001 ===
[Worker001] checking for pending tasks…
[Worker001] claimed T-0113: Donaldson — 1_chronicles_1: add commentary JSON
[Worker001] models: backend=dispatch (local pipeline scripts only; no Claude CLI) ollama=gemma4:e2b (christ gen + task_followup unless --no-followup)
Reopened T-0113.
  push failed (non-fatal): Command '['git', 'push', 'origin', 'main']' returned non-zero exit status 1.
[Worker001] T-0113 no dispatch rule — reopened.
=== 2026-04-10T04:03:56Z start Worker001 ===
[Worker001] checking for pending tasks…
[Worker001] claimed T-0113: Donaldson — 1_chronicles_1: add commentary JSON
[Worker001] models: backend=dispatch (local pipeline scripts only; no Claude CLI) ollama=gemma4:e2b (christ gen + task_followup unless --no-followup)
=== 2026-04-10T04:03:57Z start Worker001 ===
[Worker001] checking for pending tasks…
Reopened T-0113.
[Worker001] claimed T-0113: Donaldson — 1_chronicles_1: add commentary JSON
[Worker001] models: backend=dispatch (local pipeline scripts only; no Claude CLI) ollama=gemma4:e2b (christ gen + task_followup unless --no-followup)
  pushed to origin
[Worker001] T-0113 no dispatch rule — reopened.
Reopened T-0113.
  pushed to origin
[Worker001] T-0113 no dispatch rule — reopened.
=== 2026-04-10T04:04:05Z start Worker001 ===
[Worker001] checking for pending tasks…
[Worker001] claimed T-0113: Donaldson — 1_chronicles_1: add commentary JSON
[Worker001] models: backend=dispatch (local pipeline scripts only; no Claude CLI) ollama=gemma4:e2b (christ gen + task_followup unless --no-followup)
Reopened T-0113.
  pushed to origin
[Worker001] T-0113 no dispatch rule — reopened.
=== 2026-04-10T04:04:10Z start Worker001 ===
[Worker001] checking for pending tasks…
[Worker001] claimed T-0113: Donaldson — 1_chronicles_1: add commentary JSON
[Worker001] models: backend=dispatch (local pipeline scripts only; no Claude CLI) ollama=gemma4:e2b (christ gen + task_followup unless --no-followup)
Reopened T-0113.
  [ledger] pushed to origin
  pushed to origin
[Worker001] T-0113 no dispatch rule — reopened.
=== 2026-04-10T04:04:25Z start Worker001 ===
[Worker001] checking for pending tasks…
[Worker001] claimed T-0113: Donaldson — 1_chronicles_1: add commentary JSON
[Worker001] models: backend=dispatch (local pipeline scripts only; no Claude CLI) ollama=gemma4:e2b (christ gen + task_followup unless --no-followup)
Reopened T-0113.
=== 2026-04-10T04:04:26Z start Worker001 ===
[Worker001] checking for pending tasks…
  push failed (non-fatal): Command '['git', 'push', 'origin', 'main']' returned non-zero exit status 1.
[Worker001] T-0113 no dispatch rule — reopened.
[Worker001] claimed T-0113: Donaldson — 1_chronicles_1: add commentary JSON
[Worker001] models: backend=dispatch (local pipeline scripts only; no Claude CLI) ollama=gemma4:e2b (christ gen + task_followup unless --no-followup)
Reopened T-0113.
  pushed to origin
[Worker001] T-0113 no dispatch rule — reopened.
=== 2026-04-10T04:04:34Z start Worker001 ===
[Worker001] checking for pending tasks…
[Worker001] claimed T-0113: Donaldson — 1_chronicles_1: add commentary JSON
[Worker001] models: backend=dispatch (local pipeline scripts only; no Claude CLI) ollama=gemma4:e2b (christ gen + task_followup unless --no-followup)
Reopened T-0113.
  push failed (non-fatal): Command '['git', 'push', 'origin', 'main']' returned non-zero exit status 1.
[Worker001] T-0113 no dispatch rule — reopened.
=== 2026-04-10T04:04:38Z start Worker001 ===
[Worker001] checking for pending tasks…
[Worker001] claimed T-0113: Donaldson — 1_chronicles_1: add commentary JSON
[Worker001] models: backend=dispatch (local pipeline scripts only; no Claude CLI) ollama=gemma4:e2b (christ gen + task_followup unless --no-followup)
Reopened T-0113.
  [ledger] pushed to origin
  pushed to origin
[Worker001] T-0113 no dispatch rule — reopened.
=== 2026-04-10T04:04:53Z start Worker001 ===
[Worker001] checking for pending tasks…
[Worker001] claimed T-0113: Donaldson — 1_chronicles_1: add commentary JSON
[Worker001] models: backend=dispatch (local pipeline scripts only; no Claude CLI) ollama=gemma4:e2b (christ gen + task_followup unless --no-followup)
=== 2026-04-10T04:04:54Z start Worker001 ===
[Worker001] checking for pending tasks…
[Worker001] claimed T-0113: Donaldson — 1_chronicles_1: add commentary JSON
[Worker001] models: backend=dispatch (local pipeline scripts only; no Claude CLI) ollama=gemma4:e2b (christ gen + task_followup unless --no-followup)
Reopened T-0113.
Reopened T-0113.
  push failed (non-fatal): Command '['git', 'push', 'origin', 'main']' returned non-zero exit status 1.
[Worker001] T-0113 no dispatch rule — reopened.
  pushed to origin
[Worker001] T-0113 no dispatch rule — reopened.
=== 2026-04-10T04:05:02Z start Worker001 ===
[Worker001] checking for pending tasks…
[Worker001] claimed T-0113: Donaldson — 1_chronicles_1: add commentary JSON
[Worker001] models: backend=dispatch (local pipeline scripts only; no Claude CLI) ollama=gemma4:e2b (christ gen + task_followup unless --no-followup)
Reopened T-0113.
  push failed (non-fatal): Command '['git', 'push', 'origin', 'main']' returned non-zero exit status 1.
[Worker001] T-0113 no dispatch rule — reopened.
=== 2026-04-10T04:05:06Z start Worker001 ===
[Worker001] checking for pending tasks…
[Worker001] claimed T-0113: Donaldson — 1_chronicles_1: add commentary JSON
[Worker001] models: backend=dispatch (local pipeline scripts only; no Claude CLI) ollama=gemma4:e2b (christ gen + task_followup unless --no-followup)
Reopened T-0113.
  [ledger] pushed to origin
  pushed to origin
[Worker001] T-0113 no dispatch rule — reopened.
=== 2026-04-10T04:05:22Z start Worker001 ===
[Worker001] checking for pending tasks…
[Worker001] claimed T-0113: Donaldson — 1_chronicles_1: add commentary JSON
[Worker001] models: backend=dispatch (local pipeline scripts only; no Claude CLI) ollama=gemma4:e2b (christ gen + task_followup unless --no-followup)
=== 2026-04-10T04:05:22Z start Worker001 ===
[Worker001] checking for pending tasks…
[Worker001] claimed T-0117: Donaldson — 1_chronicles_10: add commentary JSON
[Worker001] models: backend=dispatch (local pipeline scripts only; no Claude CLI) ollama=gemma4:e2b (christ gen + task_followup unless --no-followup)
Reopened T-0117.
  push failed (non-fatal): Command '['git', 'push', 'origin', 'main']' returned non-zero exit status 1.
[Worker001] T-0117 no dispatch rule — reopened.
Reopened T-0113.
  pushed to origin
[Worker001] T-0113 no dispatch rule — reopened.
=== 2026-04-10T04:05:30Z start Worker001 ===
[Worker001] checking for pending tasks…
[Worker001] claimed T-0113: Donaldson — 1_chronicles_1: add commentary JSON
[Worker001] models: backend=dispatch (local pipeline scripts only; no Claude CLI) ollama=gemma4:e2b (christ gen + task_followup unless --no-followup)
Reopened T-0113.
  push failed (non-fatal): Command '['git', 'push', 'origin', 'main']' returned non-zero exit status 1.
[Worker001] T-0113 no dispatch rule — reopened.
=== 2026-04-10T04:05:34Z start Worker001 ===
[Worker001] checking for pending tasks…
[Worker001] claimed T-0113: Donaldson — 1_chronicles_1: add commentary JSON
[Worker001] models: backend=dispatch (local pipeline scripts only; no Claude CLI) ollama=gemma4:e2b (christ gen + task_followup unless --no-followup)
Reopened T-0113.
  pushed to origin
[Worker001] T-0113 no dispatch rule — reopened.
=== 2026-04-10T04:05:49Z start Worker001 ===
[Worker001] checking for pending tasks…
[Worker001] claimed T-0113: Donaldson — 1_chronicles_1: add commentary JSON
[Worker001] models: backend=dispatch (local pipeline scripts only; no Claude CLI) ollama=gemma4:e2b (christ gen + task_followup unless --no-followup)
Reopened T-0113.
=== 2026-04-10T04:05:52Z start Worker001 ===
[Worker001] checking for pending tasks…
[Worker001] claimed T-0113: Donaldson — 1_chronicles_1: add commentary JSON
[Worker001] models: backend=dispatch (local pipeline scripts only; no Claude CLI) ollama=gemma4:e2b (christ gen + task_followup unless --no-followup)
Reopened T-0113.
  push failed (non-fatal): Command '['git', 'push', 'origin', 'main']' returned non-zero exit status 1.
[Worker001] T-0113 no dispatch rule — reopened.
  push failed (non-fatal): Command '['git', 'push', 'origin', 'main']' returned non-zero exit status 1.
[Worker001] T-0113 no dispatch rule — reopened.
=== 2026-04-10T04:05:59Z start Worker001 ===
[Worker001] checking for pending tasks…
[Worker001] claimed T-0113: Donaldson — 1_chronicles_1: add commentary JSON
[Worker001] models: backend=dispatch (local pipeline scripts only; no Claude CLI) ollama=gemma4:e2b (christ gen + task_followup unless --no-followup)
Reopened T-0113.
=== 2026-04-10T04:06:03Z start Worker001 ===
[Worker001] checking for pending tasks…
[Worker001] claimed T-0113: Donaldson — 1_chronicles_1: add commentary JSON
[Worker001] models: backend=dispatch (local pipeline scripts only; no Claude CLI) ollama=gemma4:e2b (christ gen + task_followup unless --no-followup)
Reopened T-0113.
  pushed to origin
[Worker001] T-0113 no dispatch rule — reopened.
  push failed (non-fatal): Command '['git', 'push', 'origin', 'main']' returned non-zero exit status 1.
[Worker001] T-0113 no dispatch rule — reopened.
=== 2026-04-10T04:06:20Z start Worker001 ===
[Worker001] checking for pending tasks…
[Worker001] claimed T-0113: Donaldson — 1_chronicles_1: add commentary JSON
[Worker001] models: backend=dispatch (local pipeline scripts only; no Claude CLI) ollama=gemma4:e2b (christ gen + task_followup unless --no-followup)
Reopened T-0113.
=== 2026-04-10T04:06:22Z start Worker001 ===
[Worker001] checking for pending tasks…
[Worker001] claimed T-0113: Donaldson — 1_chronicles_1: add commentary JSON
[Worker001] models: backend=dispatch (local pipeline scripts only; no Claude CLI) ollama=gemma4:e2b (christ gen + task_followup unless --no-followup)
Reopened T-0113.
  pushed to origin
[Worker001] T-0113 no dispatch rule — reopened.
  push failed (non-fatal): Command '['git', 'push', 'origin', 'main']' returned non-zero exit status 1.
[Worker001] T-0113 no dispatch rule — reopened.
=== 2026-04-10T04:06:28Z start Worker001 ===
[Worker001] checking for pending tasks…
[Worker001] claimed T-0113: Donaldson — 1_chronicles_1: add commentary JSON
[Worker001] models: backend=dispatch (local pipeline scripts only; no Claude CLI) ollama=gemma4:e2b (christ gen + task_followup unless --no-followup)
Reopened T-0113.
  pushed to origin
[Worker001] T-0113 no dispatch rule — reopened.
=== 2026-04-10T04:06:32Z start Worker001 ===
[Worker001] checking for pending tasks…
[Worker001] claimed T-0113: Donaldson — 1_chronicles_1: add commentary JSON
[Worker001] models: backend=dispatch (local pipeline scripts only; no Claude CLI) ollama=gemma4:e2b (christ gen + task_followup unless --no-followup)
Reopened T-0113.
  push failed (non-fatal): Command '['git', 'push', 'origin', 'main']' returned non-zero exit status 1.
[Worker001] T-0113 no dispatch rule — reopened.
=== 2026-04-10T04:06:50Z start Worker001 ===
[Worker001] checking for pending tasks…
=== 2026-04-10T04:06:50Z start Worker001 ===
[Worker001] checking for pending tasks…
[Worker001] claimed T-0113: Donaldson — 1_chronicles_1: add commentary JSON
[Worker001] models: backend=dispatch (local pipeline scripts only; no Claude CLI) ollama=gemma4:e2b (christ gen + task_followup unless --no-followup)
Reopened T-0113.
[Worker001] claimed T-0113: Donaldson — 1_chronicles_1: add commentary JSON
[Worker001] models: backend=dispatch (local pipeline scripts only; no Claude CLI) ollama=gemma4:e2b (christ gen + task_followup unless --no-followup)
  push failed (non-fatal): Command '['git', 'push', 'origin', 'main']' returned non-zero exit status 1.
[Worker001] T-0113 no dispatch rule — reopened.
Reopened T-0113.
  [ledger] pushed to origin
  pushed to origin
[Worker001] T-0113 no dispatch rule — reopened.
=== 2026-04-10T04:06:57Z start Worker001 ===
[Worker001] checking for pending tasks…
[Worker001] claimed T-0113: Donaldson — 1_chronicles_1: add commentary JSON
[Worker001] models: backend=dispatch (local pipeline scripts only; no Claude CLI) ollama=gemma4:e2b (christ gen + task_followup unless --no-followup)
=== 2026-04-10T04:07:01Z start Worker001 ===
[Worker001] checking for pending tasks…
[Worker001] claimed T-0113: Donaldson — 1_chronicles_1: add commentary JSON
[Worker001] models: backend=dispatch (local pipeline scripts only; no Claude CLI) ollama=gemma4:e2b (christ gen + task_followup unless --no-followup)
Reopened T-0113.
  [ledger] pushed to origin
Reopened T-0113.
  pushed to origin
[Worker001] T-0113 no dispatch rule — reopened.
  pushed to origin
[Worker001] T-0113 no dispatch rule — reopened.
=== 2026-04-10T04:07:18Z start Worker001 ===
[Worker001] checking for pending tasks…
[Worker001] claimed T-0113: Donaldson — 1_chronicles_1: add commentary JSON
[Worker001] models: backend=dispatch (local pipeline scripts only; no Claude CLI) ollama=gemma4:e2b (christ gen + task_followup unless --no-followup)
=== 2026-04-10T04:07:19Z start Worker001 ===
[Worker001] checking for pending tasks…
[Worker001] claimed T-0113: Donaldson — 1_chronicles_1: add commentary JSON
[Worker001] models: backend=dispatch (local pipeline scripts only; no Claude CLI) ollama=gemma4:e2b (christ gen + task_followup unless --no-followup)
Reopened T-0113.
Reopened T-0113.
  pushed to origin
[Worker001] T-0113 no dispatch rule — reopened.
  push failed (non-fatal): Command '['git', 'push', 'origin', 'main']' returned non-zero exit status 1.
[Worker001] T-0113 no dispatch rule — reopened.
=== 2026-04-10T04:07:26Z start Worker001 ===
[Worker001] checking for pending tasks…
[Worker001] claimed T-0117: Donaldson — 1_chronicles_10: add commentary JSON
[Worker001] models: backend=dispatch (local pipeline scripts only; no Claude CLI) ollama=gemma4:e2b (christ gen + task_followup unless --no-followup)
Reopened T-0117.
  push failed (non-fatal): Command '['git', 'push', 'origin', 'main']' returned non-zero exit status 1.
[Worker001] T-0117 no dispatch rule — reopened.
=== 2026-04-10T04:07:29Z start Worker001 ===
[Worker001] checking for pending tasks…
[Worker001] claimed T-0113: Donaldson — 1_chronicles_1: add commentary JSON
[Worker001] models: backend=dispatch (local pipeline scripts only; no Claude CLI) ollama=gemma4:e2b (christ gen + task_followup unless --no-followup)
Reopened T-0113.
  pushed to origin
[Worker001] T-0113 no dispatch rule — reopened.
=== 2026-04-10T04:07:47Z start Worker001 ===
[Worker001] checking for pending tasks…
[Worker001] claimed T-0113: Donaldson — 1_chronicles_1: add commentary JSON
[Worker001] models: backend=dispatch (local pipeline scripts only; no Claude CLI) ollama=gemma4:e2b (christ gen + task_followup unless --no-followup)
Reopened T-0113.
=== 2026-04-10T04:07:47Z start Worker001 ===
[Worker001] checking for pending tasks…
  push failed (non-fatal): Command '['git', 'push', 'origin', 'main']' returned non-zero exit status 1.
[Worker001] T-0113 no dispatch rule — reopened.
[Worker001] claimed T-0113: Donaldson — 1_chronicles_1: add commentary JSON
[Worker001] models: backend=dispatch (local pipeline scripts only; no Claude CLI) ollama=gemma4:e2b (christ gen + task_followup unless --no-followup)
Reopened T-0113.
=== 2026-04-10T04:07:54Z start Worker001 ===
[Worker001] checking for pending tasks…
  pushed to origin
[Worker001] T-0113 no dispatch rule — reopened.
[Worker001] claimed T-0113: Donaldson — 1_chronicles_1: add commentary JSON
[Worker001] models: backend=dispatch (local pipeline scripts only; no Claude CLI) ollama=gemma4:e2b (christ gen + task_followup unless --no-followup)
Reopened T-0113.
  push failed (non-fatal): Command '['git', 'push', 'origin', 'main']' returned non-zero exit status 1.
[Worker001] T-0113 no dispatch rule — reopened.
=== 2026-04-10T04:07:58Z start Worker001 ===
[Worker001] checking for pending tasks…
[Worker001] claimed T-0113: Donaldson — 1_chronicles_1: add commentary JSON
[Worker001] models: backend=dispatch (local pipeline scripts only; no Claude CLI) ollama=gemma4:e2b (christ gen + task_followup unless --no-followup)
Reopened T-0113.
  pushed to origin
[Worker001] T-0113 no dispatch rule — reopened.
=== 2026-04-10T04:08:15Z start Worker001 ===
[Worker001] checking for pending tasks…
[Worker001] claimed T-0113: Donaldson — 1_chronicles_1: add commentary JSON
[Worker001] models: backend=dispatch (local pipeline scripts only; no Claude CLI) ollama=gemma4:e2b (christ gen + task_followup unless --no-followup)
=== 2026-04-10T04:08:16Z start Worker001 ===
Reopened T-0113.
[Worker001] checking for pending tasks…
[Worker001] claimed T-0113: Donaldson — 1_chronicles_1: add commentary JSON
[Worker001] models: backend=dispatch (local pipeline scripts only; no Claude CLI) ollama=gemma4:e2b (christ gen + task_followup unless --no-followup)
  push failed (non-fatal): Command '['git', 'push', 'origin', 'main']' returned non-zero exit status 1.
[Worker001] T-0113 no dispatch rule — reopened.
Reopened T-0113.
  pushed to origin
[Worker001] T-0113 no dispatch rule — reopened.
=== 2026-04-10T04:08:23Z start Worker001 ===
[Worker001] checking for pending tasks…
[Worker001] claimed T-0113: Donaldson — 1_chronicles_1: add commentary JSON
[Worker001] models: backend=dispatch (local pipeline scripts only; no Claude CLI) ollama=gemma4:e2b (christ gen + task_followup unless --no-followup)
Reopened T-0113.
  push failed (non-fatal): Command '['git', 'push', 'origin', 'main']' returned non-zero exit status 1.
[Worker001] T-0113 no dispatch rule — reopened.
=== 2026-04-10T04:08:26Z start Worker001 ===
[Worker001] checking for pending tasks…
[Worker001] claimed T-0113: Donaldson — 1_chronicles_1: add commentary JSON
[Worker001] models: backend=dispatch (local pipeline scripts only; no Claude CLI) ollama=gemma4:e2b (christ gen + task_followup unless --no-followup)
Reopened T-0113.
  [ledger] pushed to origin
  pushed to origin
[Worker001] T-0113 no dispatch rule — reopened.
=== 2026-04-10T04:08:44Z start Worker001 ===
[Worker001] checking for pending tasks…
=== 2026-04-10T04:08:44Z start Worker001 ===
[Worker001] checking for pending tasks…
[Worker001] claimed T-0113: Donaldson — 1_chronicles_1: add commentary JSON
[Worker001] models: backend=dispatch (local pipeline scripts only; no Claude CLI) ollama=gemma4:e2b (christ gen + task_followup unless --no-followup)
[Worker001] claimed T-0117: Donaldson — 1_chronicles_10: add commentary JSON
[Worker001] models: backend=dispatch (local pipeline scripts only; no Claude CLI) ollama=gemma4:e2b (christ gen + task_followup unless --no-followup)
Reopened T-0117.
Reopened T-0113.
  [ledger] pushed to origin
  push failed (non-fatal): Command '['git', 'push', 'origin', 'main']' returned non-zero exit status 1.
[Worker001] T-0117 no dispatch rule — reopened.
=== 2026-04-10T04:08:51Z start Worker001 ===
[Worker001] checking for pending tasks…
[Worker001] claimed T-0113: Donaldson — 1_chronicles_1: add commentary JSON
[Worker001] models: backend=dispatch (local pipeline scripts only; no Claude CLI) ollama=gemma4:e2b (christ gen + task_followup unless --no-followup)
  pushed to origin
[Worker001] T-0113 no dispatch rule — reopened.
Reopened T-0113.
  pushed to origin
[Worker001] T-0113 no dispatch rule — reopened.
=== 2026-04-10T04:08:54Z start Worker001 ===
[Worker001] checking for pending tasks…
[Worker001] claimed T-0113: Donaldson — 1_chronicles_1: add commentary JSON
[Worker001] models: backend=dispatch (local pipeline scripts only; no Claude CLI) ollama=gemma4:e2b (christ gen + task_followup unless --no-followup)
Reopened T-0113.
  pushed to origin
[Worker001] T-0113 no dispatch rule — reopened.
=== 2026-04-10T04:09:11Z start Worker001 ===
[Worker001] checking for pending tasks…
[Worker001] claimed T-0113: Donaldson — 1_chronicles_1: add commentary JSON
[Worker001] models: backend=dispatch (local pipeline scripts only; no Claude CLI) ollama=gemma4:e2b (christ gen + task_followup unless --no-followup)
Reopened T-0113.
=== 2026-04-10T04:09:13Z start Worker001 ===
[Worker001] checking for pending tasks…
[Worker001] claimed T-0113: Donaldson — 1_chronicles_1: add commentary JSON
[Worker001] models: backend=dispatch (local pipeline scripts only; no Claude CLI) ollama=gemma4:e2b (christ gen + task_followup unless --no-followup)
  push failed (non-fatal): Command '['git', 'push', 'origin', 'main']' returned non-zero exit status 1.
[Worker001] T-0113 no dispatch rule — reopened.
Reopened T-0113.
  push failed (non-fatal): Command '['git', 'push', 'origin', 'main']' returned non-zero exit status 1.
[Worker001] T-0113 no dispatch rule — reopened.
=== 2026-04-10T04:09:19Z start Worker001 ===
[Worker001] checking for pending tasks…
[Worker001] claimed T-0113: Donaldson — 1_chronicles_1: add commentary JSON
[Worker001] models: backend=dispatch (local pipeline scripts only; no Claude CLI) ollama=gemma4:e2b (christ gen + task_followup unless --no-followup)
Reopened T-0113.
=== 2026-04-10T04:09:22Z start Worker001 ===
  push failed (non-fatal): Command '['git', 'push', 'origin', 'main']' returned non-zero exit status 1.
[Worker001] T-0113 no dispatch rule — reopened.
[Worker001] checking for pending tasks…
[Worker001] claimed T-0113: Donaldson — 1_chronicles_1: add commentary JSON
[Worker001] models: backend=dispatch (local pipeline scripts only; no Claude CLI) ollama=gemma4:e2b (christ gen + task_followup unless --no-followup)
Reopened T-0113.
  push failed (non-fatal): Command '['git', 'push', 'origin', 'main']' returned non-zero exit status 1.
[Worker001] T-0113 no dispatch rule — reopened.
=== 2026-04-10T04:09:40Z start Worker001 ===
[Worker001] checking for pending tasks…
[Worker001] claimed T-0113: Donaldson — 1_chronicles_1: add commentary JSON
[Worker001] models: backend=dispatch (local pipeline scripts only; no Claude CLI) ollama=gemma4:e2b (christ gen + task_followup unless --no-followup)
=== 2026-04-10T04:09:41Z start Worker001 ===
[Worker001] checking for pending tasks…
[Worker001] claimed T-0113: Donaldson — 1_chronicles_1: add commentary JSON
[Worker001] models: backend=dispatch (local pipeline scripts only; no Claude CLI) ollama=gemma4:e2b (christ gen + task_followup unless --no-followup)
Reopened T-0113.
Reopened T-0113.
  pushed to origin
[Worker001] T-0113 no dispatch rule — reopened.
  push failed (non-fatal): Command '['git', 'push', 'origin', 'main']' returned non-zero exit status 1.
[Worker001] T-0113 no dispatch rule — reopened.
=== 2026-04-10T04:09:48Z start Worker001 ===
[Worker001] checking for pending tasks…
[Worker001] claimed T-0113: Donaldson — 1_chronicles_1: add commentary JSON
[Worker001] models: backend=dispatch (local pipeline scripts only; no Claude CLI) ollama=gemma4:e2b (christ gen + task_followup unless --no-followup)
=== 2026-04-10T04:09:48Z start Worker001 ===
[Worker001] checking for pending tasks…
[Worker001] claimed T-0113: Donaldson — 1_chronicles_1: add commentary JSON
[Worker001] models: backend=dispatch (local pipeline scripts only; no Claude CLI) ollama=gemma4:e2b (christ gen + task_followup unless --no-followup)
Reopened T-0113.
Reopened T-0113.
  pushed to origin
[Worker001] T-0113 no dispatch rule — reopened.
  push failed (non-fatal): Command '['git', 'push', 'origin', 'main']' returned non-zero exit status 1.
[Worker001] T-0113 no dispatch rule — reopened.
=== 2026-04-10T04:10:09Z start Worker001 ===
[Worker001] checking for pending tasks…
[Worker001] claimed T-0113: Donaldson — 1_chronicles_1: add commentary JSON
[Worker001] models: backend=dispatch (local pipeline scripts only; no Claude CLI) ollama=gemma4:e2b (christ gen + task_followup unless --no-followup)
=== 2026-04-10T04:10:10Z start Worker001 ===
[Worker001] checking for pending tasks…
[Worker001] claimed T-0113: Donaldson — 1_chronicles_1: add commentary JSON
[Worker001] models: backend=dispatch (local pipeline scripts only; no Claude CLI) ollama=gemma4:e2b (christ gen + task_followup unless --no-followup)
Reopened T-0113.
Reopened T-0113.
  [ledger] pushed to origin
  pushed to origin
[Worker001] T-0113 no dispatch rule — reopened.
  push failed (non-fatal): Command '['git', 'push', 'origin', 'main']' returned non-zero exit status 1.
[Worker001] T-0113 no dispatch rule — reopened.
=== 2026-04-10T04:10:15Z start Worker001 ===
[Worker001] checking for pending tasks…
[Worker001] claimed T-0113: Donaldson — 1_chronicles_1: add commentary JSON
[Worker001] models: backend=dispatch (local pipeline scripts only; no Claude CLI) ollama=gemma4:e2b (christ gen + task_followup unless --no-followup)
Reopened T-0113.
=== 2026-04-10T04:10:16Z start Worker001 ===
[Worker001] checking for pending tasks…
[Worker001] claimed T-0113: Donaldson — 1_chronicles_1: add commentary JSON
[Worker001] models: backend=dispatch (local pipeline scripts only; no Claude CLI) ollama=gemma4:e2b (christ gen + task_followup unless --no-followup)
Reopened T-0113.
  pushed to origin
[Worker001] T-0113 no dispatch rule — reopened.
  push failed (non-fatal): Command '['git', 'push', 'origin', 'main']' returned non-zero exit status 1.
[Worker001] T-0113 no dispatch rule — reopened.
=== 2026-04-10T04:10:37Z start Worker001 ===
[Worker001] checking for pending tasks…
[Worker001] claimed T-0113: Donaldson — 1_chronicles_1: add commentary JSON
[Worker001] models: backend=dispatch (local pipeline scripts only; no Claude CLI) ollama=gemma4:e2b (christ gen + task_followup unless --no-followup)
=== 2026-04-10T04:10:40Z start Worker001 ===
[Worker001] checking for pending tasks…
Reopened T-0113.
  pushed to origin
[Worker001] T-0113 no dispatch rule — reopened.
[Worker001] claimed T-0113: Donaldson — 1_chronicles_1: add commentary JSON
[Worker001] models: backend=dispatch (local pipeline scripts only; no Claude CLI) ollama=gemma4:e2b (christ gen + task_followup unless --no-followup)
=== 2026-04-10T04:10:43Z start Worker001 ===
[Worker001] checking for pending tasks…
=== 2026-04-10T04:10:45Z start Worker001 ===
[Worker001] checking for pending tasks…
Reopened T-0113.
  [ledger] pushed to origin
[Worker001] claimed T-0113: Donaldson — 1_chronicles_1: add commentary JSON
[Worker001] models: backend=dispatch (local pipeline scripts only; no Claude CLI) ollama=gemma4:e2b (christ gen + task_followup unless --no-followup)
[Worker001] claimed T-0113: Donaldson — 1_chronicles_1: add commentary JSON
[Worker001] models: backend=dispatch (local pipeline scripts only; no Claude CLI) ollama=gemma4:e2b (christ gen + task_followup unless --no-followup)
  push failed (non-fatal): Command '['git', 'push', 'origin', 'main']' returned non-zero exit status 1.
[Worker001] T-0113 no dispatch rule — reopened.
Reopened T-0113.
Reopened T-0113.
  [ledger] pushed to origin
  push failed (non-fatal): Command '['git', 'push', 'origin', 'main']' returned non-zero exit status 1.
[Worker001] T-0113 no dispatch rule — reopened.
  pushed to origin
[Worker001] T-0113 no dispatch rule — reopened.
=== 2026-04-10T04:11:04Z start Worker001 ===
[Worker001] checking for pending tasks…
[Worker001] claimed T-0113: Donaldson — 1_chronicles_1: add commentary JSON
[Worker001] models: backend=dispatch (local pipeline scripts only; no Claude CLI) ollama=gemma4:e2b (christ gen + task_followup unless --no-followup)
=== 2026-04-10T04:11:10Z start Worker001 ===
[Worker001] checking for pending tasks…
[Worker001] claimed T-0113: Donaldson — 1_chronicles_1: add commentary JSON
[Worker001] models: backend=dispatch (local pipeline scripts only; no Claude CLI) ollama=gemma4:e2b (christ gen + task_followup unless --no-followup)
Reopened T-0113.
  [ledger] pushed to origin
Reopened T-0113.
  pushed to origin
[Worker001] T-0113 no dispatch rule — reopened.
=== 2026-04-10T04:11:12Z start Worker001 ===
  push failed (non-fatal): Command '['git', 'push', 'origin', 'main']' returned non-zero exit status 1.
[Worker001] T-0113 no dispatch rule — reopened.
[Worker001] checking for pending tasks…
=== 2026-04-10T04:11:13Z start Worker001 ===
[Worker001] checking for pending tasks…
[Worker001] claimed T-0113: Donaldson — 1_chronicles_1: add commentary JSON
[Worker001] models: backend=dispatch (local pipeline scripts only; no Claude CLI) ollama=gemma4:e2b (christ gen + task_followup unless --no-followup)
Reopened T-0113.
[Worker001] claimed T-0113: Donaldson — 1_chronicles_1: add commentary JSON
[Worker001] models: backend=dispatch (local pipeline scripts only; no Claude CLI) ollama=gemma4:e2b (christ gen + task_followup unless --no-followup)
  push failed (non-fatal): Command '['git', 'push', 'origin', 'main']' returned non-zero exit status 1.
[Worker001] T-0113 no dispatch rule — reopened.
Reopened T-0113.
  [ledger] pushed to origin
  pushed to origin
[Worker001] T-0113 no dispatch rule — reopened.
=== 2026-04-10T04:11:32Z start Worker001 ===
[Worker001] checking for pending tasks…
[Worker001] claimed T-0113: Donaldson — 1_chronicles_1: add commentary JSON
[Worker001] models: backend=dispatch (local pipeline scripts only; no Claude CLI) ollama=gemma4:e2b (christ gen + task_followup unless --no-followup)
Reopened T-0113.
=== 2026-04-10T04:11:37Z start Worker001 ===
  pushed to origin
[Worker001] T-0113 no dispatch rule — reopened.
[Worker001] checking for pending tasks…
[Worker001] claimed T-0113: Donaldson — 1_chronicles_1: add commentary JSON
[Worker001] models: backend=dispatch (local pipeline scripts only; no Claude CLI) ollama=gemma4:e2b (christ gen + task_followup unless --no-followup)
=== 2026-04-10T04:11:41Z start Worker001 ===
[Worker001] checking for pending tasks…
=== 2026-04-10T04:11:42Z start Worker001 ===
[Worker001] checking for pending tasks…
[Worker001] claimed T-0113: Donaldson — 1_chronicles_1: add commentary JSON
[Worker001] models: backend=dispatch (local pipeline scripts only; no Claude CLI) ollama=gemma4:e2b (christ gen + task_followup unless --no-followup)
Reopened T-0113.
Reopened T-0113.
  [ledger] pushed to origin
[Worker001] claimed T-0113: Donaldson — 1_chronicles_1: add commentary JSON
[Worker001] models: backend=dispatch (local pipeline scripts only; no Claude CLI) ollama=gemma4:e2b (christ gen + task_followup unless --no-followup)
  push failed (non-fatal): Command '['git', 'push', 'origin', 'main']' returned non-zero exit status 1.
[Worker001] T-0113 no dispatch rule — reopened.
  push failed (non-fatal): Command '['git', 'push', 'origin', 'main']' returned non-zero exit status 1.
[Worker001] T-0113 no dispatch rule — reopened.
Reopened T-0113.
  [ledger] pushed to origin
  pushed to origin
[Worker001] T-0113 no dispatch rule — reopened.
=== 2026-04-10T04:12:01Z start Worker001 ===
[Worker001] checking for pending tasks…
[Worker001] claimed T-0113: Donaldson — 1_chronicles_1: add commentary JSON
[Worker001] models: backend=dispatch (local pipeline scripts only; no Claude CLI) ollama=gemma4:e2b (christ gen + task_followup unless --no-followup)
=== 2026-04-10T04:12:06Z start Worker001 ===
[Worker001] checking for pending tasks…
[Worker001] claimed T-0113: Donaldson — 1_chronicles_1: add commentary JSON
[Worker001] models: backend=dispatch (local pipeline scripts only; no Claude CLI) ollama=gemma4:e2b (christ gen + task_followup unless --no-followup)
Reopened T-0113.
  [ledger] pushed to origin
  pushed to origin
[Worker001] T-0113 no dispatch rule — reopened.
Reopened T-0113.
=== 2026-04-10T04:12:10Z start Worker001 ===
[Worker001] checking for pending tasks…
[Worker001] claimed T-0113: Donaldson — 1_chronicles_1: add commentary JSON
[Worker001] models: backend=dispatch (local pipeline scripts only; no Claude CLI) ollama=gemma4:e2b (christ gen + task_followup unless --no-followup)
Reopened T-0113.
=== 2026-04-10T04:12:11Z start Worker001 ===
[Worker001] checking for pending tasks…
  pushed to origin
[Worker001] T-0113 no dispatch rule — reopened.
[Worker001] claimed T-0113: Donaldson — 1_chronicles_1: add commentary JSON
[Worker001] models: backend=dispatch (local pipeline scripts only; no Claude CLI) ollama=gemma4:e2b (christ gen + task_followup unless --no-followup)
Reopened T-0113.
  push failed (non-fatal): Command '['git', 'push', 'origin', 'main']' returned non-zero exit status 1.
[Worker001] T-0113 no dispatch rule — reopened.
  push failed (non-fatal): Command '['git', 'push', 'origin', 'main']' returned non-zero exit status 1.
[Worker001] T-0113 no dispatch rule — reopened.
=== 2026-04-10T04:12:29Z start Worker001 ===
[Worker001] checking for pending tasks…
[Worker001] claimed T-0113: Donaldson — 1_chronicles_1: add commentary JSON
[Worker001] models: backend=dispatch (local pipeline scripts only; no Claude CLI) ollama=gemma4:e2b (christ gen + task_followup unless --no-followup)
Reopened T-0113.
  push failed (non-fatal): Command '['git', 'push', 'origin', 'main']' returned non-zero exit status 1.
[Worker001] T-0113 no dispatch rule — reopened.
=== 2026-04-10T04:12:35Z start Worker001 ===
[Worker001] checking for pending tasks…
[Worker001] claimed T-0113: Donaldson — 1_chronicles_1: add commentary JSON
[Worker001] models: backend=dispatch (local pipeline scripts only; no Claude CLI) ollama=gemma4:e2b (christ gen + task_followup unless --no-followup)
=== 2026-04-10T04:12:38Z start Worker001 ===
[Worker001] checking for pending tasks…
[Worker001] claimed T-0113: Donaldson — 1_chronicles_1: add commentary JSON
[Worker001] models: backend=dispatch (local pipeline scripts only; no Claude CLI) ollama=gemma4:e2b (christ gen + task_followup unless --no-followup)
Reopened T-0113.
=== 2026-04-10T04:12:39Z start Worker001 ===
[Worker001] checking for pending tasks…
[Worker001] claimed T-0113: Donaldson — 1_chronicles_1: add commentary JSON
[Worker001] models: backend=dispatch (local pipeline scripts only; no Claude CLI) ollama=gemma4:e2b (christ gen + task_followup unless --no-followup)
Reopened T-0113.
  [ledger] pushed to origin
  push failed (non-fatal): Command '['git', 'push', 'origin', 'main']' returned non-zero exit status 1.
[Worker001] T-0113 no dispatch rule — reopened.
Reopened T-0113.
  [ledger] pushed to origin
  pushed to origin
[Worker001] T-0113 no dispatch rule — reopened.
  pushed to origin
[Worker001] T-0113 no dispatch rule — reopened.
=== 2026-04-10T04:12:57Z start Worker001 ===
[Worker001] checking for pending tasks…
[Worker001] claimed T-0113: Donaldson — 1_chronicles_1: add commentary JSON
[Worker001] models: backend=dispatch (local pipeline scripts only; no Claude CLI) ollama=gemma4:e2b (christ gen + task_followup unless --no-followup)
Reopened T-0113.
  push failed (non-fatal): Command '['git', 'push', 'origin', 'main']' returned non-zero exit status 1.
[Worker001] T-0113 no dispatch rule — reopened.
=== 2026-04-10T04:13:03Z start Worker001 ===
[Worker001] checking for pending tasks…
[Worker001] claimed T-0113: Donaldson — 1_chronicles_1: add commentary JSON
[Worker001] models: backend=dispatch (local pipeline scripts only; no Claude CLI) ollama=gemma4:e2b (christ gen + task_followup unless --no-followup)
Reopened T-0113.
=== 2026-04-10T04:13:07Z start Worker001 ===
[Worker001] checking for pending tasks…
  pushed to origin
[Worker001] T-0113 no dispatch rule — reopened.
=== 2026-04-10T04:13:08Z start Worker001 ===
[Worker001] checking for pending tasks…
[Worker001] claimed T-0113: Donaldson — 1_chronicles_1: add commentary JSON
[Worker001] models: backend=dispatch (local pipeline scripts only; no Claude CLI) ollama=gemma4:e2b (christ gen + task_followup unless --no-followup)
[Worker001] claimed T-0113: Donaldson — 1_chronicles_1: add commentary JSON
[Worker001] models: backend=dispatch (local pipeline scripts only; no Claude CLI) ollama=gemma4:e2b (christ gen + task_followup unless --no-followup)
Reopened T-0113.
  [ledger] pushed to origin
  pushed to origin
[Worker001] T-0113 no dispatch rule — reopened.
Reopened T-0113.
  [ledger] pushed to origin
  pushed to origin
[Worker001] T-0113 no dispatch rule — reopened.
=== 2026-04-10T04:13:25Z start Worker001 ===
[Worker001] checking for pending tasks…
[Worker001] claimed T-0113: Donaldson — 1_chronicles_1: add commentary JSON
[Worker001] models: backend=dispatch (local pipeline scripts only; no Claude CLI) ollama=gemma4:e2b (christ gen + task_followup unless --no-followup)
Reopened T-0113.
  pushed to origin
[Worker001] T-0113 no dispatch rule — reopened.
=== 2026-04-10T04:13:32Z start Worker001 ===
[Worker001] checking for pending tasks…
[Worker001] claimed T-0113: Donaldson — 1_chronicles_1: add commentary JSON
[Worker001] models: backend=dispatch (local pipeline scripts only; no Claude CLI) ollama=gemma4:e2b (christ gen + task_followup unless --no-followup)
Reopened T-0113.
  push failed (non-fatal): Command '['git', 'push', 'origin', 'main']' returned non-zero exit status 1.
[Worker001] T-0113 no dispatch rule — reopened.
=== 2026-04-10T04:13:35Z start Worker001 ===
[Worker001] checking for pending tasks…
[Worker001] claimed T-0113: Donaldson — 1_chronicles_1: add commentary JSON
[Worker001] models: backend=dispatch (local pipeline scripts only; no Claude CLI) ollama=gemma4:e2b (christ gen + task_followup unless --no-followup)
Reopened T-0113.
=== 2026-04-10T04:13:36Z start Worker001 ===
[Worker001] checking for pending tasks…
[Worker001] claimed T-0113: Donaldson — 1_chronicles_1: add commentary JSON
[Worker001] models: backend=dispatch (local pipeline scripts only; no Claude CLI) ollama=gemma4:e2b (christ gen + task_followup unless --no-followup)
Reopened T-0113.
  push failed (non-fatal): Command '['git', 'push', 'origin', 'main']' returned non-zero exit status 1.
[Worker001] T-0113 no dispatch rule — reopened.
  push failed (non-fatal): Command '['git', 'push', 'origin', 'main']' returned non-zero exit status 1.
[Worker001] T-0113 no dispatch rule — reopened.
=== 2026-04-10T04:13:54Z start Worker001 ===
[Worker001] checking for pending tasks…
[Worker001] claimed T-0113: Donaldson — 1_chronicles_1: add commentary JSON
[Worker001] models: backend=dispatch (local pipeline scripts only; no Claude CLI) ollama=gemma4:e2b (christ gen + task_followup unless --no-followup)
Reopened T-0113.
  push failed (non-fatal): Command '['git', 'push', 'origin', 'main']' returned non-zero exit status 1.
[Worker001] T-0113 no dispatch rule — reopened.
=== 2026-04-10T04:14:01Z start Worker001 ===
[Worker001] checking for pending tasks…
[Worker001] claimed T-0113: Donaldson — 1_chronicles_1: add commentary JSON
[Worker001] models: backend=dispatch (local pipeline scripts only; no Claude CLI) ollama=gemma4:e2b (christ gen + task_followup unless --no-followup)
=== 2026-04-10T04:14:04Z start Worker001 ===
[Worker001] checking for pending tasks…
[Worker001] claimed T-0113: Donaldson — 1_chronicles_1: add commentary JSON
[Worker001] models: backend=dispatch (local pipeline scripts only; no Claude CLI) ollama=gemma4:e2b (christ gen + task_followup unless --no-followup)
Reopened T-0113.
=== 2026-04-10T04:14:05Z start Worker001 ===
[Worker001] checking for pending tasks…
[Worker001] claimed T-0113: Donaldson — 1_chronicles_1: add commentary JSON
[Worker001] models: backend=dispatch (local pipeline scripts only; no Claude CLI) ollama=gemma4:e2b (christ gen + task_followup unless --no-followup)
Reopened T-0113.
  [ledger] pushed to origin
  push failed (non-fatal): Command '['git', 'push', 'origin', 'main']' returned non-zero exit status 1.
[Worker001] T-0113 no dispatch rule — reopened.
Reopened T-0113.
  pushed to origin
[Worker001] T-0113 no dispatch rule — reopened.
  push failed (non-fatal): Command '['git', 'push', 'origin', 'main']' returned non-zero exit status 1.
[Worker001] T-0113 no dispatch rule — reopened.
=== 2026-04-10T04:14:22Z start Worker001 ===
[Worker001] checking for pending tasks…
[Worker001] claimed T-0113: Donaldson — 1_chronicles_1: add commentary JSON
[Worker001] models: backend=dispatch (local pipeline scripts only; no Claude CLI) ollama=gemma4:e2b (christ gen + task_followup unless --no-followup)
Reopened T-0113.
  pushed to origin
[Worker001] T-0113 no dispatch rule — reopened.
=== 2026-04-10T04:14:29Z start Worker001 ===
[Worker001] checking for pending tasks…
[Worker001] claimed T-0113: Donaldson — 1_chronicles_1: add commentary JSON
[Worker001] models: backend=dispatch (local pipeline scripts only; no Claude CLI) ollama=gemma4:e2b (christ gen + task_followup unless --no-followup)
Reopened T-0113.
  pushed to origin
[Worker001] T-0113 no dispatch rule — reopened.
=== 2026-04-10T04:14:32Z start Worker001 ===
[Worker001] checking for pending tasks…
[Worker001] claimed T-0113: Donaldson — 1_chronicles_1: add commentary JSON
[Worker001] models: backend=dispatch (local pipeline scripts only; no Claude CLI) ollama=gemma4:e2b (christ gen + task_followup unless --no-followup)
Reopened T-0113.
=== 2026-04-10T04:14:33Z start Worker001 ===
[Worker001] checking for pending tasks…
[Worker001] claimed T-0113: Donaldson — 1_chronicles_1: add commentary JSON
[Worker001] models: backend=dispatch (local pipeline scripts only; no Claude CLI) ollama=gemma4:e2b (christ gen + task_followup unless --no-followup)
Reopened T-0113.
  push failed (non-fatal): Command '['git', 'push', 'origin', 'main']' returned non-zero exit status 1.
[Worker001] T-0113 no dispatch rule — reopened.
  push failed (non-fatal): Command '['git', 'push', 'origin', 'main']' returned non-zero exit status 1.
[Worker001] T-0113 no dispatch rule — reopened.
=== 2026-04-10T04:14:50Z start Worker001 ===
[Worker001] checking for pending tasks…
[Worker001] claimed T-0113: Donaldson — 1_chronicles_1: add commentary JSON
[Worker001] models: backend=dispatch (local pipeline scripts only; no Claude CLI) ollama=gemma4:e2b (christ gen + task_followup unless --no-followup)
Reopened T-0113.
  pushed to origin
[Worker001] T-0113 no dispatch rule — reopened.
=== 2026-04-10T04:14:58Z start Worker001 ===
[Worker001] checking for pending tasks…
[Worker001] claimed T-0113: Donaldson — 1_chronicles_1: add commentary JSON
[Worker001] models: backend=dispatch (local pipeline scripts only; no Claude CLI) ollama=gemma4:e2b (christ gen + task_followup unless --no-followup)
Reopened T-0113.
=== 2026-04-10T04:15:01Z start Worker001 ===
[Worker001] checking for pending tasks…
  push failed (non-fatal): Command '['git', 'push', 'origin', 'main']' returned non-zero exit status 1.
[Worker001] T-0113 no dispatch rule — reopened.
[Worker001] claimed T-0113: Donaldson — 1_chronicles_1: add commentary JSON
[Worker001] models: backend=dispatch (local pipeline scripts only; no Claude CLI) ollama=gemma4:e2b (christ gen + task_followup unless --no-followup)
Reopened T-0113.
=== 2026-04-10T04:15:02Z start Worker001 ===
[Worker001] checking for pending tasks…
[Worker001] claimed T-0113: Donaldson — 1_chronicles_1: add commentary JSON
[Worker001] models: backend=dispatch (local pipeline scripts only; no Claude CLI) ollama=gemma4:e2b (christ gen + task_followup unless --no-followup)
Reopened T-0113.
  pushed to origin
[Worker001] T-0113 no dispatch rule — reopened.
  push failed (non-fatal): Command '['git', 'push', 'origin', 'main']' returned non-zero exit status 1.
[Worker001] T-0113 no dispatch rule — reopened.
=== 2026-04-10T04:15:18Z start Worker001 ===
[Worker001] checking for pending tasks…
[Worker001] claimed T-0113: Donaldson — 1_chronicles_1: add commentary JSON
[Worker001] models: backend=dispatch (local pipeline scripts only; no Claude CLI) ollama=gemma4:e2b (christ gen + task_followup unless --no-followup)
Reopened T-0113.
  push failed (non-fatal): Command '['git', 'push', 'origin', 'main']' returned non-zero exit status 1.
[Worker001] T-0113 no dispatch rule — reopened.
=== 2026-04-10T04:15:27Z start Worker001 ===
=== 2026-04-10T04:15:27Z start Worker001 ===
[Worker001] checking for pending tasks…
[Worker001] checking for pending tasks…
[Worker001] claimed T-0113: Donaldson — 1_chronicles_1: add commentary JSON
[Worker001] models: backend=dispatch (local pipeline scripts only; no Claude CLI) ollama=gemma4:e2b (christ gen + task_followup unless --no-followup)
Reopened T-0113.
  push failed (non-fatal): Command '['git', 'push', 'origin', 'main']' returned non-zero exit status 1.
[Worker001] T-0113 no dispatch rule — reopened.
[Worker001] claimed T-0113: Donaldson — 1_chronicles_1: add commentary JSON
[Worker001] models: backend=dispatch (local pipeline scripts only; no Claude CLI) ollama=gemma4:e2b (christ gen + task_followup unless --no-followup)
=== 2026-04-10T04:15:30Z start Worker001 ===
[Worker001] checking for pending tasks…
Reopened T-0113.
  [ledger] pushed to origin
[Worker001] claimed T-0113: Donaldson — 1_chronicles_1: add commentary JSON
[Worker001] models: backend=dispatch (local pipeline scripts only; no Claude CLI) ollama=gemma4:e2b (christ gen + task_followup unless --no-followup)
  pushed to origin
[Worker001] T-0113 no dispatch rule — reopened.
Reopened T-0113.
  [ledger] pushed to origin
  pushed to origin
[Worker001] T-0113 no dispatch rule — reopened.
=== 2026-04-10T04:15:47Z start Worker001 ===
[Worker001] checking for pending tasks…
[Worker001] claimed T-0113: Donaldson — 1_chronicles_1: add commentary JSON
[Worker001] models: backend=dispatch (local pipeline scripts only; no Claude CLI) ollama=gemma4:e2b (christ gen + task_followup unless --no-followup)
Reopened T-0113.
  pushed to origin
[Worker001] T-0113 no dispatch rule — reopened.
=== 2026-04-10T04:15:52Z start Worker001 ===
[Worker001] checking for pending tasks…
[Worker001] claimed T-0113: Donaldson — 1_chronicles_1: add commentary JSON
[Worker001] models: backend=dispatch (local pipeline scripts only; no Claude CLI) ollama=gemma4:e2b (christ gen + task_followup unless --no-followup)
Reopened T-0113.
  push failed (non-fatal): Command '['git', 'push', 'origin', 'main']' returned non-zero exit status 1.
[Worker001] T-0113 no dispatch rule — reopened.
=== 2026-04-10T04:15:56Z start Worker001 ===
[Worker001] checking for pending tasks…
=== 2026-04-10T04:15:59Z start Worker001 ===
[Worker001] checking for pending tasks…
[Worker001] claimed T-0113: Donaldson — 1_chronicles_1: add commentary JSON
[Worker001] models: backend=dispatch (local pipeline scripts only; no Claude CLI) ollama=gemma4:e2b (christ gen + task_followup unless --no-followup)
Reopened T-0113.
  pushed to origin
[Worker001] T-0113 no dispatch rule — reopened.
[Worker001] claimed T-0113: Donaldson — 1_chronicles_1: add commentary JSON
[Worker001] models: backend=dispatch (local pipeline scripts only; no Claude CLI) ollama=gemma4:e2b (christ gen + task_followup unless --no-followup)
Reopened T-0113.
  [ledger] pushed to origin
  pushed to origin
[Worker001] T-0113 no dispatch rule — reopened.
=== 2026-04-10T04:16:16Z start Worker001 ===
[Worker001] checking for pending tasks…
[Worker001] claimed T-0113: Donaldson — 1_chronicles_1: add commentary JSON
[Worker001] models: backend=dispatch (local pipeline scripts only; no Claude CLI) ollama=gemma4:e2b (christ gen + task_followup unless --no-followup)
Reopened T-0113.
=== 2026-04-10T04:16:21Z start Worker001 ===
[Worker001] checking for pending tasks…
[Worker001] claimed T-0113: Donaldson — 1_chronicles_1: add commentary JSON
[Worker001] models: backend=dispatch (local pipeline scripts only; no Claude CLI) ollama=gemma4:e2b (christ gen + task_followup unless --no-followup)
  pushed to origin
[Worker001] T-0113 no dispatch rule — reopened.
Reopened T-0113.
=== 2026-04-10T04:16:23Z start Worker001 ===
[Worker001] checking for pending tasks…
[Worker001] claimed T-0113: Donaldson — 1_chronicles_1: add commentary JSON
[Worker001] models: backend=dispatch (local pipeline scripts only; no Claude CLI) ollama=gemma4:e2b (christ gen + task_followup unless --no-followup)
Reopened T-0113.
  push failed (non-fatal): Command '['git', 'push', 'origin', 'main']' returned non-zero exit status 1.
[Worker001] T-0113 no dispatch rule — reopened.
  pushed to origin
[Worker001] T-0113 no dispatch rule — reopened.
=== 2026-04-10T04:16:28Z start Worker001 ===
[Worker001] checking for pending tasks…
[Worker001] claimed T-0113: Donaldson — 1_chronicles_1: add commentary JSON
[Worker001] models: backend=dispatch (local pipeline scripts only; no Claude CLI) ollama=gemma4:e2b (christ gen + task_followup unless --no-followup)
Reopened T-0113.
  push failed (non-fatal): Command '['git', 'push', 'origin', 'main']' returned non-zero exit status 1.
[Worker001] T-0113 no dispatch rule — reopened.
=== 2026-04-10T04:16:45Z start Worker001 ===
[Worker001] checking for pending tasks…
[Worker001] claimed T-0113: Donaldson — 1_chronicles_1: add commentary JSON
[Worker001] models: backend=dispatch (local pipeline scripts only; no Claude CLI) ollama=gemma4:e2b (christ gen + task_followup unless --no-followup)
Reopened T-0113.
  push failed (non-fatal): Command '['git', 'push', 'origin', 'main']' returned non-zero exit status 1.
[Worker001] T-0113 no dispatch rule — reopened.
=== 2026-04-10T04:16:51Z start Worker001 ===
[Worker001] checking for pending tasks…
=== 2026-04-10T04:16:52Z start Worker001 ===
[Worker001] checking for pending tasks…
[Worker001] claimed T-0113: Donaldson — 1_chronicles_1: add commentary JSON
[Worker001] models: backend=dispatch (local pipeline scripts only; no Claude CLI) ollama=gemma4:e2b (christ gen + task_followup unless --no-followup)
[Worker001] claimed T-0113: Donaldson — 1_chronicles_1: add commentary JSON
[Worker001] models: backend=dispatch (local pipeline scripts only; no Claude CLI) ollama=gemma4:e2b (christ gen + task_followup unless --no-followup)
=== 2026-04-10T04:16:57Z start Worker001 ===
[Worker001] checking for pending tasks…
[Worker001] claimed T-0113: Donaldson — 1_chronicles_1: add commentary JSON
[Worker001] models: backend=dispatch (local pipeline scripts only; no Claude CLI) ollama=gemma4:e2b (christ gen + task_followup unless --no-followup)
Reopened T-0113.
Reopened T-0113.
  [ledger] pushed to origin
Reopened T-0113.
  pushed to origin
[Worker001] T-0113 no dispatch rule — reopened.
  push failed (non-fatal): Command '['git', 'push', 'origin', 'main']' returned non-zero exit status 1.
[Worker001] T-0113 no dispatch rule — reopened.
  pushed to origin
[Worker001] T-0113 no dispatch rule — reopened.
=== 2026-04-10T04:17:14Z start Worker001 ===
[Worker001] checking for pending tasks…
[Worker001] claimed T-0113: Donaldson — 1_chronicles_1: add commentary JSON
[Worker001] models: backend=dispatch (local pipeline scripts only; no Claude CLI) ollama=gemma4:e2b (christ gen + task_followup unless --no-followup)
Reopened T-0113.
  [ledger] pushed to origin
=== 2026-04-10T04:17:20Z start Worker001 ===
[Worker001] checking for pending tasks…
=== 2026-04-10T04:17:21Z start Worker001 ===
[Worker001] checking for pending tasks…
[Worker001] claimed T-0113: Donaldson — 1_chronicles_1: add commentary JSON
[Worker001] models: backend=dispatch (local pipeline scripts only; no Claude CLI) ollama=gemma4:e2b (christ gen + task_followup unless --no-followup)
[Worker001] claimed T-0117: Donaldson — 1_chronicles_10: add commentary JSON
[Worker001] models: backend=dispatch (local pipeline scripts only; no Claude CLI) ollama=gemma4:e2b (christ gen + task_followup unless --no-followup)
Reopened T-0113.
Reopened T-0117.
  pushed to origin
[Worker001] T-0113 no dispatch rule — reopened.
  push failed (non-fatal): Command '['git', 'push', 'origin', 'main']' returned non-zero exit status 1.
[Worker001] T-0113 no dispatch rule — reopened.
  push failed (non-fatal): Command '['git', 'push', 'origin', 'main']' returned non-zero exit status 1.
[Worker001] T-0117 no dispatch rule — reopened.
=== 2026-04-10T04:17:25Z start Worker001 ===
[Worker001] checking for pending tasks…
[Worker001] claimed T-0113: Donaldson — 1_chronicles_1: add commentary JSON
[Worker001] models: backend=dispatch (local pipeline scripts only; no Claude CLI) ollama=gemma4:e2b (christ gen + task_followup unless --no-followup)
Reopened T-0113.
  pushed to origin
[Worker001] T-0113 no dispatch rule — reopened.
=== 2026-04-10T04:17:43Z start Worker001 ===
[Worker001] checking for pending tasks…
[Worker001] claimed T-0113: Donaldson — 1_chronicles_1: add commentary JSON
[Worker001] models: backend=dispatch (local pipeline scripts only; no Claude CLI) ollama=gemma4:e2b (christ gen + task_followup unless --no-followup)
Reopened T-0113.
=== 2026-04-10T04:17:45Z start Worker001 ===
[Worker001] checking for pending tasks…
  push failed (non-fatal): Command '['git', 'push', 'origin', 'main']' returned non-zero exit status 1.
[Worker001] T-0113 no dispatch rule — reopened.
[Worker001] claimed T-0113: Donaldson — 1_chronicles_1: add commentary JSON
[Worker001] models: backend=dispatch (local pipeline scripts only; no Claude CLI) ollama=gemma4:e2b (christ gen + task_followup unless --no-followup)
=== 2026-04-10T04:17:50Z start Worker001 ===
[Worker001] checking for pending tasks…
[Worker001] claimed T-0113: Donaldson — 1_chronicles_1: add commentary JSON
[Worker001] models: backend=dispatch (local pipeline scripts only; no Claude CLI) ollama=gemma4:e2b (christ gen + task_followup unless --no-followup)
Reopened T-0113.
Reopened T-0113.
  [ledger] pushed to origin
  push failed (non-fatal): Command '['git', 'push', 'origin', 'main']' returned non-zero exit status 1.
[Worker001] T-0113 no dispatch rule — reopened.
  pushed to origin
[Worker001] T-0113 no dispatch rule — reopened.
=== 2026-04-10T04:17:54Z start Worker001 ===
[Worker001] checking for pending tasks…
[Worker001] claimed T-0113: Donaldson — 1_chronicles_1: add commentary JSON
[Worker001] models: backend=dispatch (local pipeline scripts only; no Claude CLI) ollama=gemma4:e2b (christ gen + task_followup unless --no-followup)
Reopened T-0113.
  [ledger] pushed to origin
  pushed to origin
[Worker001] T-0113 no dispatch rule — reopened.
=== 2026-04-10T04:18:13Z start Worker001 ===
[Worker001] checking for pending tasks…
=== 2026-04-10T04:18:14Z start Worker001 ===
[Worker001] checking for pending tasks…
[Worker001] claimed T-0113: Donaldson — 1_chronicles_1: add commentary JSON
[Worker001] models: backend=dispatch (local pipeline scripts only; no Claude CLI) ollama=gemma4:e2b (christ gen + task_followup unless --no-followup)
[Worker001] claimed T-0113: Donaldson — 1_chronicles_1: add commentary JSON
[Worker001] models: backend=dispatch (local pipeline scripts only; no Claude CLI) ollama=gemma4:e2b (christ gen + task_followup unless --no-followup)
Reopened T-0113.
=== 2026-04-10T04:18:18Z start Worker001 ===
[Worker001] checking for pending tasks…
[Worker001] claimed T-0113: Donaldson — 1_chronicles_1: add commentary JSON
[Worker001] models: backend=dispatch (local pipeline scripts only; no Claude CLI) ollama=gemma4:e2b (christ gen + task_followup unless --no-followup)
Reopened T-0113.
Reopened T-0113.
  [ledger] pushed to origin
  push failed (non-fatal): Command '['git', 'push', 'origin', 'main']' returned non-zero exit status 1.
[Worker001] T-0113 no dispatch rule — reopened.
  pushed to origin
[Worker001] T-0113 no dispatch rule — reopened.
  push failed (non-fatal): Command '['git', 'push', 'origin', 'main']' returned non-zero exit status 1.
[Worker001] T-0113 no dispatch rule — reopened.
=== 2026-04-10T04:18:23Z start Worker001 ===
[Worker001] checking for pending tasks…
[Worker001] claimed T-0113: Donaldson — 1_chronicles_1: add commentary JSON
[Worker001] models: backend=dispatch (local pipeline scripts only; no Claude CLI) ollama=gemma4:e2b (christ gen + task_followup unless --no-followup)
Reopened T-0113.
  pushed to origin
[Worker001] T-0113 no dispatch rule — reopened.
=== 2026-04-10T04:18:42Z start Worker001 ===
[Worker001] checking for pending tasks…
=== 2026-04-10T04:18:44Z start Worker001 ===
[Worker001] checking for pending tasks…
[Worker001] claimed T-0113: Donaldson — 1_chronicles_1: add commentary JSON
[Worker001] models: backend=dispatch (local pipeline scripts only; no Claude CLI) ollama=gemma4:e2b (christ gen + task_followup unless --no-followup)
[Worker001] claimed T-0113: Donaldson — 1_chronicles_1: add commentary JSON
[Worker001] models: backend=dispatch (local pipeline scripts only; no Claude CLI) ollama=gemma4:e2b (christ gen + task_followup unless --no-followup)
=== 2026-04-10T04:18:48Z start Worker001 ===
[Worker001] checking for pending tasks…
Reopened T-0113.
  [ledger] pushed to origin
Reopened T-0113.
=== 2026-04-10T04:18:51Z start Worker001 ===
[Worker001] checking for pending tasks…
[Worker001] claimed T-0113: Donaldson — 1_chronicles_1: add commentary JSON
[Worker001] models: backend=dispatch (local pipeline scripts only; no Claude CLI) ollama=gemma4:e2b (christ gen + task_followup unless --no-followup)
[Worker001] claimed T-0113: Donaldson — 1_chronicles_1: add commentary JSON
[Worker001] models: backend=dispatch (local pipeline scripts only; no Claude CLI) ollama=gemma4:e2b (christ gen + task_followup unless --no-followup)
Reopened T-0113.
  push failed (non-fatal): Command '['git', 'push', 'origin', 'main']' returned non-zero exit status 1.
[Worker001] T-0113 no dispatch rule — reopened.
  push failed (non-fatal): Command '['git', 'push', 'origin', 'main']' returned non-zero exit status 1.
[Worker001] T-0113 no dispatch rule — reopened.
  push failed (non-fatal): Command '['git', 'push', 'origin', 'main']' returned non-zero exit status 1.
[Worker001] T-0113 no dispatch rule — reopened.
Reopened T-0113.
  pushed to origin
[Worker001] T-0113 no dispatch rule — reopened.
=== 2026-04-10T04:19:14Z start Worker001 ===
[Worker001] checking for pending tasks…
[Worker001] claimed T-0113: Donaldson — 1_chronicles_1: add commentary JSON
[Worker001] models: backend=dispatch (local pipeline scripts only; no Claude CLI) ollama=gemma4:e2b (christ gen + task_followup unless --no-followup)
Reopened T-0113.
=== 2026-04-10T04:19:14Z start Worker001 ===
[Worker001] checking for pending tasks…
[Worker001] claimed T-0113: Donaldson — 1_chronicles_1: add commentary JSON
[Worker001] models: backend=dispatch (local pipeline scripts only; no Claude CLI) ollama=gemma4:e2b (christ gen + task_followup unless --no-followup)
Reopened T-0113.
=== 2026-04-10T04:19:16Z start Worker001 ===
[Worker001] checking for pending tasks…
[Worker001] claimed T-0113: Donaldson — 1_chronicles_1: add commentary JSON
[Worker001] models: backend=dispatch (local pipeline scripts only; no Claude CLI) ollama=gemma4:e2b (christ gen + task_followup unless --no-followup)
  push failed (non-fatal): Command '['git', 'push', 'origin', 'main']' returned non-zero exit status 1.
[Worker001] T-0113 no dispatch rule — reopened.
Reopened T-0113.
  push failed (non-fatal): Command '['git', 'push', 'origin', 'main']' returned non-zero exit status 1.
[Worker001] T-0113 no dispatch rule — reopened.
  push failed (non-fatal): Command '['git', 'push', 'origin', 'main']' returned non-zero exit status 1.
[Worker001] T-0113 no dispatch rule — reopened.
=== 2026-04-10T04:19:21Z start Worker001 ===
[Worker001] checking for pending tasks…
[Worker001] claimed T-0113: Donaldson — 1_chronicles_1: add commentary JSON
[Worker001] models: backend=dispatch (local pipeline scripts only; no Claude CLI) ollama=gemma4:e2b (christ gen + task_followup unless --no-followup)
Reopened T-0113.
  [ledger] pushed to origin
  pushed to origin
[Worker001] T-0113 no dispatch rule — reopened.
=== 2026-04-10T04:19:41Z start Worker001 ===
[Worker001] checking for pending tasks…
[Worker001] claimed T-0113: Donaldson — 1_chronicles_1: add commentary JSON
[Worker001] models: backend=dispatch (local pipeline scripts only; no Claude CLI) ollama=gemma4:e2b (christ gen + task_followup unless --no-followup)
Reopened T-0113.
  push failed (non-fatal): Command '['git', 'push', 'origin', 'main']' returned non-zero exit status 1.
[Worker001] T-0113 no dispatch rule — reopened.
=== 2026-04-10T04:19:44Z start Worker001 ===
[Worker001] checking for pending tasks…
[Worker001] claimed T-0113: Donaldson — 1_chronicles_1: add commentary JSON
[Worker001] models: backend=dispatch (local pipeline scripts only; no Claude CLI) ollama=gemma4:e2b (christ gen + task_followup unless --no-followup)
Reopened T-0113.
=== 2026-04-10T04:19:45Z start Worker001 ===
[Worker001] checking for pending tasks…
  push failed (non-fatal): Command '['git', 'push', 'origin', 'main']' returned non-zero exit status 1.
[Worker001] T-0113 no dispatch rule — reopened.
[Worker001] claimed T-0113: Donaldson — 1_chronicles_1: add commentary JSON
[Worker001] models: backend=dispatch (local pipeline scripts only; no Claude CLI) ollama=gemma4:e2b (christ gen + task_followup unless --no-followup)
=== 2026-04-10T04:19:50Z start Worker001 ===
[Worker001] checking for pending tasks…
[Worker001] claimed T-0113: Donaldson — 1_chronicles_1: add commentary JSON
[Worker001] models: backend=dispatch (local pipeline scripts only; no Claude CLI) ollama=gemma4:e2b (christ gen + task_followup unless --no-followup)
Reopened T-0113.
Reopened T-0113.
  push failed (non-fatal): Command '['git', 'push', 'origin', 'main']' returned non-zero exit status 1.
[Worker001] T-0113 no dispatch rule — reopened.
  pushed to origin
[Worker001] T-0113 no dispatch rule — reopened.
=== 2026-04-10T04:20:09Z start Worker001 ===
[Worker001] checking for pending tasks…
[Worker001] claimed T-0113: Donaldson — 1_chronicles_1: add commentary JSON
[Worker001] models: backend=dispatch (local pipeline scripts only; no Claude CLI) ollama=gemma4:e2b (christ gen + task_followup unless --no-followup)
=== 2026-04-10T04:20:15Z start Worker001 ===
[Worker001] checking for pending tasks…
=== 2026-04-10T04:20:15Z start Worker001 ===
[Worker001] checking for pending tasks…
[Worker001] claimed T-0113: Donaldson — 1_chronicles_1: add commentary JSON
[Worker001] models: backend=dispatch (local pipeline scripts only; no Claude CLI) ollama=gemma4:e2b (christ gen + task_followup unless --no-followup)
Reopened T-0113.
Reopened T-0113.
[Worker001] claimed T-0113: Donaldson — 1_chronicles_1: add commentary JSON
[Worker001] models: backend=dispatch (local pipeline scripts only; no Claude CLI) ollama=gemma4:e2b (christ gen + task_followup unless --no-followup)
=== 2026-04-10T04:20:17Z start Worker001 ===
[Worker001] checking for pending tasks…
[Worker001] claimed T-0113: Donaldson — 1_chronicles_1: add commentary JSON
[Worker001] models: backend=dispatch (local pipeline scripts only; no Claude CLI) ollama=gemma4:e2b (christ gen + task_followup unless --no-followup)
Reopened T-0113.
  push failed (non-fatal): Command '['git', 'push', 'origin', 'main']' returned non-zero exit status 1.
[Worker001] T-0113 no dispatch rule — reopened.
  push failed (non-fatal): Command '['git', 'push', 'origin', 'main']' returned non-zero exit status 1.
[Worker001] T-0113 no dispatch rule — reopened.
Reopened T-0113.
  push failed (non-fatal): Command '['git', 'push', 'origin', 'main']' returned non-zero exit status 1.
[Worker001] T-0113 no dispatch rule — reopened.
  pushed to origin
[Worker001] T-0113 no dispatch rule — reopened.
=== 2026-04-10T04:20:40Z start Worker001 ===
[Worker001] checking for pending tasks…
[Worker001] claimed T-0113: Donaldson — 1_chronicles_1: add commentary JSON
[Worker001] models: backend=dispatch (local pipeline scripts only; no Claude CLI) ollama=gemma4:e2b (christ gen + task_followup unless --no-followup)
Reopened T-0113.
  pushed to origin
[Worker001] T-0113 no dispatch rule — reopened.
=== 2026-04-10T04:20:43Z start Worker001 ===
[Worker001] checking for pending tasks…
[Worker001] claimed T-0113: Donaldson — 1_chronicles_1: add commentary JSON
[Worker001] models: backend=dispatch (local pipeline scripts only; no Claude CLI) ollama=gemma4:e2b (christ gen + task_followup unless --no-followup)
Reopened T-0113.
  push failed (non-fatal): Command '['git', 'push', 'origin', 'main']' returned non-zero exit status 1.
[Worker001] T-0113 no dispatch rule — reopened.
=== 2026-04-10T04:20:46Z start Worker001 ===
[Worker001] checking for pending tasks…
=== 2026-04-10T04:20:47Z start Worker001 ===
[Worker001] checking for pending tasks…
[Worker001] claimed T-0113: Donaldson — 1_chronicles_1: add commentary JSON
[Worker001] models: backend=dispatch (local pipeline scripts only; no Claude CLI) ollama=gemma4:e2b (christ gen + task_followup unless --no-followup)
Reopened T-0113.
[Worker001] claimed T-0113: Donaldson — 1_chronicles_1: add commentary JSON
[Worker001] models: backend=dispatch (local pipeline scripts only; no Claude CLI) ollama=gemma4:e2b (christ gen + task_followup unless --no-followup)
  push failed (non-fatal): Command '['git', 'push', 'origin', 'main']' returned non-zero exit status 1.
[Worker001] T-0113 no dispatch rule — reopened.
Reopened T-0113.
  [ledger] pushed to origin
  pushed to origin
[Worker001] T-0113 no dispatch rule — reopened.
=== 2026-04-10T04:21:09Z start Worker001 ===
=== 2026-04-10T04:21:09Z start Worker001 ===
[Worker001] checking for pending tasks…
[Worker001] checking for pending tasks…
[Worker001] claimed T-0113: Donaldson — 1_chronicles_1: add commentary JSON
[Worker001] models: backend=dispatch (local pipeline scripts only; no Claude CLI) ollama=gemma4:e2b (christ gen + task_followup unless --no-followup)
[Worker001] claimed T-0113: Donaldson — 1_chronicles_1: add commentary JSON
[Worker001] models: backend=dispatch (local pipeline scripts only; no Claude CLI) ollama=gemma4:e2b (christ gen + task_followup unless --no-followup)
Reopened T-0113.
Reopened T-0113.
  push failed (non-fatal): Command '['git', 'push', 'origin', 'main']' returned non-zero exit status 1.
[Worker001] T-0113 no dispatch rule — reopened.
  push failed (non-fatal): Command '['git', 'push', 'origin', 'main']' returned non-zero exit status 1.
[Worker001] T-0113 no dispatch rule — reopened.
=== 2026-04-10T04:21:15Z start Worker001 ===
[Worker001] checking for pending tasks…
=== 2026-04-10T04:21:16Z start Worker001 ===
[Worker001] checking for pending tasks…
[Worker001] claimed T-0113: Donaldson — 1_chronicles_1: add commentary JSON
[Worker001] models: backend=dispatch (local pipeline scripts only; no Claude CLI) ollama=gemma4:e2b (christ gen + task_followup unless --no-followup)
[Worker001] claimed T-0113: Donaldson — 1_chronicles_1: add commentary JSON
[Worker001] models: backend=dispatch (local pipeline scripts only; no Claude CLI) ollama=gemma4:e2b (christ gen + task_followup unless --no-followup)
Reopened T-0113.
Reopened T-0113.
  pushed to origin
[Worker001] T-0113 no dispatch rule — reopened.
  pushed to origin
[Worker001] T-0113 no dispatch rule — reopened.
=== 2026-04-10T04:21:35Z start Worker001 ===
[Worker001] checking for pending tasks…
[Worker001] claimed T-0113: Donaldson — 1_chronicles_1: add commentary JSON
[Worker001] models: backend=dispatch (local pipeline scripts only; no Claude CLI) ollama=gemma4:e2b (christ gen + task_followup unless --no-followup)
Reopened T-0113.
  push failed (non-fatal): Command '['git', 'push', 'origin', 'main']' returned non-zero exit status 1.
[Worker001] T-0113 no dispatch rule — reopened.
=== 2026-04-10T04:21:40Z start Worker001 ===
[Worker001] checking for pending tasks…
[Worker001] claimed T-0113: Donaldson — 1_chronicles_1: add commentary JSON
[Worker001] models: backend=dispatch (local pipeline scripts only; no Claude CLI) ollama=gemma4:e2b (christ gen + task_followup unless --no-followup)
Reopened T-0113.
=== 2026-04-10T04:21:45Z start Worker001 ===
[Worker001] checking for pending tasks…
[Worker001] claimed T-0113: Donaldson — 1_chronicles_1: add commentary JSON
[Worker001] models: backend=dispatch (local pipeline scripts only; no Claude CLI) ollama=gemma4:e2b (christ gen + task_followup unless --no-followup)
=== 2026-04-10T04:21:45Z start Worker001 ===
[Worker001] checking for pending tasks…
Reopened T-0113.
[Worker001] claimed T-0117: Donaldson — 1_chronicles_10: add commentary JSON
[Worker001] models: backend=dispatch (local pipeline scripts only; no Claude CLI) ollama=gemma4:e2b (christ gen + task_followup unless --no-followup)
Reopened T-0117.
  push failed (non-fatal): Command '['git', 'push', 'origin', 'main']' returned non-zero exit status 1.
[Worker001] T-0113 no dispatch rule — reopened.
  pushed to origin
[Worker001] T-0117 no dispatch rule — reopened.
  push failed (non-fatal): Command '['git', 'push', 'origin', 'main']' returned non-zero exit status 1.
[Worker001] T-0113 no dispatch rule — reopened.
=== 2026-04-10T04:22:05Z start Worker001 ===
[Worker001] checking for pending tasks…
[Worker001] claimed T-0113: Donaldson — 1_chronicles_1: add commentary JSON
[Worker001] models: backend=dispatch (local pipeline scripts only; no Claude CLI) ollama=gemma4:e2b (christ gen + task_followup unless --no-followup)
=== 2026-04-10T04:22:10Z start Worker001 ===
[Worker001] checking for pending tasks…
Reopened T-0113.
  [ledger] pushed to origin
[Worker001] claimed T-0113: Donaldson — 1_chronicles_1: add commentary JSON
[Worker001] models: backend=dispatch (local pipeline scripts only; no Claude CLI) ollama=gemma4:e2b (christ gen + task_followup unless --no-followup)
Reopened T-0113.
=== 2026-04-10T04:22:12Z start Worker001 ===
[Worker001] checking for pending tasks…
  pushed to origin
[Worker001] T-0113 no dispatch rule — reopened.
=== 2026-04-10T04:22:12Z start Worker001 ===
[Worker001] checking for pending tasks…
  push failed (non-fatal): Command '['git', 'push', 'origin', 'main']' returned non-zero exit status 1.
[Worker001] T-0113 no dispatch rule — reopened.
[Worker001] claimed T-0113: Donaldson — 1_chronicles_1: add commentary JSON
[Worker001] models: backend=dispatch (local pipeline scripts only; no Claude CLI) ollama=gemma4:e2b (christ gen + task_followup unless --no-followup)
[Worker001] claimed T-0113: Donaldson — 1_chronicles_1: add commentary JSON
[Worker001] models: backend=dispatch (local pipeline scripts only; no Claude CLI) ollama=gemma4:e2b (christ gen + task_followup unless --no-followup)
Reopened T-0113.
  [ledger] pushed to origin
Reopened T-0113.
  pushed to origin
[Worker001] T-0113 no dispatch rule — reopened.
  pushed to origin
[Worker001] T-0113 no dispatch rule — reopened.
=== 2026-04-10T04:22:33Z start Worker001 ===
[Worker001] checking for pending tasks…
[Worker001] claimed T-0113: Donaldson — 1_chronicles_1: add commentary JSON
[Worker001] models: backend=dispatch (local pipeline scripts only; no Claude CLI) ollama=gemma4:e2b (christ gen + task_followup unless --no-followup)
Reopened T-0113.
  pushed to origin
[Worker001] T-0113 no dispatch rule — reopened.
=== 2026-04-10T04:22:41Z start Worker001 ===
[Worker001] checking for pending tasks…
[Worker001] claimed T-0113: Donaldson — 1_chronicles_1: add commentary JSON
[Worker001] models: backend=dispatch (local pipeline scripts only; no Claude CLI) ollama=gemma4:e2b (christ gen + task_followup unless --no-followup)
=== 2026-04-10T04:22:41Z start Worker001 ===
[Worker001] checking for pending tasks…
[Worker001] claimed T-0113: Donaldson — 1_chronicles_1: add commentary JSON
[Worker001] models: backend=dispatch (local pipeline scripts only; no Claude CLI) ollama=gemma4:e2b (christ gen + task_followup unless --no-followup)
Reopened T-0113.
=== 2026-04-10T04:22:43Z start Worker001 ===
[Worker001] checking for pending tasks…
  push failed (non-fatal): Command '['git', 'push', 'origin', 'main']' returned non-zero exit status 1.
[Worker001] T-0113 no dispatch rule — reopened.
Reopened T-0113.
[Worker001] claimed T-0113: Donaldson — 1_chronicles_1: add commentary JSON
[Worker001] models: backend=dispatch (local pipeline scripts only; no Claude CLI) ollama=gemma4:e2b (christ gen + task_followup unless --no-followup)
  push failed (non-fatal): Command '['git', 'push', 'origin', 'main']' returned non-zero exit status 1.
[Worker001] T-0113 no dispatch rule — reopened.
Reopened T-0113.
  [ledger] pushed to origin
  pushed to origin
[Worker001] T-0113 no dispatch rule — reopened.
=== 2026-04-10T04:23:03Z start Worker001 ===
[Worker001] checking for pending tasks…
[Worker001] claimed T-0113: Donaldson — 1_chronicles_1: add commentary JSON
[Worker001] models: backend=dispatch (local pipeline scripts only; no Claude CLI) ollama=gemma4:e2b (christ gen + task_followup unless --no-followup)
=== 2026-04-10T04:23:09Z start Worker001 ===
[Worker001] checking for pending tasks…
[Worker001] claimed T-0113: Donaldson — 1_chronicles_1: add commentary JSON
[Worker001] models: backend=dispatch (local pipeline scripts only; no Claude CLI) ollama=gemma4:e2b (christ gen + task_followup unless --no-followup)
Reopened T-0113.
Reopened T-0113.
  [ledger] pushed to origin
  pushed to origin
[Worker001] T-0113 no dispatch rule — reopened.
=== 2026-04-10T04:23:12Z start Worker001 ===
[Worker001] checking for pending tasks…
=== 2026-04-10T04:23:13Z start Worker001 ===
[Worker001] checking for pending tasks…
[Worker001] claimed T-0113: Donaldson — 1_chronicles_1: add commentary JSON
[Worker001] models: backend=dispatch (local pipeline scripts only; no Claude CLI) ollama=gemma4:e2b (christ gen + task_followup unless --no-followup)
  push failed (non-fatal): Command '['git', 'push', 'origin', 'main']' returned non-zero exit status 1.
[Worker001] T-0113 no dispatch rule — reopened.
Reopened T-0113.
[Worker001] claimed T-0113: Donaldson — 1_chronicles_1: add commentary JSON
[Worker001] models: backend=dispatch (local pipeline scripts only; no Claude CLI) ollama=gemma4:e2b (christ gen + task_followup unless --no-followup)
  push failed (non-fatal): Command '['git', 'push', 'origin', 'main']' returned non-zero exit status 1.
[Worker001] T-0113 no dispatch rule — reopened.
Reopened T-0113.
  [ledger] pushed to origin
  pushed to origin
[Worker001] T-0113 no dispatch rule — reopened.
=== 2026-04-10T04:23:34Z start Worker001 ===
[Worker001] checking for pending tasks…
[Worker001] claimed T-0113: Donaldson — 1_chronicles_1: add commentary JSON
[Worker001] models: backend=dispatch (local pipeline scripts only; no Claude CLI) ollama=gemma4:e2b (christ gen + task_followup unless --no-followup)
Reopened T-0113.
  push failed (non-fatal): Command '['git', 'push', 'origin', 'main']' returned non-zero exit status 1.
[Worker001] T-0113 no dispatch rule — reopened.
=== 2026-04-10T04:23:40Z start Worker001 ===
=== 2026-04-10T04:23:40Z start Worker001 ===
[Worker001] checking for pending tasks…
[Worker001] checking for pending tasks…
[Worker001] claimed T-0113: Donaldson — 1_chronicles_1: add commentary JSON
[Worker001] models: backend=dispatch (local pipeline scripts only; no Claude CLI) ollama=gemma4:e2b (christ gen + task_followup unless --no-followup)
[Worker001] claimed T-0113: Donaldson — 1_chronicles_1: add commentary JSON
[Worker001] models: backend=dispatch (local pipeline scripts only; no Claude CLI) ollama=gemma4:e2b (christ gen + task_followup unless --no-followup)
Reopened T-0113.
Reopened T-0113.
=== 2026-04-10T04:23:42Z start Worker001 ===
[Worker001] checking for pending tasks…
  pushed to origin
[Worker001] T-0113 no dispatch rule — reopened.
  push failed (non-fatal): Command '['git', 'push', 'origin', 'main']' returned non-zero exit status 1.
[Worker001] T-0113 no dispatch rule — reopened.
[Worker001] claimed T-0113: Donaldson — 1_chronicles_1: add commentary JSON
[Worker001] models: backend=dispatch (local pipeline scripts only; no Claude CLI) ollama=gemma4:e2b (christ gen + task_followup unless --no-followup)
Reopened T-0113.
  pushed to origin
[Worker001] T-0113 no dispatch rule — reopened.
=== 2026-04-10T04:24:03Z start Worker001 ===
[Worker001] checking for pending tasks…
[Worker001] claimed T-0113: Donaldson — 1_chronicles_1: add commentary JSON
[Worker001] models: backend=dispatch (local pipeline scripts only; no Claude CLI) ollama=gemma4:e2b (christ gen + task_followup unless --no-followup)
Reopened T-0113.
=== 2026-04-10T04:24:05Z start Worker001 ===
[Worker001] checking for pending tasks…
[Worker001] claimed T-0113: Donaldson — 1_chronicles_1: add commentary JSON
[Worker001] models: backend=dispatch (local pipeline scripts only; no Claude CLI) ollama=gemma4:e2b (christ gen + task_followup unless --no-followup)
Reopened T-0113.
  push failed (non-fatal): Command '['git', 'push', 'origin', 'main']' returned non-zero exit status 1.
[Worker001] T-0113 no dispatch rule — reopened.
  pushed to origin
[Worker001] T-0113 no dispatch rule — reopened.
=== 2026-04-10T04:24:10Z start Worker001 ===
[Worker001] checking for pending tasks…
=== 2026-04-10T04:24:10Z start Worker001 ===
[Worker001] checking for pending tasks…
[Worker001] claimed T-0117: Donaldson — 1_chronicles_10: add commentary JSON
[Worker001] models: backend=dispatch (local pipeline scripts only; no Claude CLI) ollama=gemma4:e2b (christ gen + task_followup unless --no-followup)
Reopened T-0117.
[Worker001] claimed T-0113: Donaldson — 1_chronicles_1: add commentary JSON
[Worker001] models: backend=dispatch (local pipeline scripts only; no Claude CLI) ollama=gemma4:e2b (christ gen + task_followup unless --no-followup)
  push failed (non-fatal): Command '['git', 'push', 'origin', 'main']' returned non-zero exit status 1.
[Worker001] T-0117 no dispatch rule — reopened.
Reopened T-0113.
  pushed to origin
[Worker001] T-0113 no dispatch rule — reopened.
=== 2026-04-10T04:24:33Z start Worker001 ===
[Worker001] checking for pending tasks…
[Worker001] claimed T-0113: Donaldson — 1_chronicles_1: add commentary JSON
[Worker001] models: backend=dispatch (local pipeline scripts only; no Claude CLI) ollama=gemma4:e2b (christ gen + task_followup unless --no-followup)
Reopened T-0113.
=== 2026-04-10T04:24:35Z start Worker001 ===
[Worker001] checking for pending tasks…
[Worker001] claimed T-0113: Donaldson — 1_chronicles_1: add commentary JSON
[Worker001] models: backend=dispatch (local pipeline scripts only; no Claude CLI) ollama=gemma4:e2b (christ gen + task_followup unless --no-followup)
  push failed (non-fatal): Command '['git', 'push', 'origin', 'main']' returned non-zero exit status 1.
[Worker001] T-0113 no dispatch rule — reopened.
=== 2026-04-10T04:24:38Z start Worker001 ===
[Worker001] checking for pending tasks…
[Worker001] claimed T-0113: Donaldson — 1_chronicles_1: add commentary JSON
[Worker001] models: backend=dispatch (local pipeline scripts only; no Claude CLI) ollama=gemma4:e2b (christ gen + task_followup unless --no-followup)
Reopened T-0113.
Reopened T-0113.
  [ledger] pushed to origin
=== 2026-04-10T04:24:39Z start Worker001 ===
[Worker001] checking for pending tasks…
  pushed to origin
[Worker001] T-0113 no dispatch rule — reopened.
  push failed (non-fatal): Command '['git', 'push', 'origin', 'main']' returned non-zero exit status 1.
[Worker001] T-0113 no dispatch rule — reopened.
[Worker001] claimed T-0113: Donaldson — 1_chronicles_1: add commentary JSON
[Worker001] models: backend=dispatch (local pipeline scripts only; no Claude CLI) ollama=gemma4:e2b (christ gen + task_followup unless --no-followup)
Reopened T-0113.
  [ledger] pushed to origin
  pushed to origin
[Worker001] T-0113 no dispatch rule — reopened.
=== 2026-04-10T04:25:04Z start Worker001 ===
=== 2026-04-10T04:25:04Z start Worker001 ===
[Worker001] checking for pending tasks…
[Worker001] checking for pending tasks…
[Worker001] claimed T-0113: Donaldson — 1_chronicles_1: add commentary JSON
[Worker001] models: backend=dispatch (local pipeline scripts only; no Claude CLI) ollama=gemma4:e2b (christ gen + task_followup unless --no-followup)
[Worker001] claimed T-0113: Donaldson — 1_chronicles_1: add commentary JSON
[Worker001] models: backend=dispatch (local pipeline scripts only; no Claude CLI) ollama=gemma4:e2b (christ gen + task_followup unless --no-followup)
=== 2026-04-10T04:25:04Z start Worker001 ===
[Worker001] checking for pending tasks…
Reopened T-0113.
Reopened T-0113.
[Worker001] claimed T-0117: Donaldson — 1_chronicles_10: add commentary JSON
[Worker001] models: backend=dispatch (local pipeline scripts only; no Claude CLI) ollama=gemma4:e2b (christ gen + task_followup unless --no-followup)
Reopened T-0117.
  push failed (non-fatal): Command '['git', 'push', 'origin', 'main']' returned non-zero exit status 1.
[Worker001] T-0113 no dispatch rule — reopened.
  push failed (non-fatal): Command '['git', 'push', 'origin', 'main']' returned non-zero exit status 1.
[Worker001] T-0113 no dispatch rule — reopened.
  push failed (non-fatal): Command '['git', 'push', 'origin', 'main']' returned non-zero exit status 1.
[Worker001] T-0117 no dispatch rule — reopened.
=== 2026-04-10T04:25:09Z start Worker001 ===
[Worker001] checking for pending tasks…
[Worker001] claimed T-0113: Donaldson — 1_chronicles_1: add commentary JSON
[Worker001] models: backend=dispatch (local pipeline scripts only; no Claude CLI) ollama=gemma4:e2b (christ gen + task_followup unless --no-followup)
Reopened T-0113.
  [ledger] pushed to origin
  pushed to origin
[Worker001] T-0113 no dispatch rule — reopened.
=== 2026-04-10T04:25:30Z start Worker001 ===
[Worker001] checking for pending tasks…
[Worker001] claimed T-0113: Donaldson — 1_chronicles_1: add commentary JSON
[Worker001] models: backend=dispatch (local pipeline scripts only; no Claude CLI) ollama=gemma4:e2b (christ gen + task_followup unless --no-followup)
=== 2026-04-10T04:25:32Z start Worker001 ===
[Worker001] checking for pending tasks…
Reopened T-0113.
=== 2026-04-10T04:25:34Z start Worker001 ===
[Worker001] checking for pending tasks…
[Worker001] claimed T-0113: Donaldson — 1_chronicles_1: add commentary JSON
[Worker001] models: backend=dispatch (local pipeline scripts only; no Claude CLI) ollama=gemma4:e2b (christ gen + task_followup unless --no-followup)
  push failed (non-fatal): Command '['git', 'push', 'origin', 'main']' returned non-zero exit status 1.
[Worker001] T-0113 no dispatch rule — reopened.
[Worker001] claimed T-0113: Donaldson — 1_chronicles_1: add commentary JSON
[Worker001] models: backend=dispatch (local pipeline scripts only; no Claude CLI) ollama=gemma4:e2b (christ gen + task_followup unless --no-followup)
Reopened T-0113.
=== 2026-04-10T04:25:39Z start Worker001 ===
[Worker001] checking for pending tasks…
[Worker001] claimed T-0113: Donaldson — 1_chronicles_1: add commentary JSON
[Worker001] models: backend=dispatch (local pipeline scripts only; no Claude CLI) ollama=gemma4:e2b (christ gen + task_followup unless --no-followup)
Reopened T-0113.
Reopened T-0113.
  [ledger] pushed to origin
  push failed (non-fatal): Command '['git', 'push', 'origin', 'main']' returned non-zero exit status 1.
[Worker001] T-0113 no dispatch rule — reopened.
  push failed (non-fatal): Command '['git', 'push', 'origin', 'main']' returned non-zero exit status 1.
[Worker001] T-0113 no dispatch rule — reopened.
  push failed (non-fatal): Command '['git', 'push', 'origin', 'main']' returned non-zero exit status 1.
[Worker001] T-0113 no dispatch rule — reopened.
=== 2026-04-10T04:25:57Z start Worker001 ===
[Worker001] checking for pending tasks…
[Worker001] claimed T-0113: Donaldson — 1_chronicles_1: add commentary JSON
[Worker001] models: backend=dispatch (local pipeline scripts only; no Claude CLI) ollama=gemma4:e2b (christ gen + task_followup unless --no-followup)
Reopened T-0113.
  push failed (non-fatal): Command '['git', 'push', 'origin', 'main']' returned non-zero exit status 1.
[Worker001] T-0113 no dispatch rule — reopened.
=== 2026-04-10T04:26:03Z start Worker001 ===
[Worker001] checking for pending tasks…
[Worker001] claimed T-0113: Donaldson — 1_chronicles_1: add commentary JSON
[Worker001] models: backend=dispatch (local pipeline scripts only; no Claude CLI) ollama=gemma4:e2b (christ gen + task_followup unless --no-followup)
Reopened T-0113.
=== 2026-04-10T04:26:04Z start Worker001 ===
[Worker001] checking for pending tasks…
[Worker001] claimed T-0113: Donaldson — 1_chronicles_1: add commentary JSON
[Worker001] models: backend=dispatch (local pipeline scripts only; no Claude CLI) ollama=gemma4:e2b (christ gen + task_followup unless --no-followup)
  push failed (non-fatal): Command '['git', 'push', 'origin', 'main']' returned non-zero exit status 1.
[Worker001] T-0113 no dispatch rule — reopened.
=== 2026-04-10T04:26:07Z start Worker001 ===
[Worker001] checking for pending tasks…
[Worker001] claimed T-0113: Donaldson — 1_chronicles_1: add commentary JSON
[Worker001] models: backend=dispatch (local pipeline scripts only; no Claude CLI) ollama=gemma4:e2b (christ gen + task_followup unless --no-followup)
Reopened T-0113.
  push failed (non-fatal): Command '['git', 'push', 'origin', 'main']' returned non-zero exit status 1.
[Worker001] T-0113 no dispatch rule — reopened.
Reopened T-0113.
  pushed to origin
[Worker001] T-0113 no dispatch rule — reopened.
=== 2026-04-10T04:26:26Z start Worker001 ===
[Worker001] checking for pending tasks…
[Worker001] claimed T-0113: Donaldson — 1_chronicles_1: add commentary JSON
[Worker001] models: backend=dispatch (local pipeline scripts only; no Claude CLI) ollama=gemma4:e2b (christ gen + task_followup unless --no-followup)
=== 2026-04-10T04:26:32Z start Worker001 ===
[Worker001] checking for pending tasks…
[Worker001] claimed T-0113: Donaldson — 1_chronicles_1: add commentary JSON
[Worker001] models: backend=dispatch (local pipeline scripts only; no Claude CLI) ollama=gemma4:e2b (christ gen + task_followup unless --no-followup)
Reopened T-0113.
  [ledger] pushed to origin
Reopened T-0113.
=== 2026-04-10T04:26:33Z start Worker001 ===
[Worker001] checking for pending tasks…
  pushed to origin
[Worker001] T-0113 no dispatch rule — reopened.
  push failed (non-fatal): Command '['git', 'push', 'origin', 'main']' returned non-zero exit status 1.
[Worker001] T-0113 no dispatch rule — reopened.
[Worker001] claimed T-0113: Donaldson — 1_chronicles_1: add commentary JSON
[Worker001] models: backend=dispatch (local pipeline scripts only; no Claude CLI) ollama=gemma4:e2b (christ gen + task_followup unless --no-followup)
=== 2026-04-10T04:26:37Z start Worker001 ===
[Worker001] checking for pending tasks…
[Worker001] claimed T-0113: Donaldson — 1_chronicles_1: add commentary JSON
[Worker001] models: backend=dispatch (local pipeline scripts only; no Claude CLI) ollama=gemma4:e2b (christ gen + task_followup unless --no-followup)
Reopened T-0113.
Reopened T-0113.
  push failed (non-fatal): Command '['git', 'push', 'origin', 'main']' returned non-zero exit status 1.
[Worker001] T-0113 no dispatch rule — reopened.
  pushed to origin
[Worker001] T-0113 no dispatch rule — reopened.
=== 2026-04-10T04:26:55Z start Worker001 ===
[Worker001] checking for pending tasks…
[Worker001] claimed T-0113: Donaldson — 1_chronicles_1: add commentary JSON
[Worker001] models: backend=dispatch (local pipeline scripts only; no Claude CLI) ollama=gemma4:e2b (christ gen + task_followup unless --no-followup)
Reopened T-0113.
  [ledger] pushed to origin
=== 2026-04-10T04:27:02Z start Worker001 ===
[Worker001] checking for pending tasks…
[Worker001] claimed T-0113: Donaldson — 1_chronicles_1: add commentary JSON
[Worker001] models: backend=dispatch (local pipeline scripts only; no Claude CLI) ollama=gemma4:e2b (christ gen + task_followup unless --no-followup)
=== 2026-04-10T04:27:02Z start Worker001 ===
[Worker001] checking for pending tasks…
Reopened T-0113.
[Worker001] claimed T-0113: Donaldson — 1_chronicles_1: add commentary JSON
[Worker001] models: backend=dispatch (local pipeline scripts only; no Claude CLI) ollama=gemma4:e2b (christ gen + task_followup unless --no-followup)
Reopened T-0113.
  pushed to origin
[Worker001] T-0113 no dispatch rule — reopened.
  push failed (non-fatal): Command '['git', 'push', 'origin', 'main']' returned non-zero exit status 1.
  push failed (non-fatal): Command '['git', 'push', 'origin', 'main']' returned non-zero exit status 1.
[Worker001] T-0113 no dispatch rule — reopened.
[Worker001] T-0113 no dispatch rule — reopened.
=== 2026-04-10T04:27:06Z start Worker001 ===
[Worker001] checking for pending tasks…
[Worker001] claimed T-0113: Donaldson — 1_chronicles_1: add commentary JSON
[Worker001] models: backend=dispatch (local pipeline scripts only; no Claude CLI) ollama=gemma4:e2b (christ gen + task_followup unless --no-followup)
Reopened T-0113.
  [ledger] pushed to origin
  pushed to origin
[Worker001] T-0113 no dispatch rule — reopened.
=== 2026-04-10T04:27:25Z start Worker001 ===
[Worker001] checking for pending tasks…
[Worker001] claimed T-0113: Donaldson — 1_chronicles_1: add commentary JSON
[Worker001] models: backend=dispatch (local pipeline scripts only; no Claude CLI) ollama=gemma4:e2b (christ gen + task_followup unless --no-followup)
Reopened T-0113.
  push failed (non-fatal): Command '['git', 'push', 'origin', 'main']' returned non-zero exit status 1.
[Worker001] T-0113 no dispatch rule — reopened.
=== 2026-04-10T04:27:30Z start Worker001 ===
[Worker001] checking for pending tasks…
=== 2026-04-10T04:27:32Z start Worker001 ===
[Worker001] checking for pending tasks…
[Worker001] claimed T-0113: Donaldson — 1_chronicles_1: add commentary JSON
[Worker001] models: backend=dispatch (local pipeline scripts only; no Claude CLI) ollama=gemma4:e2b (christ gen + task_followup unless --no-followup)
Reopened T-0113.
=== 2026-04-10T04:27:35Z start Worker001 ===
[Worker001] checking for pending tasks…
[Worker001] claimed T-0113: Donaldson — 1_chronicles_1: add commentary JSON
[Worker001] models: backend=dispatch (local pipeline scripts only; no Claude CLI) ollama=gemma4:e2b (christ gen + task_followup unless --no-followup)
  push failed (non-fatal): Command '['git', 'push', 'origin', 'main']' returned non-zero exit status 1.
[Worker001] T-0113 no dispatch rule — reopened.
[Worker001] claimed T-0113: Donaldson — 1_chronicles_1: add commentary JSON
[Worker001] models: backend=dispatch (local pipeline scripts only; no Claude CLI) ollama=gemma4:e2b (christ gen + task_followup unless --no-followup)
Reopened T-0113.
Reopened T-0113.
  pushed to origin
[Worker001] T-0113 no dispatch rule — reopened.
  push failed (non-fatal): Command '['git', 'push', 'origin', 'main']' returned non-zero exit status 1.
[Worker001] T-0113 no dispatch rule — reopened.
=== 2026-04-10T04:27:54Z start Worker001 ===
[Worker001] checking for pending tasks…
[Worker001] claimed T-0113: Donaldson — 1_chronicles_1: add commentary JSON
[Worker001] models: backend=dispatch (local pipeline scripts only; no Claude CLI) ollama=gemma4:e2b (christ gen + task_followup unless --no-followup)
Reopened T-0113.
=== 2026-04-10T04:27:56Z start Worker001 ===
[Worker001] checking for pending tasks…
[Worker001] claimed T-0113: Donaldson — 1_chronicles_1: add commentary JSON
[Worker001] models: backend=dispatch (local pipeline scripts only; no Claude CLI) ollama=gemma4:e2b (christ gen + task_followup unless --no-followup)
  push failed (non-fatal): Command '['git', 'push', 'origin', 'main']' returned non-zero exit status 1.
[Worker001] T-0113 no dispatch rule — reopened.
=== 2026-04-10T04:27:59Z start Worker001 ===
[Worker001] checking for pending tasks…
Reopened T-0113.
  push failed (non-fatal): Command '['git', 'push', 'origin', 'main']' returned non-zero exit status 1.
[Worker001] T-0113 no dispatch rule — reopened.
[Worker001] claimed T-0113: Donaldson — 1_chronicles_1: add commentary JSON
[Worker001] models: backend=dispatch (local pipeline scripts only; no Claude CLI) ollama=gemma4:e2b (christ gen + task_followup unless --no-followup)
=== 2026-04-10T04:28:04Z start Worker001 ===
[Worker001] checking for pending tasks…
Reopened T-0113.
  [ledger] pushed to origin
[Worker001] claimed T-0113: Donaldson — 1_chronicles_1: add commentary JSON
[Worker001] models: backend=dispatch (local pipeline scripts only; no Claude CLI) ollama=gemma4:e2b (christ gen + task_followup unless --no-followup)
  pushed to origin
[Worker001] T-0113 no dispatch rule — reopened.
Reopened T-0113.
  [ledger] pushed to origin
  pushed to origin
[Worker001] T-0113 no dispatch rule — reopened.
=== 2026-04-10T04:28:25Z start Worker001 ===
[Worker001] checking for pending tasks…
[Worker001] claimed T-0113: Donaldson — 1_chronicles_1: add commentary JSON
[Worker001] models: backend=dispatch (local pipeline scripts only; no Claude CLI) ollama=gemma4:e2b (christ gen + task_followup unless --no-followup)
=== 2026-04-10T04:28:26Z start Worker001 ===
[Worker001] checking for pending tasks…
Reopened T-0113.
[Worker001] claimed T-0113: Donaldson — 1_chronicles_1: add commentary JSON
[Worker001] models: backend=dispatch (local pipeline scripts only; no Claude CLI) ollama=gemma4:e2b (christ gen + task_followup unless --no-followup)
  push failed (non-fatal): Command '['git', 'push', 'origin', 'main']' returned non-zero exit status 1.
[Worker001] T-0113 no dispatch rule — reopened.
Reopened T-0113.
=== 2026-04-10T04:28:30Z start Worker001 ===
[Worker001] checking for pending tasks…
  pushed to origin
[Worker001] T-0113 no dispatch rule — reopened.
[Worker001] claimed T-0113: Donaldson — 1_chronicles_1: add commentary JSON
[Worker001] models: backend=dispatch (local pipeline scripts only; no Claude CLI) ollama=gemma4:e2b (christ gen + task_followup unless --no-followup)
=== 2026-04-10T04:28:34Z start Worker001 ===
[Worker001] checking for pending tasks…
[Worker001] claimed T-0113: Donaldson — 1_chronicles_1: add commentary JSON
[Worker001] models: backend=dispatch (local pipeline scripts only; no Claude CLI) ollama=gemma4:e2b (christ gen + task_followup unless --no-followup)
Reopened T-0113.
Reopened T-0113.
  [ledger] pushed to origin
  push failed (non-fatal): Command '['git', 'push', 'origin', 'main']' returned non-zero exit status 1.
[Worker001] T-0113 no dispatch rule — reopened.
  pushed to origin
[Worker001] T-0113 no dispatch rule — reopened.
=== 2026-04-10T04:28:54Z start Worker001 ===
[Worker001] checking for pending tasks…
[Worker001] claimed T-0113: Donaldson — 1_chronicles_1: add commentary JSON
[Worker001] models: backend=dispatch (local pipeline scripts only; no Claude CLI) ollama=gemma4:e2b (christ gen + task_followup unless --no-followup)
Reopened T-0113.
=== 2026-04-10T04:28:56Z start Worker001 ===
[Worker001] checking for pending tasks…
[Worker001] claimed T-0113: Donaldson — 1_chronicles_1: add commentary JSON
[Worker001] models: backend=dispatch (local pipeline scripts only; no Claude CLI) ollama=gemma4:e2b (christ gen + task_followup unless --no-followup)
Reopened T-0113.
  push failed (non-fatal): Command '['git', 'push', 'origin', 'main']' returned non-zero exit status 1.
[Worker001] T-0113 no dispatch rule — reopened.
  push failed (non-fatal): Command '['git', 'push', 'origin', 'main']' returned non-zero exit status 1.
[Worker001] T-0113 no dispatch rule — reopened.
=== 2026-04-10T04:28:59Z start Worker001 ===
[Worker001] checking for pending tasks…
[Worker001] claimed T-0113: Donaldson — 1_chronicles_1: add commentary JSON
[Worker001] models: backend=dispatch (local pipeline scripts only; no Claude CLI) ollama=gemma4:e2b (christ gen + task_followup unless --no-followup)
Reopened T-0113.
  [ledger] pushed to origin
=== 2026-04-10T04:29:03Z start Worker001 ===
  pushed to origin
[Worker001] T-0113 no dispatch rule — reopened.
[Worker001] checking for pending tasks…
[Worker001] claimed T-0113: Donaldson — 1_chronicles_1: add commentary JSON
[Worker001] models: backend=dispatch (local pipeline scripts only; no Claude CLI) ollama=gemma4:e2b (christ gen + task_followup unless --no-followup)
Reopened T-0113.
  [ledger] pushed to origin
  pushed to origin
[Worker001] T-0113 no dispatch rule — reopened.
=== 2026-04-10T04:29:23Z start Worker001 ===
[Worker001] checking for pending tasks…
[Worker001] claimed T-0113: Donaldson — 1_chronicles_1: add commentary JSON
[Worker001] models: backend=dispatch (local pipeline scripts only; no Claude CLI) ollama=gemma4:e2b (christ gen + task_followup unless --no-followup)
Reopened T-0113.
=== 2026-04-10T04:29:25Z start Worker001 ===
[Worker001] checking for pending tasks…
[Worker001] claimed T-0113: Donaldson — 1_chronicles_1: add commentary JSON
[Worker001] models: backend=dispatch (local pipeline scripts only; no Claude CLI) ollama=gemma4:e2b (christ gen + task_followup unless --no-followup)
Reopened T-0113.
  pushed to origin
[Worker001] T-0113 no dispatch rule — reopened.
=== 2026-04-10T04:29:28Z start Worker001 ===
[Worker001] checking for pending tasks…
  push failed (non-fatal): Command '['git', 'push', 'origin', 'main']' returned non-zero exit status 1.
[Worker001] T-0113 no dispatch rule — reopened.
[Worker001] claimed T-0113: Donaldson — 1_chronicles_1: add commentary JSON
[Worker001] models: backend=dispatch (local pipeline scripts only; no Claude CLI) ollama=gemma4:e2b (christ gen + task_followup unless --no-followup)
Reopened T-0113.
  push failed (non-fatal): Command '['git', 'push', 'origin', 'main']' returned non-zero exit status 1.
[Worker001] T-0113 no dispatch rule — reopened.
=== 2026-04-10T04:29:33Z start Worker001 ===
[Worker001] checking for pending tasks…
[Worker001] claimed T-0113: Donaldson — 1_chronicles_1: add commentary JSON
[Worker001] models: backend=dispatch (local pipeline scripts only; no Claude CLI) ollama=gemma4:e2b (christ gen + task_followup unless --no-followup)
Reopened T-0113.
  [ledger] pushed to origin
  pushed to origin
[Worker001] T-0113 no dispatch rule — reopened.
=== 2026-04-10T04:29:53Z start Worker001 ===
[Worker001] checking for pending tasks…
[Worker001] claimed T-0113: Donaldson — 1_chronicles_1: add commentary JSON
[Worker001] models: backend=dispatch (local pipeline scripts only; no Claude CLI) ollama=gemma4:e2b (christ gen + task_followup unless --no-followup)
Reopened T-0113.
=== 2026-04-10T04:29:54Z start Worker001 ===
[Worker001] checking for pending tasks…
[Worker001] claimed T-0113: Donaldson — 1_chronicles_1: add commentary JSON
[Worker001] models: backend=dispatch (local pipeline scripts only; no Claude CLI) ollama=gemma4:e2b (christ gen + task_followup unless --no-followup)
Reopened T-0113.
=== 2026-04-10T04:29:55Z start Worker001 ===
[Worker001] checking for pending tasks…
[Worker001] claimed T-0113: Donaldson — 1_chronicles_1: add commentary JSON
[Worker001] models: backend=dispatch (local pipeline scripts only; no Claude CLI) ollama=gemma4:e2b (christ gen + task_followup unless --no-followup)
Reopened T-0113.
  push failed (non-fatal): Command '['git', 'push', 'origin', 'main']' returned non-zero exit status 1.
[Worker001] T-0113 no dispatch rule — reopened.
  push failed (non-fatal): Command '['git', 'push', 'origin', 'main']' returned non-zero exit status 1.
[Worker001] T-0113 no dispatch rule — reopened.
  push failed (non-fatal): Command '['git', 'push', 'origin', 'main']' returned non-zero exit status 1.
[Worker001] T-0113 no dispatch rule — reopened.
=== 2026-04-10T04:30:02Z start Worker001 ===
[Worker001] checking for pending tasks…
[Worker001] claimed T-0113: Donaldson — 1_chronicles_1: add commentary JSON
[Worker001] models: backend=dispatch (local pipeline scripts only; no Claude CLI) ollama=gemma4:e2b (christ gen + task_followup unless --no-followup)
Reopened T-0113.
  push failed (non-fatal): Command '['git', 'push', 'origin', 'main']' returned non-zero exit status 1.
[Worker001] T-0113 no dispatch rule — reopened.
=== 2026-04-10T04:30:23Z start Worker001 ===
[Worker001] checking for pending tasks…
=== 2026-04-10T04:30:24Z start Worker001 ===
[Worker001] checking for pending tasks…
[Worker001] claimed T-0113: Donaldson — 1_chronicles_1: add commentary JSON
[Worker001] models: backend=dispatch (local pipeline scripts only; no Claude CLI) ollama=gemma4:e2b (christ gen + task_followup unless --no-followup)
Reopened T-0113.
=== 2026-04-10T04:30:25Z start Worker001 ===
[Worker001] checking for pending tasks…
[Worker001] claimed T-0113: Donaldson — 1_chronicles_1: add commentary JSON
[Worker001] models: backend=dispatch (local pipeline scripts only; no Claude CLI) ollama=gemma4:e2b (christ gen + task_followup unless --no-followup)
Reopened T-0113.
[Worker001] claimed T-0113: Donaldson — 1_chronicles_1: add commentary JSON
[Worker001] models: backend=dispatch (local pipeline scripts only; no Claude CLI) ollama=gemma4:e2b (christ gen + task_followup unless --no-followup)
  push failed (non-fatal): Command '['git', 'push', 'origin', 'main']' returned non-zero exit status 1.
[Worker001] T-0113 no dispatch rule — reopened.
  push failed (non-fatal): Command '['git', 'push', 'origin', 'main']' returned non-zero exit status 1.
[Worker001] T-0113 no dispatch rule — reopened.
Reopened T-0113.
=== 2026-04-10T04:30:31Z start Worker001 ===
[Worker001] checking for pending tasks…
[Worker001] claimed T-0113: Donaldson — 1_chronicles_1: add commentary JSON
[Worker001] models: backend=dispatch (local pipeline scripts only; no Claude CLI) ollama=gemma4:e2b (christ gen + task_followup unless --no-followup)
Reopened T-0113.
  push failed (non-fatal): Command '['git', 'push', 'origin', 'main']' returned non-zero exit status 1.
[Worker001] T-0113 no dispatch rule — reopened.
  pushed to origin
[Worker001] T-0113 no dispatch rule — reopened.
=== 2026-04-10T04:30:54Z start Worker001 ===
=== 2026-04-10T04:30:54Z start Worker001 ===
[Worker001] checking for pending tasks…
[Worker001] checking for pending tasks…
[Worker001] claimed T-0113: Donaldson — 1_chronicles_1: add commentary JSON
[Worker001] models: backend=dispatch (local pipeline scripts only; no Claude CLI) ollama=gemma4:e2b (christ gen + task_followup unless --no-followup)
Reopened T-0113.
=== 2026-04-10T04:30:56Z start Worker001 ===
[Worker001] checking for pending tasks…
  push failed (non-fatal): Command '['git', 'push', 'origin', 'main']' returned non-zero exit status 1.
[Worker001] T-0113 no dispatch rule — reopened.
[Worker001] claimed T-0113: Donaldson — 1_chronicles_1: add commentary JSON
[Worker001] models: backend=dispatch (local pipeline scripts only; no Claude CLI) ollama=gemma4:e2b (christ gen + task_followup unless --no-followup)
[Worker001] claimed T-0113: Donaldson — 1_chronicles_1: add commentary JSON
[Worker001] models: backend=dispatch (local pipeline scripts only; no Claude CLI) ollama=gemma4:e2b (christ gen + task_followup unless --no-followup)
=== 2026-04-10T04:31:00Z start Worker001 ===
[Worker001] checking for pending tasks…
[Worker001] claimed T-0113: Donaldson — 1_chronicles_1: add commentary JSON
[Worker001] models: backend=dispatch (local pipeline scripts only; no Claude CLI) ollama=gemma4:e2b (christ gen + task_followup unless --no-followup)
Reopened T-0113.
Reopened T-0113.
  [ledger] pushed to origin
  pushed to origin
[Worker001] T-0113 no dispatch rule — reopened.
Reopened T-0113.
  push failed (non-fatal): Command '['git', 'push', 'origin', 'main']' returned non-zero exit status 1.
[Worker001] T-0113 no dispatch rule — reopened.
  push failed (non-fatal): Command '['git', 'push', 'origin', 'main']' returned non-zero exit status 1.
[Worker001] T-0113 no dispatch rule — reopened.
=== 2026-04-10T04:31:19Z start Worker001 ===
[Worker001] checking for pending tasks…
[Worker001] claimed T-0113: Donaldson — 1_chronicles_1: add commentary JSON
[Worker001] models: backend=dispatch (local pipeline scripts only; no Claude CLI) ollama=gemma4:e2b (christ gen + task_followup unless --no-followup)
Reopened T-0113.
  pushed to origin
[Worker001] T-0113 no dispatch rule — reopened.
=== 2026-04-10T04:31:24Z start Worker001 ===
[Worker001] checking for pending tasks…
[Worker001] claimed T-0113: Donaldson — 1_chronicles_1: add commentary JSON
[Worker001] models: backend=dispatch (local pipeline scripts only; no Claude CLI) ollama=gemma4:e2b (christ gen + task_followup unless --no-followup)
Reopened T-0113.
=== 2026-04-10T04:31:26Z start Worker001 ===
[Worker001] checking for pending tasks…
[Worker001] claimed T-0113: Donaldson — 1_chronicles_1: add commentary JSON
[Worker001] models: backend=dispatch (local pipeline scripts only; no Claude CLI) ollama=gemma4:e2b (christ gen + task_followup unless --no-followup)
Reopened T-0113.
=== 2026-04-10T04:31:27Z start Worker001 ===
[Worker001] checking for pending tasks…
  push failed (non-fatal): Command '['git', 'push', 'origin', 'main']' returned non-zero exit status 1.
[Worker001] T-0113 no dispatch rule — reopened.
[Worker001] claimed T-0113: Donaldson — 1_chronicles_1: add commentary JSON
[Worker001] models: backend=dispatch (local pipeline scripts only; no Claude CLI) ollama=gemma4:e2b (christ gen + task_followup unless --no-followup)
  push failed (non-fatal): Command '['git', 'push', 'origin', 'main']' returned non-zero exit status 1.
[Worker001] T-0113 no dispatch rule — reopened.
Reopened T-0113.
  pushed to origin
[Worker001] T-0113 no dispatch rule — reopened.
=== 2026-04-10T04:31:49Z start Worker001 ===
[Worker001] checking for pending tasks…
[Worker001] claimed T-0113: Donaldson — 1_chronicles_1: add commentary JSON
[Worker001] models: backend=dispatch (local pipeline scripts only; no Claude CLI) ollama=gemma4:e2b (christ gen + task_followup unless --no-followup)
Reopened T-0113.
=== 2026-04-10T04:31:52Z start Worker001 ===
[Worker001] checking for pending tasks…
[Worker001] claimed T-0113: Donaldson — 1_chronicles_1: add commentary JSON
[Worker001] models: backend=dispatch (local pipeline scripts only; no Claude CLI) ollama=gemma4:e2b (christ gen + task_followup unless --no-followup)
  push failed (non-fatal): Command '['git', 'push', 'origin', 'main']' returned non-zero exit status 1.
[Worker001] T-0113 no dispatch rule — reopened.
Reopened T-0113.
=== 2026-04-10T04:31:55Z start Worker001 ===
[Worker001] checking for pending tasks…
  pushed to origin
[Worker001] T-0113 no dispatch rule — reopened.
=== 2026-04-10T04:31:57Z start Worker001 ===
[Worker001] checking for pending tasks…
[Worker001] claimed T-0113: Donaldson — 1_chronicles_1: add commentary JSON
[Worker001] models: backend=dispatch (local pipeline scripts only; no Claude CLI) ollama=gemma4:e2b (christ gen + task_followup unless --no-followup)
[Worker001] claimed T-0113: Donaldson — 1_chronicles_1: add commentary JSON
[Worker001] models: backend=dispatch (local pipeline scripts only; no Claude CLI) ollama=gemma4:e2b (christ gen + task_followup unless --no-followup)
Reopened T-0113.
Reopened T-0113.
  [ledger] pushed to origin
  push failed (non-fatal): Command '['git', 'push', 'origin', 'main']' returned non-zero exit status 1.
[Worker001] T-0113 no dispatch rule — reopened.
  pushed to origin
[Worker001] T-0113 no dispatch rule — reopened.
=== 2026-04-10T04:32:16Z start Worker001 ===
[Worker001] checking for pending tasks…
[Worker001] claimed T-0113: Donaldson — 1_chronicles_1: add commentary JSON
[Worker001] models: backend=dispatch (local pipeline scripts only; no Claude CLI) ollama=gemma4:e2b (christ gen + task_followup unless --no-followup)
Reopened T-0113.
  push failed (non-fatal): Command '['git', 'push', 'origin', 'main']' returned non-zero exit status 1.
[Worker001] T-0113 no dispatch rule — reopened.
=== 2026-04-10T04:32:21Z start Worker001 ===
[Worker001] checking for pending tasks…
[Worker001] claimed T-0113: Donaldson — 1_chronicles_1: add commentary JSON
[Worker001] models: backend=dispatch (local pipeline scripts only; no Claude CLI) ollama=gemma4:e2b (christ gen + task_followup unless --no-followup)
=== 2026-04-10T04:32:25Z start Worker001 ===
[Worker001] checking for pending tasks…
[Worker001] claimed T-0113: Donaldson — 1_chronicles_1: add commentary JSON
[Worker001] models: backend=dispatch (local pipeline scripts only; no Claude CLI) ollama=gemma4:e2b (christ gen + task_followup unless --no-followup)
=== 2026-04-10T04:32:26Z start Worker001 ===
[Worker001] checking for pending tasks…
[Worker001] claimed T-0113: Donaldson — 1_chronicles_1: add commentary JSON
[Worker001] models: backend=dispatch (local pipeline scripts only; no Claude CLI) ollama=gemma4:e2b (christ gen + task_followup unless --no-followup)
Reopened T-0113.
Reopened T-0113.
  [ledger] pushed to origin
Reopened T-0113.
  push failed (non-fatal): Command '['git', 'push', 'origin', 'main']' returned non-zero exit status 1.
[Worker001] T-0113 no dispatch rule — reopened.
  pushed to origin
[Worker001] T-0113 no dispatch rule — reopened.
  pushed to origin
[Worker001] T-0113 no dispatch rule — reopened.
=== 2026-04-10T04:32:46Z start Worker001 ===
[Worker001] checking for pending tasks…
[Worker001] claimed T-0113: Donaldson — 1_chronicles_1: add commentary JSON
[Worker001] models: backend=dispatch (local pipeline scripts only; no Claude CLI) ollama=gemma4:e2b (christ gen + task_followup unless --no-followup)
Reopened T-0113.
  push failed (non-fatal): Command '['git', 'push', 'origin', 'main']' returned non-zero exit status 1.
[Worker001] T-0113 no dispatch rule — reopened.
=== 2026-04-10T04:32:50Z start Worker001 ===
[Worker001] checking for pending tasks…
[Worker001] claimed T-0113: Donaldson — 1_chronicles_1: add commentary JSON
[Worker001] models: backend=dispatch (local pipeline scripts only; no Claude CLI) ollama=gemma4:e2b (christ gen + task_followup unless --no-followup)
=== 2026-04-10T04:32:54Z start Worker001 ===
[Worker001] checking for pending tasks…
[Worker001] claimed T-0113: Donaldson — 1_chronicles_1: add commentary JSON
[Worker001] models: backend=dispatch (local pipeline scripts only; no Claude CLI) ollama=gemma4:e2b (christ gen + task_followup unless --no-followup)
Reopened T-0113.
=== 2026-04-10T04:32:55Z start Worker001 ===
[Worker001] checking for pending tasks…
[Worker001] claimed T-0113: Donaldson — 1_chronicles_1: add commentary JSON
[Worker001] models: backend=dispatch (local pipeline scripts only; no Claude CLI) ollama=gemma4:e2b (christ gen + task_followup unless --no-followup)
Reopened T-0113.
Reopened T-0113.
  [ledger] pushed to origin
  push failed (non-fatal): Command '['git', 'push', 'origin', 'main']' returned non-zero exit status 1.
[Worker001] T-0113 no dispatch rule — reopened.
  pushed to origin
[Worker001] T-0113 no dispatch rule — reopened.
  push failed (non-fatal): Command '['git', 'push', 'origin', 'main']' returned non-zero exit status 1.
[Worker001] T-0113 no dispatch rule — reopened.
=== 2026-04-10T04:33:14Z start Worker001 ===
[Worker001] checking for pending tasks…
[Worker001] claimed T-0113: Donaldson — 1_chronicles_1: add commentary JSON
[Worker001] models: backend=dispatch (local pipeline scripts only; no Claude CLI) ollama=gemma4:e2b (christ gen + task_followup unless --no-followup)
=== 2026-04-10T04:33:20Z start Worker001 ===
[Worker001] checking for pending tasks…
[Worker001] claimed T-0113: Donaldson — 1_chronicles_1: add commentary JSON
[Worker001] models: backend=dispatch (local pipeline scripts only; no Claude CLI) ollama=gemma4:e2b (christ gen + task_followup unless --no-followup)
Reopened T-0113.
  [ledger] pushed to origin
  push failed (non-fatal): Command '['git', 'push', 'origin', 'main']' returned non-zero exit status 1.
[Worker001] T-0113 no dispatch rule — reopened.
Reopened T-0113.
=== 2026-04-10T04:33:23Z start Worker001 ===
[Worker001] checking for pending tasks…
[Worker001] claimed T-0113: Donaldson — 1_chronicles_1: add commentary JSON
[Worker001] models: backend=dispatch (local pipeline scripts only; no Claude CLI) ollama=gemma4:e2b (christ gen + task_followup unless --no-followup)
=== 2026-04-10T04:33:24Z start Worker001 ===
[Worker001] checking for pending tasks…
  pushed to origin
[Worker001] T-0113 no dispatch rule — reopened.
Reopened T-0113.
[Worker001] claimed T-0113: Donaldson — 1_chronicles_1: add commentary JSON
[Worker001] models: backend=dispatch (local pipeline scripts only; no Claude CLI) ollama=gemma4:e2b (christ gen + task_followup unless --no-followup)
Reopened T-0113.
  push failed (non-fatal): Command '['git', 'push', 'origin', 'main']' returned non-zero exit status 1.
[Worker001] T-0113 no dispatch rule — reopened.
  push failed (non-fatal): Command '['git', 'push', 'origin', 'main']' returned non-zero exit status 1.
[Worker001] T-0113 no dispatch rule — reopened.
=== 2026-04-10T04:33:44Z start Worker001 ===
[Worker001] checking for pending tasks…
[Worker001] claimed T-0113: Donaldson — 1_chronicles_1: add commentary JSON
[Worker001] models: backend=dispatch (local pipeline scripts only; no Claude CLI) ollama=gemma4:e2b (christ gen + task_followup unless --no-followup)
Reopened T-0113.
  push failed (non-fatal): Command '['git', 'push', 'origin', 'main']' returned non-zero exit status 1.
[Worker001] T-0113 no dispatch rule — reopened.
=== 2026-04-10T04:33:49Z start Worker001 ===
[Worker001] checking for pending tasks…
=== 2026-04-10T04:33:50Z start Worker001 ===
[Worker001] checking for pending tasks…
[Worker001] claimed T-0113: Donaldson — 1_chronicles_1: add commentary JSON
[Worker001] models: backend=dispatch (local pipeline scripts only; no Claude CLI) ollama=gemma4:e2b (christ gen + task_followup unless --no-followup)
=== 2026-04-10T04:33:51Z start Worker001 ===
[Worker001] checking for pending tasks…
[Worker001] claimed T-0113: Donaldson — 1_chronicles_1: add commentary JSON
[Worker001] models: backend=dispatch (local pipeline scripts only; no Claude CLI) ollama=gemma4:e2b (christ gen + task_followup unless --no-followup)
[Worker001] claimed T-0113: Donaldson — 1_chronicles_1: add commentary JSON
[Worker001] models: backend=dispatch (local pipeline scripts only; no Claude CLI) ollama=gemma4:e2b (christ gen + task_followup unless --no-followup)
Reopened T-0113.
Reopened T-0113.
  push failed (non-fatal): Command '['git', 'push', 'origin', 'main']' returned non-zero exit status 1.
[Worker001] T-0113 no dispatch rule — reopened.
Reopened T-0113.
  push failed (non-fatal): Command '['git', 'push', 'origin', 'main']' returned non-zero exit status 1.
[Worker001] T-0113 no dispatch rule — reopened.
  push failed (non-fatal): Command '['git', 'push', 'origin', 'main']' returned non-zero exit status 1.
[Worker001] T-0113 no dispatch rule — reopened.
=== 2026-04-10T04:34:14Z start Worker001 ===
[Worker001] checking for pending tasks…
[Worker001] claimed T-0113: Donaldson — 1_chronicles_1: add commentary JSON
[Worker001] models: backend=dispatch (local pipeline scripts only; no Claude CLI) ollama=gemma4:e2b (christ gen + task_followup unless --no-followup)
=== 2026-04-10T04:34:19Z start Worker001 ===
[Worker001] checking for pending tasks…
Reopened T-0113.
  [ledger] pushed to origin
=== 2026-04-10T04:34:19Z start Worker001 ===
[Worker001] checking for pending tasks…
[Worker001] claimed T-0113: Donaldson — 1_chronicles_1: add commentary JSON
[Worker001] models: backend=dispatch (local pipeline scripts only; no Claude CLI) ollama=gemma4:e2b (christ gen + task_followup unless --no-followup)
Reopened T-0113.
=== 2026-04-10T04:34:21Z start Worker001 ===
[Worker001] checking for pending tasks…
  pushed to origin
[Worker001] T-0113 no dispatch rule — reopened.
[Worker001] claimed T-0113: Donaldson — 1_chronicles_1: add commentary JSON
[Worker001] models: backend=dispatch (local pipeline scripts only; no Claude CLI) ollama=gemma4:e2b (christ gen + task_followup unless --no-followup)
Reopened T-0113.
[Worker001] claimed T-0113: Donaldson — 1_chronicles_1: add commentary JSON
[Worker001] models: backend=dispatch (local pipeline scripts only; no Claude CLI) ollama=gemma4:e2b (christ gen + task_followup unless --no-followup)
  push failed (non-fatal): Command '['git', 'push', 'origin', 'main']' returned non-zero exit status 1.
[Worker001] T-0113 no dispatch rule — reopened.
  push failed (non-fatal): Command '['git', 'push', 'origin', 'main']' returned non-zero exit status 1.
[Worker001] T-0113 no dispatch rule — reopened.
Reopened T-0113.
  push failed (non-fatal): Command '['git', 'push', 'origin', 'main']' returned non-zero exit status 1.
[Worker001] T-0113 no dispatch rule — reopened.
=== 2026-04-10T04:34:42Z start Worker001 ===
[Worker001] checking for pending tasks…
[Worker001] claimed T-0113: Donaldson — 1_chronicles_1: add commentary JSON
[Worker001] models: backend=dispatch (local pipeline scripts only; no Claude CLI) ollama=gemma4:e2b (christ gen + task_followup unless --no-followup)
Reopened T-0113.
  pushed to origin
[Worker001] T-0113 no dispatch rule — reopened.
=== 2026-04-10T04:34:48Z start Worker001 ===
[Worker001] checking for pending tasks…
[Worker001] claimed T-0113: Donaldson — 1_chronicles_1: add commentary JSON
[Worker001] models: backend=dispatch (local pipeline scripts only; no Claude CLI) ollama=gemma4:e2b (christ gen + task_followup unless --no-followup)
=== 2026-04-10T04:34:49Z start Worker001 ===
[Worker001] checking for pending tasks…
Reopened T-0113.
=== 2026-04-10T04:34:50Z start Worker001 ===
[Worker001] checking for pending tasks…
[Worker001] claimed T-0113: Donaldson — 1_chronicles_1: add commentary JSON
[Worker001] models: backend=dispatch (local pipeline scripts only; no Claude CLI) ollama=gemma4:e2b (christ gen + task_followup unless --no-followup)
  push failed (non-fatal): Command '['git', 'push', 'origin', 'main']' returned non-zero exit status 1.
[Worker001] T-0113 no dispatch rule — reopened.
[Worker001] claimed T-0113: Donaldson — 1_chronicles_1: add commentary JSON
[Worker001] models: backend=dispatch (local pipeline scripts only; no Claude CLI) ollama=gemma4:e2b (christ gen + task_followup unless --no-followup)
Reopened T-0113.
  [ledger] pushed to origin
  push failed (non-fatal): Command '['git', 'push', 'origin', 'main']' returned non-zero exit status 1.
[Worker001] T-0113 no dispatch rule — reopened.
Reopened T-0113.
  pushed to origin
[Worker001] T-0113 no dispatch rule — reopened.
=== 2026-04-10T04:35:11Z start Worker001 ===
[Worker001] checking for pending tasks…
[Worker001] claimed T-0113: Donaldson — 1_chronicles_1: add commentary JSON
[Worker001] models: backend=dispatch (local pipeline scripts only; no Claude CLI) ollama=gemma4:e2b (christ gen + task_followup unless --no-followup)
Reopened T-0113.
  push failed (non-fatal): Command '['git', 'push', 'origin', 'main']' returned non-zero exit status 1.
[Worker001] T-0113 no dispatch rule — reopened.
=== 2026-04-10T04:35:17Z start Worker001 ===
[Worker001] checking for pending tasks…
[Worker001] claimed T-0113: Donaldson — 1_chronicles_1: add commentary JSON
[Worker001] models: backend=dispatch (local pipeline scripts only; no Claude CLI) ollama=gemma4:e2b (christ gen + task_followup unless --no-followup)
=== 2026-04-10T04:35:18Z start Worker001 ===
[Worker001] checking for pending tasks…
Reopened T-0113.
[Worker001] claimed T-0113: Donaldson — 1_chronicles_1: add commentary JSON
[Worker001] models: backend=dispatch (local pipeline scripts only; no Claude CLI) ollama=gemma4:e2b (christ gen + task_followup unless --no-followup)
Reopened T-0113.
=== 2026-04-10T04:35:19Z start Worker001 ===
[Worker001] checking for pending tasks…
[Worker001] claimed T-0113: Donaldson — 1_chronicles_1: add commentary JSON
[Worker001] models: backend=dispatch (local pipeline scripts only; no Claude CLI) ollama=gemma4:e2b (christ gen + task_followup unless --no-followup)
  push failed (non-fatal): Command '['git', 'push', 'origin', 'main']' returned non-zero exit status 1.
[Worker001] T-0113 no dispatch rule — reopened.
  push failed (non-fatal): Command '['git', 'push', 'origin', 'main']' returned non-zero exit status 1.
[Worker001] T-0113 no dispatch rule — reopened.
Reopened T-0113.
  [ledger] pushed to origin
  pushed to origin
[Worker001] T-0113 no dispatch rule — reopened.
=== 2026-04-10T04:35:40Z start Worker001 ===
[Worker001] checking for pending tasks…
[Worker001] claimed T-0113: Donaldson — 1_chronicles_1: add commentary JSON
[Worker001] models: backend=dispatch (local pipeline scripts only; no Claude CLI) ollama=gemma4:e2b (christ gen + task_followup unless --no-followup)
=== 2026-04-10T04:35:45Z start Worker001 ===
[Worker001] checking for pending tasks…
=== 2026-04-10T04:35:46Z start Worker001 ===
Reopened T-0113.
  [ledger] pushed to origin
[Worker001] checking for pending tasks…
=== 2026-04-10T04:35:47Z start Worker001 ===
[Worker001] checking for pending tasks…
[Worker001] claimed T-0113: Donaldson — 1_chronicles_1: add commentary JSON
[Worker001] models: backend=dispatch (local pipeline scripts only; no Claude CLI) ollama=gemma4:e2b (christ gen + task_followup unless --no-followup)
Reopened T-0113.
[Worker001] claimed T-0113: Donaldson — 1_chronicles_1: add commentary JSON
[Worker001] models: backend=dispatch (local pipeline scripts only; no Claude CLI) ollama=gemma4:e2b (christ gen + task_followup unless --no-followup)
  push failed (non-fatal): Command '['git', 'push', 'origin', 'main']' returned non-zero exit status 1.
[Worker001] T-0113 no dispatch rule — reopened.
[Worker001] claimed T-0113: Donaldson — 1_chronicles_1: add commentary JSON
[Worker001] models: backend=dispatch (local pipeline scripts only; no Claude CLI) ollama=gemma4:e2b (christ gen + task_followup unless --no-followup)
  push failed (non-fatal): Command '['git', 'push', 'origin', 'main']' returned non-zero exit status 1.
[Worker001] T-0113 no dispatch rule — reopened.
Reopened T-0113.
Reopened T-0113.
  push failed (non-fatal): Command '['git', 'push', 'origin', 'main']' returned non-zero exit status 1.
[Worker001] T-0113 no dispatch rule — reopened.
  pushed to origin
[Worker001] T-0113 no dispatch rule — reopened.
=== 2026-04-10T04:36:12Z start Worker001 ===
[Worker001] checking for pending tasks…
[Worker001] claimed T-0113: Donaldson — 1_chronicles_1: add commentary JSON
[Worker001] models: backend=dispatch (local pipeline scripts only; no Claude CLI) ollama=gemma4:e2b (christ gen + task_followup unless --no-followup)
=== 2026-04-10T04:36:16Z start Worker001 ===
[Worker001] checking for pending tasks…
[Worker001] claimed T-0113: Donaldson — 1_chronicles_1: add commentary JSON
[Worker001] models: backend=dispatch (local pipeline scripts only; no Claude CLI) ollama=gemma4:e2b (christ gen + task_followup unless --no-followup)
Reopened T-0113.
=== 2026-04-10T04:36:17Z start Worker001 ===
[Worker001] checking for pending tasks…
[Worker001] claimed T-0113: Donaldson — 1_chronicles_1: add commentary JSON
[Worker001] models: backend=dispatch (local pipeline scripts only; no Claude CLI) ollama=gemma4:e2b (christ gen + task_followup unless --no-followup)
=== 2026-04-10T04:36:18Z start Worker001 ===
[Worker001] checking for pending tasks…
Reopened T-0113.
  [ledger] pushed to origin
Reopened T-0113.
[Worker001] claimed T-0117: Donaldson — 1_chronicles_10: add commentary JSON
[Worker001] models: backend=dispatch (local pipeline scripts only; no Claude CLI) ollama=gemma4:e2b (christ gen + task_followup unless --no-followup)
  push failed (non-fatal): Command '['git', 'push', 'origin', 'main']' returned non-zero exit status 1.
[Worker001] T-0113 no dispatch rule — reopened.
  pushed to origin
[Worker001] T-0113 no dispatch rule — reopened.
  push failed (non-fatal): Command '['git', 'push', 'origin', 'main']' returned non-zero exit status 1.
[Worker001] T-0113 no dispatch rule — reopened.
Reopened T-0117.
  push failed (non-fatal): Command '['git', 'push', 'origin', 'main']' returned non-zero exit status 1.
[Worker001] T-0117 no dispatch rule — reopened.
=== 2026-04-10T04:36:42Z start Worker001 ===
[Worker001] checking for pending tasks…
[Worker001] claimed T-0113: Donaldson — 1_chronicles_1: add commentary JSON
[Worker001] models: backend=dispatch (local pipeline scripts only; no Claude CLI) ollama=gemma4:e2b (christ gen + task_followup unless --no-followup)
Reopened T-0113.
=== 2026-04-10T04:36:46Z start Worker001 ===
=== 2026-04-10T04:36:47Z start Worker001 ===
[Worker001] checking for pending tasks…
[Worker001] checking for pending tasks…
[Worker001] claimed T-0113: Donaldson — 1_chronicles_1: add commentary JSON
[Worker001] models: backend=dispatch (local pipeline scripts only; no Claude CLI) ollama=gemma4:e2b (christ gen + task_followup unless --no-followup)
Reopened T-0113.
=== 2026-04-10T04:36:48Z start Worker001 ===
[Worker001] checking for pending tasks…
  pushed to origin
[Worker001] T-0113 no dispatch rule — reopened.
[Worker001] claimed T-0113: Donaldson — 1_chronicles_1: add commentary JSON
[Worker001] models: backend=dispatch (local pipeline scripts only; no Claude CLI) ollama=gemma4:e2b (christ gen + task_followup unless --no-followup)
  pushed to origin
[Worker001] T-0113 no dispatch rule — reopened.
[Worker001] claimed T-0113: Donaldson — 1_chronicles_1: add commentary JSON
[Worker001] models: backend=dispatch (local pipeline scripts only; no Claude CLI) ollama=gemma4:e2b (christ gen + task_followup unless --no-followup)
Reopened T-0113.
Reopened T-0113.
  [ledger] pushed to origin
  pushed to origin
[Worker001] T-0113 no dispatch rule — reopened.
  pushed to origin
[Worker001] T-0113 no dispatch rule — reopened.
=== 2026-04-10T04:37:13Z start Worker001 ===
[Worker001] checking for pending tasks…
=== 2026-04-10T04:37:13Z start Worker001 ===
[Worker001] checking for pending tasks…
[Worker001] claimed T-0113: Donaldson — 1_chronicles_1: add commentary JSON
[Worker001] models: backend=dispatch (local pipeline scripts only; no Claude CLI) ollama=gemma4:e2b (christ gen + task_followup unless --no-followup)
[Worker001] claimed T-0117: Donaldson — 1_chronicles_10: add commentary JSON
[Worker001] models: backend=dispatch (local pipeline scripts only; no Claude CLI) ollama=gemma4:e2b (christ gen + task_followup unless --no-followup)
Reopened T-0113.
Reopened T-0117.
=== 2026-04-10T04:37:16Z start Worker001 ===
[Worker001] checking for pending tasks…
  push failed (non-fatal): Command '['git', 'push', 'origin', 'main']' returned non-zero exit status 1.
[Worker001] T-0117 no dispatch rule — reopened.
  push failed (non-fatal): Command '['git', 'push', 'origin', 'main']' returned non-zero exit status 1.
[Worker001] T-0113 no dispatch rule — reopened.
[Worker001] claimed T-0113: Donaldson — 1_chronicles_1: add commentary JSON
[Worker001] models: backend=dispatch (local pipeline scripts only; no Claude CLI) ollama=gemma4:e2b (christ gen + task_followup unless --no-followup)
=== 2026-04-10T04:37:17Z start Worker001 ===
[Worker001] checking for pending tasks…
Reopened T-0113.
[Worker001] claimed T-0113: Donaldson — 1_chronicles_1: add commentary JSON
[Worker001] models: backend=dispatch (local pipeline scripts only; no Claude CLI) ollama=gemma4:e2b (christ gen + task_followup unless --no-followup)
Reopened T-0113.
  push failed (non-fatal): Command '['git', 'push', 'origin', 'main']' returned non-zero exit status 1.
[Worker001] T-0113 no dispatch rule — reopened.
  push failed (non-fatal): Command '['git', 'push', 'origin', 'main']' returned non-zero exit status 1.
[Worker001] T-0113 no dispatch rule — reopened.
=== 2026-04-10T04:37:42Z start Worker001 ===
[Worker001] checking for pending tasks…
=== 2026-04-10T04:37:43Z start Worker001 ===
[Worker001] checking for pending tasks…
[Worker001] claimed T-0113: Donaldson — 1_chronicles_1: add commentary JSON
[Worker001] models: backend=dispatch (local pipeline scripts only; no Claude CLI) ollama=gemma4:e2b (christ gen + task_followup unless --no-followup)
Reopened T-0113.
[Worker001] claimed T-0113: Donaldson — 1_chronicles_1: add commentary JSON
[Worker001] models: backend=dispatch (local pipeline scripts only; no Claude CLI) ollama=gemma4:e2b (christ gen + task_followup unless --no-followup)
=== 2026-04-10T04:37:46Z start Worker001 ===
[Worker001] checking for pending tasks…
  push failed (non-fatal): Command '['git', 'push', 'origin', 'main']' returned non-zero exit status 1.
[Worker001] T-0113 no dispatch rule — reopened.
=== 2026-04-10T04:37:47Z start Worker001 ===
[Worker001] checking for pending tasks…
[Worker001] claimed T-0113: Donaldson — 1_chronicles_1: add commentary JSON
[Worker001] models: backend=dispatch (local pipeline scripts only; no Claude CLI) ollama=gemma4:e2b (christ gen + task_followup unless --no-followup)
Reopened T-0113.
Reopened T-0113.
  [ledger] pushed to origin
  pushed to origin
[Worker001] T-0113 no dispatch rule — reopened.
[Worker001] claimed T-0113: Donaldson — 1_chronicles_1: add commentary JSON
[Worker001] models: backend=dispatch (local pipeline scripts only; no Claude CLI) ollama=gemma4:e2b (christ gen + task_followup unless --no-followup)
  push failed (non-fatal): Command '['git', 'push', 'origin', 'main']' returned non-zero exit status 1.
[Worker001] T-0113 no dispatch rule — reopened.
Reopened T-0113.
  [ledger] pushed to origin
  pushed to origin
[Worker001] T-0113 no dispatch rule — reopened.
=== 2026-04-10T04:38:12Z start Worker001 ===
[Worker001] checking for pending tasks…
[Worker001] claimed T-0113: Donaldson — 1_chronicles_1: add commentary JSON
[Worker001] models: backend=dispatch (local pipeline scripts only; no Claude CLI) ollama=gemma4:e2b (christ gen + task_followup unless --no-followup)
=== 2026-04-10T04:38:13Z start Worker001 ===
[Worker001] checking for pending tasks…
[Worker001] claimed T-0113: Donaldson — 1_chronicles_1: add commentary JSON
[Worker001] models: backend=dispatch (local pipeline scripts only; no Claude CLI) ollama=gemma4:e2b (christ gen + task_followup unless --no-followup)
Reopened T-0113.
=== 2026-04-10T04:38:14Z start Worker001 ===
[Worker001] checking for pending tasks…
[Worker001] claimed T-0113: Donaldson — 1_chronicles_1: add commentary JSON
[Worker001] models: backend=dispatch (local pipeline scripts only; no Claude CLI) ollama=gemma4:e2b (christ gen + task_followup unless --no-followup)
=== 2026-04-10T04:38:15Z start Worker001 ===
[Worker001] checking for pending tasks…
Reopened T-0113.
[Worker001] claimed T-0113: Donaldson — 1_chronicles_1: add commentary JSON
[Worker001] models: backend=dispatch (local pipeline scripts only; no Claude CLI) ollama=gemma4:e2b (christ gen + task_followup unless --no-followup)
Reopened T-0113.
Reopened T-0113.
  push failed (non-fatal): Command '['git', 'push', 'origin', 'main']' returned non-zero exit status 1.
[Worker001] T-0113 no dispatch rule — reopened.
  push failed (non-fatal): Command '['git', 'push', 'origin', 'main']' returned non-zero exit status 1.
[Worker001] T-0113 no dispatch rule — reopened.
  push failed (non-fatal): Command '['git', 'push', 'origin', 'main']' returned non-zero exit status 1.
[Worker001] T-0113 no dispatch rule — reopened.
  push failed (non-fatal): Command '['git', 'push', 'origin', 'main']' returned non-zero exit status 1.
[Worker001] T-0113 no dispatch rule — reopened.
=== 2026-04-10T04:38:43Z start Worker001 ===
[Worker001] checking for pending tasks…
=== 2026-04-10T04:38:43Z start Worker001 ===
=== 2026-04-10T04:38:43Z start Worker001 ===
[Worker001] checking for pending tasks…
[Worker001] checking for pending tasks…
[Worker001] claimed T-0113: Donaldson — 1_chronicles_1: add commentary JSON
[Worker001] models: backend=dispatch (local pipeline scripts only; no Claude CLI) ollama=gemma4:e2b (christ gen + task_followup unless --no-followup)
[Worker001] claimed T-0113: Donaldson — 1_chronicles_1: add commentary JSON
[Worker001] models: backend=dispatch (local pipeline scripts only; no Claude CLI) ollama=gemma4:e2b (christ gen + task_followup unless --no-followup)
Reopened T-0113.
Reopened T-0113.
=== 2026-04-10T04:38:45Z start Worker001 ===
[Worker001] checking for pending tasks…
[Worker001] claimed T-0113: Donaldson — 1_chronicles_1: add commentary JSON
[Worker001] models: backend=dispatch (local pipeline scripts only; no Claude CLI) ollama=gemma4:e2b (christ gen + task_followup unless --no-followup)
  push failed (non-fatal): Command '['git', 'push', 'origin', 'main']' returned non-zero exit status 1.
[Worker001] T-0113 no dispatch rule — reopened.
  push failed (non-fatal): Command '['git', 'push', 'origin', 'main']' returned non-zero exit status 1.
[Worker001] T-0113 no dispatch rule — reopened.
[Worker001] claimed T-0113: Donaldson — 1_chronicles_1: add commentary JSON
[Worker001] models: backend=dispatch (local pipeline scripts only; no Claude CLI) ollama=gemma4:e2b (christ gen + task_followup unless --no-followup)
Reopened T-0113.
Reopened T-0113.
  [ledger] pushed to origin
  push failed (non-fatal): Command '['git', 'push', 'origin', 'main']' returned non-zero exit status 1.
[Worker001] T-0113 no dispatch rule — reopened.
  pushed to origin
[Worker001] T-0113 no dispatch rule — reopened.
=== 2026-04-10T04:39:10Z start Worker001 ===
[Worker001] checking for pending tasks…
=== 2026-04-10T04:39:12Z start Worker001 ===
[Worker001] checking for pending tasks…
[Worker001] claimed T-0113: Donaldson — 1_chronicles_1: add commentary JSON
[Worker001] models: backend=dispatch (local pipeline scripts only; no Claude CLI) ollama=gemma4:e2b (christ gen + task_followup unless --no-followup)
[Worker001] claimed T-0113: Donaldson — 1_chronicles_1: add commentary JSON
[Worker001] models: backend=dispatch (local pipeline scripts only; no Claude CLI) ollama=gemma4:e2b (christ gen + task_followup unless --no-followup)
=== 2026-04-10T04:39:14Z start Worker001 ===
[Worker001] checking for pending tasks…
=== 2026-04-10T04:39:15Z start Worker001 ===
[Worker001] checking for pending tasks…
Reopened T-0113.
[Worker001] claimed T-0113: Donaldson — 1_chronicles_1: add commentary JSON
[Worker001] models: backend=dispatch (local pipeline scripts only; no Claude CLI) ollama=gemma4:e2b (christ gen + task_followup unless --no-followup)
Reopened T-0113.
Reopened T-0113.
[Worker001] claimed T-0113: Donaldson — 1_chronicles_1: add commentary JSON
[Worker001] models: backend=dispatch (local pipeline scripts only; no Claude CLI) ollama=gemma4:e2b (christ gen + task_followup unless --no-followup)
  push failed (non-fatal): Command '['git', 'push', 'origin', 'main']' returned non-zero exit status 1.
[Worker001] T-0113 no dispatch rule — reopened.
  push failed (non-fatal): Command '['git', 'push', 'origin', 'main']' returned non-zero exit status 1.
[Worker001] T-0113 no dispatch rule — reopened.
  push failed (non-fatal): Command '['git', 'push', 'origin', 'main']' returned non-zero exit status 1.
[Worker001] T-0113 no dispatch rule — reopened.
Reopened T-0113.
  [ledger] pushed to origin
  pushed to origin
[Worker001] T-0113 no dispatch rule — reopened.
=== 2026-04-10T04:39:40Z start Worker001 ===
[Worker001] checking for pending tasks…
[Worker001] claimed T-0113: Donaldson — 1_chronicles_1: add commentary JSON
[Worker001] models: backend=dispatch (local pipeline scripts only; no Claude CLI) ollama=gemma4:e2b (christ gen + task_followup unless --no-followup)
Reopened T-0113.
=== 2026-04-10T04:39:42Z start Worker001 ===
[Worker001] checking for pending tasks…
[Worker001] claimed T-0113: Donaldson — 1_chronicles_1: add commentary JSON
[Worker001] models: backend=dispatch (local pipeline scripts only; no Claude CLI) ollama=gemma4:e2b (christ gen + task_followup unless --no-followup)
Reopened T-0113.
  pushed to origin
[Worker001] T-0113 no dispatch rule — reopened.
=== 2026-04-10T04:39:43Z start Worker001 ===
[Worker001] checking for pending tasks…
=== 2026-04-10T04:39:44Z start Worker001 ===
[Worker001] checking for pending tasks…
[Worker001] claimed T-0113: Donaldson — 1_chronicles_1: add commentary JSON
[Worker001] models: backend=dispatch (local pipeline scripts only; no Claude CLI) ollama=gemma4:e2b (christ gen + task_followup unless --no-followup)
Reopened T-0113.
  push failed (non-fatal): Command '['git', 'push', 'origin', 'main']' returned non-zero exit status 1.
[Worker001] T-0113 no dispatch rule — reopened.
[Worker001] claimed T-0113: Donaldson — 1_chronicles_1: add commentary JSON
[Worker001] models: backend=dispatch (local pipeline scripts only; no Claude CLI) ollama=gemma4:e2b (christ gen + task_followup unless --no-followup)
  pushed to origin
[Worker001] T-0113 no dispatch rule — reopened.
Reopened T-0113.
  pushed to origin
[Worker001] T-0113 no dispatch rule — reopened.
=== 2026-04-10T04:40:11Z start Worker001 ===
[Worker001] checking for pending tasks…
=== 2026-04-10T04:40:12Z start Worker001 ===
[Worker001] checking for pending tasks…
=== 2026-04-10T04:40:13Z start Worker001 ===
[Worker001] checking for pending tasks…
[Worker001] claimed T-0113: Donaldson — 1_chronicles_1: add commentary JSON
[Worker001] models: backend=dispatch (local pipeline scripts only; no Claude CLI) ollama=gemma4:e2b (christ gen + task_followup unless --no-followup)
Reopened T-0113.
=== 2026-04-10T04:40:14Z start Worker001 ===
[Worker001] checking for pending tasks…
[Worker001] claimed T-0113: Donaldson — 1_chronicles_1: add commentary JSON
[Worker001] models: backend=dispatch (local pipeline scripts only; no Claude CLI) ollama=gemma4:e2b (christ gen + task_followup unless --no-followup)
[Worker001] claimed T-0113: Donaldson — 1_chronicles_1: add commentary JSON
[Worker001] models: backend=dispatch (local pipeline scripts only; no Claude CLI) ollama=gemma4:e2b (christ gen + task_followup unless --no-followup)
[Worker001] claimed T-0113: Donaldson — 1_chronicles_1: add commentary JSON
[Worker001] models: backend=dispatch (local pipeline scripts only; no Claude CLI) ollama=gemma4:e2b (christ gen + task_followup unless --no-followup)
  pushed to origin
[Worker001] T-0113 no dispatch rule — reopened.
Reopened T-0113.
  [ledger] pushed to origin
Reopened T-0113.
Reopened T-0113.
  push failed (non-fatal): Command '['git', 'push', 'origin', 'main']' returned non-zero exit status 1.
[Worker001] T-0113 no dispatch rule — reopened.
  push failed (non-fatal): Command '['git', 'push', 'origin', 'main']' returned non-zero exit status 1.
[Worker001] T-0113 no dispatch rule — reopened.
  pushed to origin
[Worker001] T-0113 no dispatch rule — reopened.
=== 2026-04-10T04:40:42Z start Worker001 ===
=== 2026-04-10T04:40:42Z start Worker001 ===
[Worker001] checking for pending tasks…
[Worker001] checking for pending tasks…
[Worker001] claimed T-0113: Donaldson — 1_chronicles_1: add commentary JSON
[Worker001] models: backend=dispatch (local pipeline scripts only; no Claude CLI) ollama=gemma4:e2b (christ gen + task_followup unless --no-followup)
[Worker001] claimed T-0113: Donaldson — 1_chronicles_1: add commentary JSON
[Worker001] models: backend=dispatch (local pipeline scripts only; no Claude CLI) ollama=gemma4:e2b (christ gen + task_followup unless --no-followup)
=== 2026-04-10T04:40:43Z start Worker001 ===
[Worker001] checking for pending tasks…
Reopened T-0113.
Reopened T-0113.
[Worker001] claimed T-0117: Donaldson — 1_chronicles_10: add commentary JSON
[Worker001] models: backend=dispatch (local pipeline scripts only; no Claude CLI) ollama=gemma4:e2b (christ gen + task_followup unless --no-followup)
=== 2026-04-10T04:40:43Z start Worker001 ===
[Worker001] checking for pending tasks…
Reopened T-0117.
[Worker001] claimed T-0113: Donaldson — 1_chronicles_1: add commentary JSON
[Worker001] models: backend=dispatch (local pipeline scripts only; no Claude CLI) ollama=gemma4:e2b (christ gen + task_followup unless --no-followup)
Reopened T-0113.
  push failed (non-fatal): Command '['git', 'push', 'origin', 'main']' returned non-zero exit status 1.
[Worker001] T-0113 no dispatch rule — reopened.
  push failed (non-fatal): Command '['git', 'push', 'origin', 'main']' returned non-zero exit status 1.
[Worker001] T-0113 no dispatch rule — reopened.
  push failed (non-fatal): Command '['git', 'push', 'origin', 'main']' returned non-zero exit status 1.
[Worker001] T-0117 no dispatch rule — reopened.
  push failed (non-fatal): Command '['git', 'push', 'origin', 'main']' returned non-zero exit status 1.
[Worker001] T-0113 no dispatch rule — reopened.
=== 2026-04-10T04:41:10Z start Worker001 ===
[Worker001] checking for pending tasks…
[Worker001] claimed T-0113: Donaldson — 1_chronicles_1: add commentary JSON
[Worker001] models: backend=dispatch (local pipeline scripts only; no Claude CLI) ollama=gemma4:e2b (christ gen + task_followup unless --no-followup)
Reopened T-0113.
=== 2026-04-10T04:41:12Z start Worker001 ===
[Worker001] checking for pending tasks…
[Worker001] claimed T-0113: Donaldson — 1_chronicles_1: add commentary JSON
[Worker001] models: backend=dispatch (local pipeline scripts only; no Claude CLI) ollama=gemma4:e2b (christ gen + task_followup unless --no-followup)
Reopened T-0113.
=== 2026-04-10T04:41:13Z start Worker001 ===
[Worker001] checking for pending tasks…
  push failed (non-fatal): Command '['git', 'push', 'origin', 'main']' returned non-zero exit status 1.
[Worker001] T-0113 no dispatch rule — reopened.
[Worker001] claimed T-0113: Donaldson — 1_chronicles_1: add commentary JSON
[Worker001] models: backend=dispatch (local pipeline scripts only; no Claude CLI) ollama=gemma4:e2b (christ gen + task_followup unless --no-followup)
Reopened T-0113.
=== 2026-04-10T04:41:14Z start Worker001 ===
[Worker001] checking for pending tasks…
[Worker001] claimed T-0113: Donaldson — 1_chronicles_1: add commentary JSON
[Worker001] models: backend=dispatch (local pipeline scripts only; no Claude CLI) ollama=gemma4:e2b (christ gen + task_followup unless --no-followup)
Reopened T-0113.
  push failed (non-fatal): Command '['git', 'push', 'origin', 'main']' returned non-zero exit status 1.
[Worker001] T-0113 no dispatch rule — reopened.
  push failed (non-fatal): Command '['git', 'push', 'origin', 'main']' returned non-zero exit status 1.
[Worker001] T-0113 no dispatch rule — reopened.
  pushed to origin
[Worker001] T-0113 no dispatch rule — reopened.
=== 2026-04-10T04:41:38Z start Worker001 ===
[Worker001] checking for pending tasks…
[Worker001] claimed T-0113: Donaldson — 1_chronicles_1: add commentary JSON
[Worker001] models: backend=dispatch (local pipeline scripts only; no Claude CLI) ollama=gemma4:e2b (christ gen + task_followup unless --no-followup)
Reopened T-0113.
=== 2026-04-10T04:41:42Z start Worker001 ===
[Worker001] checking for pending tasks…
  pushed to origin
[Worker001] T-0113 no dispatch rule — reopened.
[Worker001] claimed T-0113: Donaldson — 1_chronicles_1: add commentary JSON
[Worker001] models: backend=dispatch (local pipeline scripts only; no Claude CLI) ollama=gemma4:e2b (christ gen + task_followup unless --no-followup)
=== 2026-04-10T04:41:43Z start Worker001 ===
[Worker001] checking for pending tasks…
Reopened T-0113.
=== 2026-04-10T04:41:44Z start Worker001 ===
[Worker001] checking for pending tasks…
[Worker001] claimed T-0113: Donaldson — 1_chronicles_1: add commentary JSON
[Worker001] models: backend=dispatch (local pipeline scripts only; no Claude CLI) ollama=gemma4:e2b (christ gen + task_followup unless --no-followup)
Reopened T-0113.
  push failed (non-fatal): Command '['git', 'push', 'origin', 'main']' returned non-zero exit status 1.
[Worker001] T-0113 no dispatch rule — reopened.
[Worker001] claimed T-0117: Donaldson — 1_chronicles_10: add commentary JSON
[Worker001] models: backend=dispatch (local pipeline scripts only; no Claude CLI) ollama=gemma4:e2b (christ gen + task_followup unless --no-followup)
  push failed (non-fatal): Command '['git', 'push', 'origin', 'main']' returned non-zero exit status 1.
[Worker001] T-0113 no dispatch rule — reopened.
Reopened T-0117.
  [ledger] pushed to origin
  pushed to origin
[Worker001] T-0117 no dispatch rule — reopened.
=== 2026-04-10T04:42:09Z start Worker001 ===
[Worker001] checking for pending tasks…
[Worker001] claimed T-0113: Donaldson — 1_chronicles_1: add commentary JSON
[Worker001] models: backend=dispatch (local pipeline scripts only; no Claude CLI) ollama=gemma4:e2b (christ gen + task_followup unless --no-followup)
Reopened T-0113.
=== 2026-04-10T04:42:12Z start Worker001 ===
[Worker001] checking for pending tasks…
=== 2026-04-10T04:42:12Z start Worker001 ===
  pushed to origin
[Worker001] T-0113 no dispatch rule — reopened.
[Worker001] checking for pending tasks…
[Worker001] claimed T-0113: Donaldson — 1_chronicles_1: add commentary JSON
[Worker001] models: backend=dispatch (local pipeline scripts only; no Claude CLI) ollama=gemma4:e2b (christ gen + task_followup unless --no-followup)
[Worker001] claimed T-0117: Donaldson — 1_chronicles_10: add commentary JSON
[Worker001] models: backend=dispatch (local pipeline scripts only; no Claude CLI) ollama=gemma4:e2b (christ gen + task_followup unless --no-followup)
Reopened T-0113.
Reopened T-0117.
=== 2026-04-10T04:42:13Z start Worker001 ===
[Worker001] checking for pending tasks…
  push failed (non-fatal): Command '['git', 'push', 'origin', 'main']' returned non-zero exit status 1.
[Worker001] T-0113 no dispatch rule — reopened.
  push failed (non-fatal): Command '['git', 'push', 'origin', 'main']' returned non-zero exit status 1.
[Worker001] T-0117 no dispatch rule — reopened.
[Worker001] claimed T-0113: Donaldson — 1_chronicles_1: add commentary JSON
[Worker001] models: backend=dispatch (local pipeline scripts only; no Claude CLI) ollama=gemma4:e2b (christ gen + task_followup unless --no-followup)
Reopened T-0113.
  pushed to origin
[Worker001] T-0113 no dispatch rule — reopened.
=== 2026-04-10T04:42:36Z start Worker001 ===
[Worker001] checking for pending tasks…
=== 2026-04-10T04:42:39Z start Worker001 ===
[Worker001] checking for pending tasks…
[Worker001] claimed T-0113: Donaldson — 1_chronicles_1: add commentary JSON
[Worker001] models: backend=dispatch (local pipeline scripts only; no Claude CLI) ollama=gemma4:e2b (christ gen + task_followup unless --no-followup)
Reopened T-0113.
[Worker001] claimed T-0113: Donaldson — 1_chronicles_1: add commentary JSON
[Worker001] models: backend=dispatch (local pipeline scripts only; no Claude CLI) ollama=gemma4:e2b (christ gen + task_followup unless --no-followup)
=== 2026-04-10T04:42:42Z start Worker001 ===
[Worker001] checking for pending tasks…
[Worker001] claimed T-0113: Donaldson — 1_chronicles_1: add commentary JSON
[Worker001] models: backend=dispatch (local pipeline scripts only; no Claude CLI) ollama=gemma4:e2b (christ gen + task_followup unless --no-followup)
  push failed (non-fatal): Command '['git', 'push', 'origin', 'main']' returned non-zero exit status 1.
[Worker001] T-0113 no dispatch rule — reopened.
Reopened T-0113.
=== 2026-04-10T04:42:43Z start Worker001 ===
[Worker001] checking for pending tasks…
Reopened T-0113.
[Worker001] claimed T-0113: Donaldson — 1_chronicles_1: add commentary JSON
[Worker001] models: backend=dispatch (local pipeline scripts only; no Claude CLI) ollama=gemma4:e2b (christ gen + task_followup unless --no-followup)
Reopened T-0113.
  push failed (non-fatal): Command '['git', 'push', 'origin', 'main']' returned non-zero exit status 1.
[Worker001] T-0113 no dispatch rule — reopened.
  push failed (non-fatal): Command '['git', 'push', 'origin', 'main']' returned non-zero exit status 1.
[Worker001] T-0113 no dispatch rule — reopened.
  push failed (non-fatal): Command '['git', 'push', 'origin', 'main']' returned non-zero exit status 1.
[Worker001] T-0113 no dispatch rule — reopened.
=== 2026-04-10T04:43:06Z start Worker001 ===
[Worker001] checking for pending tasks…
[Worker001] claimed T-0113: Donaldson — 1_chronicles_1: add commentary JSON
[Worker001] models: backend=dispatch (local pipeline scripts only; no Claude CLI) ollama=gemma4:e2b (christ gen + task_followup unless --no-followup)
=== 2026-04-10T04:43:07Z start Worker001 ===
[Worker001] checking for pending tasks…
[Worker001] claimed T-0117: Donaldson — 1_chronicles_10: add commentary JSON
[Worker001] models: backend=dispatch (local pipeline scripts only; no Claude CLI) ollama=gemma4:e2b (christ gen + task_followup unless --no-followup)
Reopened T-0117.
  push failed (non-fatal): Command '['git', 'push', 'origin', 'main']' returned non-zero exit status 1.
[Worker001] T-0117 no dispatch rule — reopened.
Reopened T-0113.
=== 2026-04-10T04:43:11Z start Worker001 ===
[Worker001] checking for pending tasks…
  pushed to origin
[Worker001] T-0113 no dispatch rule — reopened.
=== 2026-04-10T04:43:12Z start Worker001 ===
[Worker001] checking for pending tasks…
[Worker001] claimed T-0113: Donaldson — 1_chronicles_1: add commentary JSON
[Worker001] models: backend=dispatch (local pipeline scripts only; no Claude CLI) ollama=gemma4:e2b (christ gen + task_followup unless --no-followup)
Reopened T-0113.
[Worker001] claimed T-0113: Donaldson — 1_chronicles_1: add commentary JSON
[Worker001] models: backend=dispatch (local pipeline scripts only; no Claude CLI) ollama=gemma4:e2b (christ gen + task_followup unless --no-followup)
  push failed (non-fatal): Command '['git', 'push', 'origin', 'main']' returned non-zero exit status 1.
[Worker001] T-0113 no dispatch rule — reopened.
Reopened T-0113.
  [ledger] pushed to origin
  pushed to origin
[Worker001] T-0113 no dispatch rule — reopened.
=== 2026-04-10T04:43:34Z start Worker001 ===
[Worker001] checking for pending tasks…
[Worker001] claimed T-0113: Donaldson — 1_chronicles_1: add commentary JSON
[Worker001] models: backend=dispatch (local pipeline scripts only; no Claude CLI) ollama=gemma4:e2b (christ gen + task_followup unless --no-followup)
=== 2026-04-10T04:43:36Z start Worker001 ===
[Worker001] checking for pending tasks…
[Worker001] claimed T-0113: Donaldson — 1_chronicles_1: add commentary JSON
[Worker001] models: backend=dispatch (local pipeline scripts only; no Claude CLI) ollama=gemma4:e2b (christ gen + task_followup unless --no-followup)
Reopened T-0113.
Reopened T-0113.
  push failed (non-fatal): Command '['git', 'push', 'origin', 'main']' returned non-zero exit status 1.
[Worker001] T-0113 no dispatch rule — reopened.
=== 2026-04-10T04:43:40Z start Worker001 ===
[Worker001] checking for pending tasks…
  push failed (non-fatal): Command '['git', 'push', 'origin', 'main']' returned non-zero exit status 1.
[Worker001] T-0113 no dispatch rule — reopened.
[Worker001] claimed T-0113: Donaldson — 1_chronicles_1: add commentary JSON
[Worker001] models: backend=dispatch (local pipeline scripts only; no Claude CLI) ollama=gemma4:e2b (christ gen + task_followup unless --no-followup)
Reopened T-0113.
=== 2026-04-10T04:43:41Z start Worker001 ===
[Worker001] checking for pending tasks…
[Worker001] claimed T-0113: Donaldson — 1_chronicles_1: add commentary JSON
[Worker001] models: backend=dispatch (local pipeline scripts only; no Claude CLI) ollama=gemma4:e2b (christ gen + task_followup unless --no-followup)
  push failed (non-fatal): Command '['git', 'push', 'origin', 'main']' returned non-zero exit status 1.
[Worker001] T-0113 no dispatch rule — reopened.
Reopened T-0113.
  pushed to origin
[Worker001] T-0113 no dispatch rule — reopened.
=== 2026-04-10T04:44:04Z start Worker001 ===
[Worker001] checking for pending tasks…
[Worker001] claimed T-0113: Donaldson — 1_chronicles_1: add commentary JSON
[Worker001] models: backend=dispatch (local pipeline scripts only; no Claude CLI) ollama=gemma4:e2b (christ gen + task_followup unless --no-followup)
Reopened T-0113.
=== 2026-04-10T04:44:06Z start Worker001 ===
[Worker001] checking for pending tasks…
=== 2026-04-10T04:44:06Z start Worker001 ===
[Worker001] checking for pending tasks…
[Worker001] claimed T-0117: Donaldson — 1_chronicles_10: add commentary JSON
[Worker001] models: backend=dispatch (local pipeline scripts only; no Claude CLI) ollama=gemma4:e2b (christ gen + task_followup unless --no-followup)
[Worker001] claimed T-0113: Donaldson — 1_chronicles_1: add commentary JSON
[Worker001] models: backend=dispatch (local pipeline scripts only; no Claude CLI) ollama=gemma4:e2b (christ gen + task_followup unless --no-followup)
Reopened T-0113.
Reopened T-0117.
  push failed (non-fatal): Command '['git', 'push', 'origin', 'main']' returned non-zero exit status 1.
[Worker001] T-0113 no dispatch rule — reopened.
  pushed to origin
[Worker001] T-0117 no dispatch rule — reopened.
  push failed (non-fatal): Command '['git', 'push', 'origin', 'main']' returned non-zero exit status 1.
[Worker001] T-0113 no dispatch rule — reopened.
=== 2026-04-10T04:44:10Z start Worker001 ===
[Worker001] checking for pending tasks…
[Worker001] claimed T-0113: Donaldson — 1_chronicles_1: add commentary JSON
[Worker001] models: backend=dispatch (local pipeline scripts only; no Claude CLI) ollama=gemma4:e2b (christ gen + task_followup unless --no-followup)
Reopened T-0113.
  pushed to origin
[Worker001] T-0113 no dispatch rule — reopened.
=== 2026-04-10T04:44:31Z start Worker001 ===
[Worker001] checking for pending tasks…
[Worker001] claimed T-0113: Donaldson — 1_chronicles_1: add commentary JSON
[Worker001] models: backend=dispatch (local pipeline scripts only; no Claude CLI) ollama=gemma4:e2b (christ gen + task_followup unless --no-followup)
Reopened T-0113.
  push failed (non-fatal): Command '['git', 'push', 'origin', 'main']' returned non-zero exit status 1.
[Worker001] T-0113 no dispatch rule — reopened.
=== 2026-04-10T04:44:35Z start Worker001 ===
[Worker001] checking for pending tasks…
[Worker001] claimed T-0113: Donaldson — 1_chronicles_1: add commentary JSON
[Worker001] models: backend=dispatch (local pipeline scripts only; no Claude CLI) ollama=gemma4:e2b (christ gen + task_followup unless --no-followup)
Reopened T-0113.
=== 2026-04-10T04:44:35Z start Worker001 ===
[Worker001] checking for pending tasks…
[Worker001] claimed T-0113: Donaldson — 1_chronicles_1: add commentary JSON
[Worker001] models: backend=dispatch (local pipeline scripts only; no Claude CLI) ollama=gemma4:e2b (christ gen + task_followup unless --no-followup)
Reopened T-0113.
  push failed (non-fatal): Command '['git', 'push', 'origin', 'main']' returned non-zero exit status 1.
[Worker001] T-0113 no dispatch rule — reopened.
=== 2026-04-10T04:44:39Z start Worker001 ===
[Worker001] checking for pending tasks…
  push failed (non-fatal): Command '['git', 'push', 'origin', 'main']' returned non-zero exit status 1.
[Worker001] T-0113 no dispatch rule — reopened.
[Worker001] claimed T-0113: Donaldson — 1_chronicles_1: add commentary JSON
[Worker001] models: backend=dispatch (local pipeline scripts only; no Claude CLI) ollama=gemma4:e2b (christ gen + task_followup unless --no-followup)
Reopened T-0113.
  push failed (non-fatal): Command '['git', 'push', 'origin', 'main']' returned non-zero exit status 1.
[Worker001] T-0113 no dispatch rule — reopened.
=== 2026-04-10T04:45:00Z start Worker001 ===
[Worker001] checking for pending tasks…
[Worker001] claimed T-0113: Donaldson — 1_chronicles_1: add commentary JSON
[Worker001] models: backend=dispatch (local pipeline scripts only; no Claude CLI) ollama=gemma4:e2b (christ gen + task_followup unless --no-followup)
=== 2026-04-10T04:45:02Z start Worker001 ===
[Worker001] checking for pending tasks…
[Worker001] claimed T-0113: Donaldson — 1_chronicles_1: add commentary JSON
[Worker001] models: backend=dispatch (local pipeline scripts only; no Claude CLI) ollama=gemma4:e2b (christ gen + task_followup unless --no-followup)
Reopened T-0113.
Reopened T-0113.
=== 2026-04-10T04:45:04Z start Worker001 ===
[Worker001] checking for pending tasks…
[Worker001] claimed T-0113: Donaldson — 1_chronicles_1: add commentary JSON
[Worker001] models: backend=dispatch (local pipeline scripts only; no Claude CLI) ollama=gemma4:e2b (christ gen + task_followup unless --no-followup)
  push failed (non-fatal): Command '['git', 'push', 'origin', 'main']' returned non-zero exit status 1.
[Worker001] T-0113 no dispatch rule — reopened.
Reopened T-0113.
  push failed (non-fatal): Command '['git', 'push', 'origin', 'main']' returned non-zero exit status 1.
[Worker001] T-0113 no dispatch rule — reopened.
=== 2026-04-10T04:45:08Z start Worker001 ===
  push failed (non-fatal): Command '['git', 'push', 'origin', 'main']' returned non-zero exit status 1.
[Worker001] T-0113 no dispatch rule — reopened.
[Worker001] checking for pending tasks…
[Worker001] claimed T-0113: Donaldson — 1_chronicles_1: add commentary JSON
[Worker001] models: backend=dispatch (local pipeline scripts only; no Claude CLI) ollama=gemma4:e2b (christ gen + task_followup unless --no-followup)
Reopened T-0113.
  [ledger] pushed to origin
  pushed to origin
[Worker001] T-0113 no dispatch rule — reopened.
=== 2026-04-10T04:45:30Z start Worker001 ===
[Worker001] checking for pending tasks…
[Worker001] claimed T-0113: Donaldson — 1_chronicles_1: add commentary JSON
[Worker001] models: backend=dispatch (local pipeline scripts only; no Claude CLI) ollama=gemma4:e2b (christ gen + task_followup unless --no-followup)
Reopened T-0113.
=== 2026-04-10T04:45:32Z start Worker001 ===
=== 2026-04-10T04:45:32Z start Worker001 ===
[Worker001] checking for pending tasks…
[Worker001] checking for pending tasks…
[Worker001] claimed T-0113: Donaldson — 1_chronicles_1: add commentary JSON
[Worker001] models: backend=dispatch (local pipeline scripts only; no Claude CLI) ollama=gemma4:e2b (christ gen + task_followup unless --no-followup)
Reopened T-0113.
  push failed (non-fatal): Command '['git', 'push', 'origin', 'main']' returned non-zero exit status 1.
[Worker001] T-0113 no dispatch rule — reopened.
  push failed (non-fatal): Command '['git', 'push', 'origin', 'main']' returned non-zero exit status 1.
[Worker001] T-0113 no dispatch rule — reopened.
[Worker001] claimed T-0113: Donaldson — 1_chronicles_1: add commentary JSON
[Worker001] models: backend=dispatch (local pipeline scripts only; no Claude CLI) ollama=gemma4:e2b (christ gen + task_followup unless --no-followup)
=== 2026-04-10T04:45:36Z start Worker001 ===
[Worker001] checking for pending tasks…
[Worker001] claimed T-0113: Donaldson — 1_chronicles_1: add commentary JSON
[Worker001] models: backend=dispatch (local pipeline scripts only; no Claude CLI) ollama=gemma4:e2b (christ gen + task_followup unless --no-followup)
Reopened T-0113.
Reopened T-0113.
  [ledger] pushed to origin
  push failed (non-fatal): Command '['git', 'push', 'origin', 'main']' returned non-zero exit status 1.
[Worker001] T-0113 no dispatch rule — reopened.
  pushed to origin
[Worker001] T-0113 no dispatch rule — reopened.
=== 2026-04-10T04:45:59Z start Worker001 ===
[Worker001] checking for pending tasks…
[Worker001] claimed T-0113: Donaldson — 1_chronicles_1: add commentary JSON
[Worker001] models: backend=dispatch (local pipeline scripts only; no Claude CLI) ollama=gemma4:e2b (christ gen + task_followup unless --no-followup)
Reopened T-0113.
=== 2026-04-10T04:46:01Z start Worker001 ===
[Worker001] checking for pending tasks…
[Worker001] claimed T-0113: Donaldson — 1_chronicles_1: add commentary JSON
[Worker001] models: backend=dispatch (local pipeline scripts only; no Claude CLI) ollama=gemma4:e2b (christ gen + task_followup unless --no-followup)
Reopened T-0113.
=== 2026-04-10T04:46:02Z start Worker001 ===
[Worker001] checking for pending tasks…
  push failed (non-fatal): Command '['git', 'push', 'origin', 'main']' returned non-zero exit status 1.
[Worker001] T-0113 no dispatch rule — reopened.
[Worker001] claimed T-0113: Donaldson — 1_chronicles_1: add commentary JSON
[Worker001] models: backend=dispatch (local pipeline scripts only; no Claude CLI) ollama=gemma4:e2b (christ gen + task_followup unless --no-followup)
Reopened T-0113.
  push failed (non-fatal): Command '['git', 'push', 'origin', 'main']' returned non-zero exit status 1.
[Worker001] T-0113 no dispatch rule — reopened.
=== 2026-04-10T04:46:05Z start Worker001 ===
[Worker001] checking for pending tasks…
  push failed (non-fatal): Command '['git', 'push', 'origin', 'main']' returned non-zero exit status 1.
[Worker001] T-0113 no dispatch rule — reopened.
[Worker001] claimed T-0113: Donaldson — 1_chronicles_1: add commentary JSON
[Worker001] models: backend=dispatch (local pipeline scripts only; no Claude CLI) ollama=gemma4:e2b (christ gen + task_followup unless --no-followup)
Reopened T-0113.
  push failed (non-fatal): Command '['git', 'push', 'origin', 'main']' returned non-zero exit status 1.
[Worker001] T-0113 no dispatch rule — reopened.
=== 2026-04-10T04:46:29Z start Worker001 ===
[Worker001] checking for pending tasks…
[Worker001] claimed T-0113: Donaldson — 1_chronicles_1: add commentary JSON
[Worker001] models: backend=dispatch (local pipeline scripts only; no Claude CLI) ollama=gemma4:e2b (christ gen + task_followup unless --no-followup)
Reopened T-0113.
=== 2026-04-10T04:46:30Z start Worker001 ===
[Worker001] checking for pending tasks…
[Worker001] claimed T-0113: Donaldson — 1_chronicles_1: add commentary JSON
[Worker001] models: backend=dispatch (local pipeline scripts only; no Claude CLI) ollama=gemma4:e2b (christ gen + task_followup unless --no-followup)
=== 2026-04-10T04:46:30Z start Worker001 ===
[Worker001] checking for pending tasks…
Reopened T-0113.
[Worker001] claimed T-0117: Donaldson — 1_chronicles_10: add commentary JSON
[Worker001] models: backend=dispatch (local pipeline scripts only; no Claude CLI) ollama=gemma4:e2b (christ gen + task_followup unless --no-followup)
Reopened T-0117.
  push failed (non-fatal): Command '['git', 'push', 'origin', 'main']' returned non-zero exit status 1.
[Worker001] T-0113 no dispatch rule — reopened.
  push failed (non-fatal): Command '['git', 'push', 'origin', 'main']' returned non-zero exit status 1.
[Worker001] T-0113 no dispatch rule — reopened.
  push failed (non-fatal): Command '['git', 'push', 'origin', 'main']' returned non-zero exit status 1.
[Worker001] T-0117 no dispatch rule — reopened.
=== 2026-04-10T04:46:34Z start Worker001 ===
[Worker001] checking for pending tasks…
[Worker001] claimed T-0113: Donaldson — 1_chronicles_1: add commentary JSON
[Worker001] models: backend=dispatch (local pipeline scripts only; no Claude CLI) ollama=gemma4:e2b (christ gen + task_followup unless --no-followup)
Reopened T-0113.
  push failed (non-fatal): Command '['git', 'push', 'origin', 'main']' returned non-zero exit status 1.
[Worker001] T-0113 no dispatch rule — reopened.
=== 2026-04-10T04:46:58Z start Worker001 ===
[Worker001] checking for pending tasks…
[Worker001] claimed T-0113: Donaldson — 1_chronicles_1: add commentary JSON
[Worker001] models: backend=dispatch (local pipeline scripts only; no Claude CLI) ollama=gemma4:e2b (christ gen + task_followup unless --no-followup)
=== 2026-04-10T04:46:58Z start Worker001 ===
[Worker001] checking for pending tasks…
[Worker001] claimed T-0117: Donaldson — 1_chronicles_10: add commentary JSON
[Worker001] models: backend=dispatch (local pipeline scripts only; no Claude CLI) ollama=gemma4:e2b (christ gen + task_followup unless --no-followup)
=== 2026-04-10T04:46:59Z start Worker001 ===
[Worker001] checking for pending tasks…
Reopened T-0113.
Reopened T-0117.
=== 2026-04-10T04:47:03Z start Worker001 ===
[Worker001] claimed T-0113: Donaldson — 1_chronicles_1: add commentary JSON
[Worker001] models: backend=dispatch (local pipeline scripts only; no Claude CLI) ollama=gemma4:e2b (christ gen + task_followup unless --no-followup)
[Worker001] checking for pending tasks…
Reopened T-0113.
[Worker001] claimed T-0113: Donaldson — 1_chronicles_1: add commentary JSON
[Worker001] models: backend=dispatch (local pipeline scripts only; no Claude CLI) ollama=gemma4:e2b (christ gen + task_followup unless --no-followup)
Reopened T-0113.
  pushed to origin
[Worker001] T-0117 no dispatch rule — reopened.
  push failed (non-fatal): Command '['git', 'push', 'origin', 'main']' returned non-zero exit status 1.
[Worker001] T-0113 no dispatch rule — reopened.
  pushed to origin
[Worker001] T-0113 no dispatch rule — reopened.
  push failed (non-fatal): Command '['git', 'push', 'origin', 'main']' returned non-zero exit status 1.
[Worker001] T-0113 no dispatch rule — reopened.
=== 2026-04-10T04:47:25Z start Worker001 ===
[Worker001] checking for pending tasks…
[Worker001] claimed T-0113: Donaldson — 1_chronicles_1: add commentary JSON
[Worker001] models: backend=dispatch (local pipeline scripts only; no Claude CLI) ollama=gemma4:e2b (christ gen + task_followup unless --no-followup)
=== 2026-04-10T04:47:26Z start Worker001 ===
[Worker001] checking for pending tasks…
Reopened T-0113.
[Worker001] claimed T-0113: Donaldson — 1_chronicles_1: add commentary JSON
[Worker001] models: backend=dispatch (local pipeline scripts only; no Claude CLI) ollama=gemma4:e2b (christ gen + task_followup unless --no-followup)
Reopened T-0113.
=== 2026-04-10T04:47:28Z start Worker001 ===
[Worker001] checking for pending tasks…
[Worker001] claimed T-0113: Donaldson — 1_chronicles_1: add commentary JSON
[Worker001] models: backend=dispatch (local pipeline scripts only; no Claude CLI) ollama=gemma4:e2b (christ gen + task_followup unless --no-followup)
Reopened T-0113.
  push failed (non-fatal): Command '['git', 'push', 'origin', 'main']' returned non-zero exit status 1.
[Worker001] T-0113 no dispatch rule — reopened.
  push failed (non-fatal): Command '['git', 'push', 'origin', 'main']' returned non-zero exit status 1.
[Worker001] T-0113 no dispatch rule — reopened.
  push failed (non-fatal): Command '['git', 'push', 'origin', 'main']' returned non-zero exit status 1.
[Worker001] T-0113 no dispatch rule — reopened.
=== 2026-04-10T04:47:32Z start Worker001 ===
[Worker001] checking for pending tasks…
[Worker001] claimed T-0113: Donaldson — 1_chronicles_1: add commentary JSON
[Worker001] models: backend=dispatch (local pipeline scripts only; no Claude CLI) ollama=gemma4:e2b (christ gen + task_followup unless --no-followup)
Reopened T-0113.
  [ledger] pushed to origin
  pushed to origin
[Worker001] T-0113 no dispatch rule — reopened.
=== 2026-04-10T04:47:54Z start Worker001 ===
[Worker001] checking for pending tasks…
[Worker001] claimed T-0113: Donaldson — 1_chronicles_1: add commentary JSON
[Worker001] models: backend=dispatch (local pipeline scripts only; no Claude CLI) ollama=gemma4:e2b (christ gen + task_followup unless --no-followup)
Reopened T-0113.
=== 2026-04-10T04:47:56Z start Worker001 ===
[Worker001] checking for pending tasks…
=== 2026-04-10T04:47:57Z start Worker001 ===
  push failed (non-fatal): Command '['git', 'push', 'origin', 'main']' returned non-zero exit status 1.
[Worker001] T-0113 no dispatch rule — reopened.
[Worker001] checking for pending tasks…
[Worker001] claimed T-0113: Donaldson — 1_chronicles_1: add commentary JSON
[Worker001] models: backend=dispatch (local pipeline scripts only; no Claude CLI) ollama=gemma4:e2b (christ gen + task_followup unless --no-followup)
Reopened T-0113.
[Worker001] claimed T-0113: Donaldson — 1_chronicles_1: add commentary JSON
[Worker001] models: backend=dispatch (local pipeline scripts only; no Claude CLI) ollama=gemma4:e2b (christ gen + task_followup unless --no-followup)
Reopened T-0113.
  push failed (non-fatal): Command '['git', 'push', 'origin', 'main']' returned non-zero exit status 1.
[Worker001] T-0113 no dispatch rule — reopened.
  push failed (non-fatal): Command '['git', 'push', 'origin', 'main']' returned non-zero exit status 1.
[Worker001] T-0113 no dispatch rule — reopened.
=== 2026-04-10T04:48:01Z start Worker001 ===
[Worker001] checking for pending tasks…
[Worker001] claimed T-0113: Donaldson — 1_chronicles_1: add commentary JSON
[Worker001] models: backend=dispatch (local pipeline scripts only; no Claude CLI) ollama=gemma4:e2b (christ gen + task_followup unless --no-followup)
Reopened T-0113.
  push failed (non-fatal): Command '['git', 'push', 'origin', 'main']' returned non-zero exit status 1.
[Worker001] T-0113 no dispatch rule — reopened.
=== 2026-04-10T04:48:22Z start Worker001 ===
[Worker001] checking for pending tasks…
[Worker001] claimed T-0113: Donaldson — 1_chronicles_1: add commentary JSON
[Worker001] models: backend=dispatch (local pipeline scripts only; no Claude CLI) ollama=gemma4:e2b (christ gen + task_followup unless --no-followup)
Reopened T-0113.
=== 2026-04-10T04:48:22Z start Worker001 ===
[Worker001] checking for pending tasks…
=== 2026-04-10T04:48:23Z start Worker001 ===
[Worker001] checking for pending tasks…
[Worker001] claimed T-0113: Donaldson — 1_chronicles_1: add commentary JSON
[Worker001] models: backend=dispatch (local pipeline scripts only; no Claude CLI) ollama=gemma4:e2b (christ gen + task_followup unless --no-followup)
Reopened T-0113.
  push failed (non-fatal): Command '['git', 'push', 'origin', 'main']' returned non-zero exit status 1.
[Worker001] T-0113 no dispatch rule — reopened.
[Worker001] claimed T-0113: Donaldson — 1_chronicles_1: add commentary JSON
[Worker001] models: backend=dispatch (local pipeline scripts only; no Claude CLI) ollama=gemma4:e2b (christ gen + task_followup unless --no-followup)
  push failed (non-fatal): Command '['git', 'push', 'origin', 'main']' returned non-zero exit status 1.
[Worker001] T-0113 no dispatch rule — reopened.
=== 2026-04-10T04:48:29Z start Worker001 ===
[Worker001] checking for pending tasks…
Reopened T-0113.
[Worker001] claimed T-0113: Donaldson — 1_chronicles_1: add commentary JSON
[Worker001] models: backend=dispatch (local pipeline scripts only; no Claude CLI) ollama=gemma4:e2b (christ gen + task_followup unless --no-followup)
  pushed to origin
[Worker001] T-0113 no dispatch rule — reopened.
Reopened T-0113.
  pushed to origin
[Worker001] T-0113 no dispatch rule — reopened.
=== 2026-04-10T04:48:50Z start Worker001 ===
[Worker001] checking for pending tasks…
[Worker001] claimed T-0113: Donaldson — 1_chronicles_1: add commentary JSON
[Worker001] models: backend=dispatch (local pipeline scripts only; no Claude CLI) ollama=gemma4:e2b (christ gen + task_followup unless --no-followup)
Reopened T-0113.
=== 2026-04-10T04:48:52Z start Worker001 ===
[Worker001] checking for pending tasks…
=== 2026-04-10T04:48:52Z start Worker001 ===
[Worker001] checking for pending tasks…
[Worker001] claimed T-0113: Donaldson — 1_chronicles_1: add commentary JSON
[Worker001] models: backend=dispatch (local pipeline scripts only; no Claude CLI) ollama=gemma4:e2b (christ gen + task_followup unless --no-followup)
Reopened T-0113.
  push failed (non-fatal): Command '['git', 'push', 'origin', 'main']' returned non-zero exit status 1.
[Worker001] T-0113 no dispatch rule — reopened.
  pushed to origin
[Worker001] T-0113 no dispatch rule — reopened.
[Worker001] claimed T-0117: Donaldson — 1_chronicles_10: add commentary JSON
[Worker001] models: backend=dispatch (local pipeline scripts only; no Claude CLI) ollama=gemma4:e2b (christ gen + task_followup unless --no-followup)
=== 2026-04-10T04:48:58Z start Worker001 ===
[Worker001] checking for pending tasks…
Reopened T-0117.
  [ledger] pushed to origin
[Worker001] claimed T-0113: Donaldson — 1_chronicles_1: add commentary JSON
[Worker001] models: backend=dispatch (local pipeline scripts only; no Claude CLI) ollama=gemma4:e2b (christ gen + task_followup unless --no-followup)
  push failed (non-fatal): Command '['git', 'push', 'origin', 'main']' returned non-zero exit status 1.
[Worker001] T-0117 no dispatch rule — reopened.
Reopened T-0113.
  [ledger] pushed to origin
  pushed to origin
[Worker001] T-0113 no dispatch rule — reopened.
=== 2026-04-10T04:49:18Z start Worker001 ===
[Worker001] checking for pending tasks…
[Worker001] claimed T-0113: Donaldson — 1_chronicles_1: add commentary JSON
[Worker001] models: backend=dispatch (local pipeline scripts only; no Claude CLI) ollama=gemma4:e2b (christ gen + task_followup unless --no-followup)
=== 2026-04-10T04:49:20Z start Worker001 ===
[Worker001] checking for pending tasks…
[Worker001] claimed T-0113: Donaldson — 1_chronicles_1: add commentary JSON
[Worker001] models: backend=dispatch (local pipeline scripts only; no Claude CLI) ollama=gemma4:e2b (christ gen + task_followup unless --no-followup)
Reopened T-0113.
Reopened T-0113.
=== 2026-04-10T04:49:22Z start Worker001 ===
[Worker001] checking for pending tasks…
[Worker001] claimed T-0113: Donaldson — 1_chronicles_1: add commentary JSON
[Worker001] models: backend=dispatch (local pipeline scripts only; no Claude CLI) ollama=gemma4:e2b (christ gen + task_followup unless --no-followup)
Reopened T-0113.
  push failed (non-fatal): Command '['git', 'push', 'origin', 'main']' returned non-zero exit status 1.
[Worker001] T-0113 no dispatch rule — reopened.
  push failed (non-fatal): Command '['git', 'push', 'origin', 'main']' returned non-zero exit status 1.
[Worker001] T-0113 no dispatch rule — reopened.
  pushed to origin
[Worker001] T-0113 no dispatch rule — reopened.
=== 2026-04-10T04:49:27Z start Worker001 ===
[Worker001] checking for pending tasks…
[Worker001] claimed T-0113: Donaldson — 1_chronicles_1: add commentary JSON
[Worker001] models: backend=dispatch (local pipeline scripts only; no Claude CLI) ollama=gemma4:e2b (christ gen + task_followup unless --no-followup)
Reopened T-0113.
  pushed to origin
[Worker001] T-0113 no dispatch rule — reopened.
=== 2026-04-10T04:49:48Z start Worker001 ===
[Worker001] checking for pending tasks…
=== 2026-04-10T04:49:48Z start Worker001 ===
[Worker001] checking for pending tasks…
=== 2026-04-10T04:49:49Z start Worker001 ===
[Worker001] checking for pending tasks…
[Worker001] claimed T-0113: Donaldson — 1_chronicles_1: add commentary JSON
[Worker001] models: backend=dispatch (local pipeline scripts only; no Claude CLI) ollama=gemma4:e2b (christ gen + task_followup unless --no-followup)
[Worker001] claimed T-0113: Donaldson — 1_chronicles_1: add commentary JSON
[Worker001] models: backend=dispatch (local pipeline scripts only; no Claude CLI) ollama=gemma4:e2b (christ gen + task_followup unless --no-followup)
Reopened T-0113.
[Worker001] claimed T-0113: Donaldson — 1_chronicles_1: add commentary JSON
[Worker001] models: backend=dispatch (local pipeline scripts only; no Claude CLI) ollama=gemma4:e2b (christ gen + task_followup unless --no-followup)
  push failed (non-fatal): Command '['git', 'push', 'origin', 'main']' returned non-zero exit status 1.
[Worker001] T-0113 no dispatch rule — reopened.
Reopened T-0113.
Reopened T-0113.
  [ledger] pushed to origin
  push failed (non-fatal): Command '['git', 'push', 'origin', 'main']' returned non-zero exit status 1.
[Worker001] T-0113 no dispatch rule — reopened.
=== 2026-04-10T04:49:55Z start Worker001 ===
[Worker001] checking for pending tasks…
  pushed to origin
[Worker001] T-0113 no dispatch rule — reopened.
[Worker001] claimed T-0113: Donaldson — 1_chronicles_1: add commentary JSON
[Worker001] models: backend=dispatch (local pipeline scripts only; no Claude CLI) ollama=gemma4:e2b (christ gen + task_followup unless --no-followup)
Reopened T-0113.
  [ledger] pushed to origin
  pushed to origin
[Worker001] T-0113 no dispatch rule — reopened.
=== 2026-04-10T04:50:16Z start Worker001 ===
[Worker001] checking for pending tasks…
[Worker001] claimed T-0113: Donaldson — 1_chronicles_1: add commentary JSON
[Worker001] models: backend=dispatch (local pipeline scripts only; no Claude CLI) ollama=gemma4:e2b (christ gen + task_followup unless --no-followup)
Reopened T-0113.
=== 2026-04-10T04:50:18Z start Worker001 ===
=== 2026-04-10T04:50:18Z start Worker001 ===
[Worker001] checking for pending tasks…
[Worker001] checking for pending tasks…
[Worker001] claimed T-0113: Donaldson — 1_chronicles_1: add commentary JSON
[Worker001] models: backend=dispatch (local pipeline scripts only; no Claude CLI) ollama=gemma4:e2b (christ gen + task_followup unless --no-followup)
[Worker001] claimed T-0113: Donaldson — 1_chronicles_1: add commentary JSON
[Worker001] models: backend=dispatch (local pipeline scripts only; no Claude CLI) ollama=gemma4:e2b (christ gen + task_followup unless --no-followup)
Reopened T-0113.
  pushed to origin
[Worker001] T-0113 no dispatch rule — reopened.
  push failed (non-fatal): Command '['git', 'push', 'origin', 'main']' returned non-zero exit status 1.
[Worker001] T-0113 no dispatch rule — reopened.
Reopened T-0113.
  pushed to origin
[Worker001] T-0113 no dispatch rule — reopened.
=== 2026-04-10T04:50:24Z start Worker001 ===
[Worker001] checking for pending tasks…
[Worker001] claimed T-0113: Donaldson — 1_chronicles_1: add commentary JSON
[Worker001] models: backend=dispatch (local pipeline scripts only; no Claude CLI) ollama=gemma4:e2b (christ gen + task_followup unless --no-followup)
Reopened T-0113.
  push failed (non-fatal): Command '['git', 'push', 'origin', 'main']' returned non-zero exit status 1.
[Worker001] T-0113 no dispatch rule — reopened.
=== 2026-04-10T04:50:43Z start Worker001 ===
[Worker001] checking for pending tasks…
[Worker001] claimed T-0113: Donaldson — 1_chronicles_1: add commentary JSON
[Worker001] models: backend=dispatch (local pipeline scripts only; no Claude CLI) ollama=gemma4:e2b (christ gen + task_followup unless --no-followup)
Reopened T-0113.
  push failed (non-fatal): Command '['git', 'push', 'origin', 'main']' returned non-zero exit status 1.
[Worker001] T-0113 no dispatch rule — reopened.
=== 2026-04-10T04:50:47Z start Worker001 ===
[Worker001] checking for pending tasks…
[Worker001] claimed T-0113: Donaldson — 1_chronicles_1: add commentary JSON
[Worker001] models: backend=dispatch (local pipeline scripts only; no Claude CLI) ollama=gemma4:e2b (christ gen + task_followup unless --no-followup)
Reopened T-0113.
=== 2026-04-10T04:50:48Z start Worker001 ===
[Worker001] checking for pending tasks…
[Worker001] claimed T-0113: Donaldson — 1_chronicles_1: add commentary JSON
[Worker001] models: backend=dispatch (local pipeline scripts only; no Claude CLI) ollama=gemma4:e2b (christ gen + task_followup unless --no-followup)
  push failed (non-fatal): Command '['git', 'push', 'origin', 'main']' returned non-zero exit status 1.
[Worker001] T-0113 no dispatch rule — reopened.
Reopened T-0113.
=== 2026-04-10T04:50:53Z start Worker001 ===
[Worker001] checking for pending tasks…
[Worker001] claimed T-0113: Donaldson — 1_chronicles_1: add commentary JSON
[Worker001] models: backend=dispatch (local pipeline scripts only; no Claude CLI) ollama=gemma4:e2b (christ gen + task_followup unless --no-followup)
  pushed to origin
[Worker001] T-0113 no dispatch rule — reopened.
Reopened T-0113.
  pushed to origin
[Worker001] T-0113 no dispatch rule — reopened.
=== 2026-04-10T04:51:13Z start Worker001 ===
[Worker001] checking for pending tasks…
[Worker001] claimed T-0113: Donaldson — 1_chronicles_1: add commentary JSON
[Worker001] models: backend=dispatch (local pipeline scripts only; no Claude CLI) ollama=gemma4:e2b (christ gen + task_followup unless --no-followup)
Reopened T-0113.
  push failed (non-fatal): Command '['git', 'push', 'origin', 'main']' returned non-zero exit status 1.
[Worker001] T-0113 no dispatch rule — reopened.
=== 2026-04-10T04:51:16Z start Worker001 ===
[Worker001] checking for pending tasks…
[Worker001] claimed T-0113: Donaldson — 1_chronicles_1: add commentary JSON
[Worker001] models: backend=dispatch (local pipeline scripts only; no Claude CLI) ollama=gemma4:e2b (christ gen + task_followup unless --no-followup)
Reopened T-0113.
=== 2026-04-10T04:51:17Z start Worker001 ===
[Worker001] checking for pending tasks…
[Worker001] claimed T-0113: Donaldson — 1_chronicles_1: add commentary JSON
[Worker001] models: backend=dispatch (local pipeline scripts only; no Claude CLI) ollama=gemma4:e2b (christ gen + task_followup unless --no-followup)
  push failed (non-fatal): Command '['git', 'push', 'origin', 'main']' returned non-zero exit status 1.
[Worker001] T-0113 no dispatch rule — reopened.
=== 2026-04-10T04:51:21Z start Worker001 ===
[Worker001] checking for pending tasks…
[Worker001] claimed T-0113: Donaldson — 1_chronicles_1: add commentary JSON
[Worker001] models: backend=dispatch (local pipeline scripts only; no Claude CLI) ollama=gemma4:e2b (christ gen + task_followup unless --no-followup)
Reopened T-0113.
Reopened T-0113.
  pushed to origin
[Worker001] T-0113 no dispatch rule — reopened.
  push failed (non-fatal): Command '['git', 'push', 'origin', 'main']' returned non-zero exit status 1.
[Worker001] T-0113 no dispatch rule — reopened.
=== 2026-04-10T04:51:42Z start Worker001 ===
[Worker001] checking for pending tasks…
[Worker001] claimed T-0113: Donaldson — 1_chronicles_1: add commentary JSON
[Worker001] models: backend=dispatch (local pipeline scripts only; no Claude CLI) ollama=gemma4:e2b (christ gen + task_followup unless --no-followup)
Reopened T-0113.
=== 2026-04-10T04:51:45Z start Worker001 ===
[Worker001] checking for pending tasks…
[Worker001] claimed T-0113: Donaldson — 1_chronicles_1: add commentary JSON
[Worker001] models: backend=dispatch (local pipeline scripts only; no Claude CLI) ollama=gemma4:e2b (christ gen + task_followup unless --no-followup)
  push failed (non-fatal): Command '['git', 'push', 'origin', 'main']' returned non-zero exit status 1.
[Worker001] T-0113 no dispatch rule — reopened.
=== 2026-04-10T04:51:45Z start Worker001 ===
[Worker001] checking for pending tasks…
Reopened T-0113.
[Worker001] claimed T-0117: Donaldson — 1_chronicles_10: add commentary JSON
[Worker001] models: backend=dispatch (local pipeline scripts only; no Claude CLI) ollama=gemma4:e2b (christ gen + task_followup unless --no-followup)
Reopened T-0117.
  push failed (non-fatal): Command '['git', 'push', 'origin', 'main']' returned non-zero exit status 1.
[Worker001] T-0113 no dispatch rule — reopened.
  push failed (non-fatal): Command '['git', 'push', 'origin', 'main']' returned non-zero exit status 1.
[Worker001] T-0117 no dispatch rule — reopened.
=== 2026-04-10T04:51:50Z start Worker001 ===
[Worker001] checking for pending tasks…
[Worker001] claimed T-0113: Donaldson — 1_chronicles_1: add commentary JSON
[Worker001] models: backend=dispatch (local pipeline scripts only; no Claude CLI) ollama=gemma4:e2b (christ gen + task_followup unless --no-followup)
Reopened T-0113.
  push failed (non-fatal): Command '['git', 'push', 'origin', 'main']' returned non-zero exit status 1.
[Worker001] T-0113 no dispatch rule — reopened.
=== 2026-04-10T04:52:11Z start Worker001 ===
[Worker001] checking for pending tasks…
[Worker001] claimed T-0113: Donaldson — 1_chronicles_1: add commentary JSON
[Worker001] models: backend=dispatch (local pipeline scripts only; no Claude CLI) ollama=gemma4:e2b (christ gen + task_followup unless --no-followup)
Reopened T-0113.
=== 2026-04-10T04:52:13Z start Worker001 ===
[Worker001] checking for pending tasks…
[Worker001] claimed T-0113: Donaldson — 1_chronicles_1: add commentary JSON
[Worker001] models: backend=dispatch (local pipeline scripts only; no Claude CLI) ollama=gemma4:e2b (christ gen + task_followup unless --no-followup)
Reopened T-0113.
=== 2026-04-10T04:52:14Z start Worker001 ===
[Worker001] checking for pending tasks…
  push failed (non-fatal): Command '['git', 'push', 'origin', 'main']' returned non-zero exit status 1.
[Worker001] T-0113 no dispatch rule — reopened.
  push failed (non-fatal): Command '['git', 'push', 'origin', 'main']' returned non-zero exit status 1.
[Worker001] T-0113 no dispatch rule — reopened.
[Worker001] claimed T-0113: Donaldson — 1_chronicles_1: add commentary JSON
[Worker001] models: backend=dispatch (local pipeline scripts only; no Claude CLI) ollama=gemma4:e2b (christ gen + task_followup unless --no-followup)
=== 2026-04-10T04:52:18Z start Worker001 ===
[Worker001] checking for pending tasks…
Reopened T-0113.
[Worker001] claimed T-0113: Donaldson — 1_chronicles_1: add commentary JSON
[Worker001] models: backend=dispatch (local pipeline scripts only; no Claude CLI) ollama=gemma4:e2b (christ gen + task_followup unless --no-followup)
  push failed (non-fatal): Command '['git', 'push', 'origin', 'main']' returned non-zero exit status 1.
[Worker001] T-0113 no dispatch rule — reopened.
Reopened T-0113.
  [ledger] pushed to origin
  pushed to origin
[Worker001] T-0113 no dispatch rule — reopened.
=== 2026-04-10T04:52:39Z start Worker001 ===
[Worker001] checking for pending tasks…
[Worker001] claimed T-0113: Donaldson — 1_chronicles_1: add commentary JSON
[Worker001] models: backend=dispatch (local pipeline scripts only; no Claude CLI) ollama=gemma4:e2b (christ gen + task_followup unless --no-followup)
Reopened T-0113.
  push failed (non-fatal): Command '['git', 'push', 'origin', 'main']' returned non-zero exit status 1.
[Worker001] T-0113 no dispatch rule — reopened.
=== 2026-04-10T04:52:43Z start Worker001 ===
[Worker001] checking for pending tasks…
=== 2026-04-10T04:52:44Z start Worker001 ===
[Worker001] checking for pending tasks…
[Worker001] claimed T-0113: Donaldson — 1_chronicles_1: add commentary JSON
[Worker001] models: backend=dispatch (local pipeline scripts only; no Claude CLI) ollama=gemma4:e2b (christ gen + task_followup unless --no-followup)
[Worker001] claimed T-0113: Donaldson — 1_chronicles_1: add commentary JSON
[Worker001] models: backend=dispatch (local pipeline scripts only; no Claude CLI) ollama=gemma4:e2b (christ gen + task_followup unless --no-followup)
=== 2026-04-10T04:52:47Z start Worker001 ===
[Worker001] checking for pending tasks…
[Worker001] claimed T-0113: Donaldson — 1_chronicles_1: add commentary JSON
[Worker001] models: backend=dispatch (local pipeline scripts only; no Claude CLI) ollama=gemma4:e2b (christ gen + task_followup unless --no-followup)
Reopened T-0113.
Reopened T-0113.
Reopened T-0113.
  [ledger] pushed to origin
  push failed (non-fatal): Command '['git', 'push', 'origin', 'main']' returned non-zero exit status 1.
[Worker001] T-0113 no dispatch rule — reopened.
  push failed (non-fatal): Command '['git', 'push', 'origin', 'main']' returned non-zero exit status 1.
[Worker001] T-0113 no dispatch rule — reopened.
  push failed (non-fatal): Command '['git', 'push', 'origin', 'main']' returned non-zero exit status 1.
[Worker001] T-0113 no dispatch rule — reopened.
=== 2026-04-10T04:53:07Z start Worker001 ===
[Worker001] checking for pending tasks…
[Worker001] claimed T-0113: Donaldson — 1_chronicles_1: add commentary JSON
[Worker001] models: backend=dispatch (local pipeline scripts only; no Claude CLI) ollama=gemma4:e2b (christ gen + task_followup unless --no-followup)
Reopened T-0113.
  push failed (non-fatal): Command '['git', 'push', 'origin', 'main']' returned non-zero exit status 1.
[Worker001] T-0113 no dispatch rule — reopened.
=== 2026-04-10T04:53:11Z start Worker001 ===
[Worker001] checking for pending tasks…
[Worker001] claimed T-0113: Donaldson — 1_chronicles_1: add commentary JSON
[Worker001] models: backend=dispatch (local pipeline scripts only; no Claude CLI) ollama=gemma4:e2b (christ gen + task_followup unless --no-followup)
=== 2026-04-10T04:53:12Z start Worker001 ===
[Worker001] checking for pending tasks…
Reopened T-0113.
[Worker001] claimed T-0117: Donaldson — 1_chronicles_10: add commentary JSON
[Worker001] models: backend=dispatch (local pipeline scripts only; no Claude CLI) ollama=gemma4:e2b (christ gen + task_followup unless --no-followup)
Reopened T-0117.
  push failed (non-fatal): Command '['git', 'push', 'origin', 'main']' returned non-zero exit status 1.
[Worker001] T-0113 no dispatch rule — reopened.
  push failed (non-fatal): Command '['git', 'push', 'origin', 'main']' returned non-zero exit status 1.
[Worker001] T-0117 no dispatch rule — reopened.
=== 2026-04-10T04:53:16Z start Worker001 ===
[Worker001] checking for pending tasks…
[Worker001] claimed T-0113: Donaldson — 1_chronicles_1: add commentary JSON
[Worker001] models: backend=dispatch (local pipeline scripts only; no Claude CLI) ollama=gemma4:e2b (christ gen + task_followup unless --no-followup)
Reopened T-0113.
  [ledger] pushed to origin
  pushed to origin
[Worker001] T-0113 no dispatch rule — reopened.
=== 2026-04-10T04:53:37Z start Worker001 ===
[Worker001] checking for pending tasks…
[Worker001] claimed T-0113: Donaldson — 1_chronicles_1: add commentary JSON
[Worker001] models: backend=dispatch (local pipeline scripts only; no Claude CLI) ollama=gemma4:e2b (christ gen + task_followup unless --no-followup)
=== 2026-04-10T04:53:39Z start Worker001 ===
[Worker001] checking for pending tasks…
Reopened T-0113.
[Worker001] claimed T-0113: Donaldson — 1_chronicles_1: add commentary JSON
[Worker001] models: backend=dispatch (local pipeline scripts only; no Claude CLI) ollama=gemma4:e2b (christ gen + task_followup unless --no-followup)
Reopened T-0113.
=== 2026-04-10T04:53:41Z start Worker001 ===
  pushed to origin
[Worker001] T-0113 no dispatch rule — reopened.
[Worker001] checking for pending tasks…
  push failed (non-fatal): Command '['git', 'push', 'origin', 'main']' returned non-zero exit status 1.
[Worker001] T-0113 no dispatch rule — reopened.
[Worker001] claimed T-0113: Donaldson — 1_chronicles_1: add commentary JSON
[Worker001] models: backend=dispatch (local pipeline scripts only; no Claude CLI) ollama=gemma4:e2b (christ gen + task_followup unless --no-followup)
=== 2026-04-10T04:53:44Z start Worker001 ===
[Worker001] checking for pending tasks…
[Worker001] claimed T-0113: Donaldson — 1_chronicles_1: add commentary JSON
[Worker001] models: backend=dispatch (local pipeline scripts only; no Claude CLI) ollama=gemma4:e2b (christ gen + task_followup unless --no-followup)
Reopened T-0113.
Reopened T-0113.
  push failed (non-fatal): Command '['git', 'push', 'origin', 'main']' returned non-zero exit status 1.
[Worker001] T-0113 no dispatch rule — reopened.
  pushed to origin
[Worker001] T-0113 no dispatch rule — reopened.
=== 2026-04-10T04:54:03Z start Worker001 ===
[Worker001] checking for pending tasks…
[Worker001] claimed T-0113: Donaldson — 1_chronicles_1: add commentary JSON
[Worker001] models: backend=dispatch (local pipeline scripts only; no Claude CLI) ollama=gemma4:e2b (christ gen + task_followup unless --no-followup)
=== 2026-04-10T04:54:09Z start Worker001 ===
[Worker001] checking for pending tasks…
Reopened T-0113.
  [ledger] pushed to origin
[Worker001] claimed T-0113: Donaldson — 1_chronicles_1: add commentary JSON
[Worker001] models: backend=dispatch (local pipeline scripts only; no Claude CLI) ollama=gemma4:e2b (christ gen + task_followup unless --no-followup)
Reopened T-0113.
=== 2026-04-10T04:54:10Z start Worker001 ===
[Worker001] checking for pending tasks…
  pushed to origin
[Worker001] T-0113 no dispatch rule — reopened.
[Worker001] claimed T-0113: Donaldson — 1_chronicles_1: add commentary JSON
[Worker001] models: backend=dispatch (local pipeline scripts only; no Claude CLI) ollama=gemma4:e2b (christ gen + task_followup unless --no-followup)
Reopened T-0113.
  push failed (non-fatal): Command '['git', 'push', 'origin', 'main']' returned non-zero exit status 1.
[Worker001] T-0113 no dispatch rule — reopened.
=== 2026-04-10T04:54:13Z start Worker001 ===
[Worker001] checking for pending tasks…
  push failed (non-fatal): Command '['git', 'push', 'origin', 'main']' returned non-zero exit status 1.
[Worker001] T-0113 no dispatch rule — reopened.
[Worker001] claimed T-0113: Donaldson — 1_chronicles_1: add commentary JSON
[Worker001] models: backend=dispatch (local pipeline scripts only; no Claude CLI) ollama=gemma4:e2b (christ gen + task_followup unless --no-followup)
Reopened T-0113.
  push failed (non-fatal): Command '['git', 'push', 'origin', 'main']' returned non-zero exit status 1.
[Worker001] T-0113 no dispatch rule — reopened.
=== 2026-04-10T04:54:31Z start Worker001 ===
[Worker001] checking for pending tasks…
[Worker001] claimed T-0113: Donaldson — 1_chronicles_1: add commentary JSON
[Worker001] models: backend=dispatch (local pipeline scripts only; no Claude CLI) ollama=gemma4:e2b (christ gen + task_followup unless --no-followup)
=== 2026-04-10T04:54:37Z start Worker001 ===
[Worker001] checking for pending tasks…
Reopened T-0113.
  [ledger] pushed to origin
=== 2026-04-10T04:54:38Z start Worker001 ===
[Worker001] claimed T-0113: Donaldson — 1_chronicles_1: add commentary JSON
[Worker001] models: backend=dispatch (local pipeline scripts only; no Claude CLI) ollama=gemma4:e2b (christ gen + task_followup unless --no-followup)
[Worker001] checking for pending tasks…
Reopened T-0113.
[Worker001] claimed T-0117: Donaldson — 1_chronicles_10: add commentary JSON
[Worker001] models: backend=dispatch (local pipeline scripts only; no Claude CLI) ollama=gemma4:e2b (christ gen + task_followup unless --no-followup)
Reopened T-0117.
  pushed to origin
[Worker001] T-0113 no dispatch rule — reopened.
  push failed (non-fatal): Command '['git', 'push', 'origin', 'main']' returned non-zero exit status 1.
[Worker001] T-0113 no dispatch rule — reopened.
  push failed (non-fatal): Command '['git', 'push', 'origin', 'main']' returned non-zero exit status 1.
[Worker001] T-0117 no dispatch rule — reopened.
=== 2026-04-10T04:54:42Z start Worker001 ===
[Worker001] checking for pending tasks…
[Worker001] claimed T-0113: Donaldson — 1_chronicles_1: add commentary JSON
[Worker001] models: backend=dispatch (local pipeline scripts only; no Claude CLI) ollama=gemma4:e2b (christ gen + task_followup unless --no-followup)
Reopened T-0113.
  pushed to origin
[Worker001] T-0113 no dispatch rule — reopened.
=== 2026-04-10T04:55:00Z start Worker001 ===
[Worker001] checking for pending tasks…
[Worker001] claimed T-0113: Donaldson — 1_chronicles_1: add commentary JSON
[Worker001] models: backend=dispatch (local pipeline scripts only; no Claude CLI) ollama=gemma4:e2b (christ gen + task_followup unless --no-followup)
=== 2026-04-10T04:55:05Z start Worker001 ===
[Worker001] checking for pending tasks…
[Worker001] claimed T-0113: Donaldson — 1_chronicles_1: add commentary JSON
[Worker001] models: backend=dispatch (local pipeline scripts only; no Claude CLI) ollama=gemma4:e2b (christ gen + task_followup unless --no-followup)
Reopened T-0113.
Reopened T-0113.
  [ledger] pushed to origin
=== 2026-04-10T04:55:07Z start Worker001 ===
[Worker001] checking for pending tasks…
  push failed (non-fatal): Command '['git', 'push', 'origin', 'main']' returned non-zero exit status 1.
[Worker001] T-0113 no dispatch rule — reopened.
  push failed (non-fatal): Command '['git', 'push', 'origin', 'main']' returned non-zero exit status 1.
[Worker001] T-0113 no dispatch rule — reopened.
[Worker001] claimed T-0113: Donaldson — 1_chronicles_1: add commentary JSON
[Worker001] models: backend=dispatch (local pipeline scripts only; no Claude CLI) ollama=gemma4:e2b (christ gen + task_followup unless --no-followup)
=== 2026-04-10T04:55:10Z start Worker001 ===
[Worker001] checking for pending tasks…
[Worker001] claimed T-0113: Donaldson — 1_chronicles_1: add commentary JSON
[Worker001] models: backend=dispatch (local pipeline scripts only; no Claude CLI) ollama=gemma4:e2b (christ gen + task_followup unless --no-followup)
Reopened T-0113.
Reopened T-0113.
  push failed (non-fatal): Command '['git', 'push', 'origin', 'main']' returned non-zero exit status 1.
[Worker001] T-0113 no dispatch rule — reopened.
  pushed to origin
[Worker001] T-0113 no dispatch rule — reopened.
=== 2026-04-10T04:55:30Z start Worker001 ===
[Worker001] checking for pending tasks…
[Worker001] claimed T-0113: Donaldson — 1_chronicles_1: add commentary JSON
[Worker001] models: backend=dispatch (local pipeline scripts only; no Claude CLI) ollama=gemma4:e2b (christ gen + task_followup unless --no-followup)
Reopened T-0113.
  push failed (non-fatal): Command '['git', 'push', 'origin', 'main']' returned non-zero exit status 1.
[Worker001] T-0113 no dispatch rule — reopened.
=== 2026-04-10T04:55:35Z start Worker001 ===
[Worker001] checking for pending tasks…
[Worker001] claimed T-0113: Donaldson — 1_chronicles_1: add commentary JSON
[Worker001] models: backend=dispatch (local pipeline scripts only; no Claude CLI) ollama=gemma4:e2b (christ gen + task_followup unless --no-followup)
=== 2026-04-10T04:55:36Z start Worker001 ===
[Worker001] checking for pending tasks…
[Worker001] claimed T-0113: Donaldson — 1_chronicles_1: add commentary JSON
[Worker001] models: backend=dispatch (local pipeline scripts only; no Claude CLI) ollama=gemma4:e2b (christ gen + task_followup unless --no-followup)
Reopened T-0113.
  [ledger] pushed to origin
=== 2026-04-10T04:55:39Z start Worker001 ===
[Worker001] checking for pending tasks…
Reopened T-0113.
[Worker001] claimed T-0113: Donaldson — 1_chronicles_1: add commentary JSON
[Worker001] models: backend=dispatch (local pipeline scripts only; no Claude CLI) ollama=gemma4:e2b (christ gen + task_followup unless --no-followup)
Reopened T-0113.
  pushed to origin
[Worker001] T-0113 no dispatch rule — reopened.
  pushed to origin
[Worker001] T-0113 no dispatch rule — reopened.
  push failed (non-fatal): Command '['git', 'push', 'origin', 'main']' returned non-zero exit status 1.
[Worker001] T-0113 no dispatch rule — reopened.
=== 2026-04-10T04:56:00Z start Worker001 ===
[Worker001] checking for pending tasks…
=== 2026-04-10T04:56:02Z start Worker001 ===
[Worker001] checking for pending tasks…
[Worker001] claimed T-0113: Donaldson — 1_chronicles_1: add commentary JSON
[Worker001] models: backend=dispatch (local pipeline scripts only; no Claude CLI) ollama=gemma4:e2b (christ gen + task_followup unless --no-followup)
Reopened T-0113.
=== 2026-04-10T04:56:03Z start Worker001 ===
[Worker001] checking for pending tasks…
[Worker001] claimed T-0113: Donaldson — 1_chronicles_1: add commentary JSON
[Worker001] models: backend=dispatch (local pipeline scripts only; no Claude CLI) ollama=gemma4:e2b (christ gen + task_followup unless --no-followup)
Reopened T-0113.
[Worker001] claimed T-0113: Donaldson — 1_chronicles_1: add commentary JSON
[Worker001] models: backend=dispatch (local pipeline scripts only; no Claude CLI) ollama=gemma4:e2b (christ gen + task_followup unless --no-followup)
  push failed (non-fatal): Command '['git', 'push', 'origin', 'main']' returned non-zero exit status 1.
[Worker001] T-0113 no dispatch rule — reopened.
  push failed (non-fatal): Command '['git', 'push', 'origin', 'main']' returned non-zero exit status 1.
[Worker001] T-0113 no dispatch rule — reopened.
=== 2026-04-10T04:56:08Z start Worker001 ===
[Worker001] checking for pending tasks…
[Worker001] claimed T-0113: Donaldson — 1_chronicles_1: add commentary JSON
[Worker001] models: backend=dispatch (local pipeline scripts only; no Claude CLI) ollama=gemma4:e2b (christ gen + task_followup unless --no-followup)
Reopened T-0113.
Reopened T-0113.
  push failed (non-fatal): Command '['git', 'push', 'origin', 'main']' returned non-zero exit status 1.
[Worker001] T-0113 no dispatch rule — reopened.
  push failed (non-fatal): Command '['git', 'push', 'origin', 'main']' returned non-zero exit status 1.
[Worker001] T-0113 no dispatch rule — reopened.
=== 2026-04-10T04:56:27Z start Worker001 ===
[Worker001] checking for pending tasks…
[Worker001] claimed T-0113: Donaldson — 1_chronicles_1: add commentary JSON
[Worker001] models: backend=dispatch (local pipeline scripts only; no Claude CLI) ollama=gemma4:e2b (christ gen + task_followup unless --no-followup)
=== 2026-04-10T04:56:30Z start Worker001 ===
[Worker001] checking for pending tasks…
=== 2026-04-10T04:56:32Z start Worker001 ===
[Worker001] checking for pending tasks…
Reopened T-0113.
  [ledger] pushed to origin
[Worker001] claimed T-0113: Donaldson — 1_chronicles_1: add commentary JSON
[Worker001] models: backend=dispatch (local pipeline scripts only; no Claude CLI) ollama=gemma4:e2b (christ gen + task_followup unless --no-followup)
[Worker001] claimed T-0113: Donaldson — 1_chronicles_1: add commentary JSON
[Worker001] models: backend=dispatch (local pipeline scripts only; no Claude CLI) ollama=gemma4:e2b (christ gen + task_followup unless --no-followup)
  push failed (non-fatal): Command '['git', 'push', 'origin', 'main']' returned non-zero exit status 1.
[Worker001] T-0113 no dispatch rule — reopened.
=== 2026-04-10T04:56:36Z start Worker001 ===
[Worker001] checking for pending tasks…
[Worker001] claimed T-0113: Donaldson — 1_chronicles_1: add commentary JSON
[Worker001] models: backend=dispatch (local pipeline scripts only; no Claude CLI) ollama=gemma4:e2b (christ gen + task_followup unless --no-followup)
Reopened T-0113.
Reopened T-0113.
Reopened T-0113.
  [ledger] pushed to origin
  push failed (non-fatal): Command '['git', 'push', 'origin', 'main']' returned non-zero exit status 1.
[Worker001] T-0113 no dispatch rule — reopened.
  push failed (non-fatal): Command '['git', 'push', 'origin', 'main']' returned non-zero exit status 1.
[Worker001] T-0113 no dispatch rule — reopened.
  pushed to origin
[Worker001] T-0113 no dispatch rule — reopened.
=== 2026-04-10T04:56:57Z start Worker001 ===
[Worker001] checking for pending tasks…
[Worker001] claimed T-0113: Donaldson — 1_chronicles_1: add commentary JSON
[Worker001] models: backend=dispatch (local pipeline scripts only; no Claude CLI) ollama=gemma4:e2b (christ gen + task_followup unless --no-followup)
Reopened T-0113.
=== 2026-04-10T04:57:00Z start Worker001 ===
[Worker001] checking for pending tasks…
[Worker001] claimed T-0113: Donaldson — 1_chronicles_1: add commentary JSON
[Worker001] models: backend=dispatch (local pipeline scripts only; no Claude CLI) ollama=gemma4:e2b (christ gen + task_followup unless --no-followup)
Reopened T-0113.
  push failed (non-fatal): Command '['git', 'push', 'origin', 'main']' returned non-zero exit status 1.
[Worker001] T-0113 no dispatch rule — reopened.
=== 2026-04-10T04:57:01Z start Worker001 ===
[Worker001] checking for pending tasks…
[Worker001] claimed T-0113: Donaldson — 1_chronicles_1: add commentary JSON
[Worker001] models: backend=dispatch (local pipeline scripts only; no Claude CLI) ollama=gemma4:e2b (christ gen + task_followup unless --no-followup)
  push failed (non-fatal): Command '['git', 'push', 'origin', 'main']' returned non-zero exit status 1.
[Worker001] T-0113 no dispatch rule — reopened.
=== 2026-04-10T04:57:05Z start Worker001 ===
[Worker001] checking for pending tasks…
[Worker001] claimed T-0113: Donaldson — 1_chronicles_1: add commentary JSON
[Worker001] models: backend=dispatch (local pipeline scripts only; no Claude CLI) ollama=gemma4:e2b (christ gen + task_followup unless --no-followup)
Reopened T-0113.
Reopened T-0113.
  push failed (non-fatal): Command '['git', 'push', 'origin', 'main']' returned non-zero exit status 1.
[Worker001] T-0113 no dispatch rule — reopened.
  push failed (non-fatal): Command '['git', 'push', 'origin', 'main']' returned non-zero exit status 1.
[Worker001] T-0113 no dispatch rule — reopened.
=== 2026-04-10T04:57:27Z start Worker001 ===
[Worker001] checking for pending tasks…
[Worker001] claimed T-0113: Donaldson — 1_chronicles_1: add commentary JSON
[Worker001] models: backend=dispatch (local pipeline scripts only; no Claude CLI) ollama=gemma4:e2b (christ gen + task_followup unless --no-followup)
Reopened T-0113.
=== 2026-04-10T04:57:29Z start Worker001 ===
[Worker001] checking for pending tasks…
  push failed (non-fatal): Command '['git', 'push', 'origin', 'main']' returned non-zero exit status 1.
[Worker001] T-0113 no dispatch rule — reopened.
[Worker001] claimed T-0113: Donaldson — 1_chronicles_1: add commentary JSON
[Worker001] models: backend=dispatch (local pipeline scripts only; no Claude CLI) ollama=gemma4:e2b (christ gen + task_followup unless --no-followup)
Reopened T-0113.
=== 2026-04-10T04:57:31Z start Worker001 ===
[Worker001] checking for pending tasks…
[Worker001] claimed T-0113: Donaldson — 1_chronicles_1: add commentary JSON
[Worker001] models: backend=dispatch (local pipeline scripts only; no Claude CLI) ollama=gemma4:e2b (christ gen + task_followup unless --no-followup)
Reopened T-0113.
  push failed (non-fatal): Command '['git', 'push', 'origin', 'main']' returned non-zero exit status 1.
[Worker001] T-0113 no dispatch rule — reopened.
=== 2026-04-10T04:57:34Z start Worker001 ===
[Worker001] checking for pending tasks…
[Worker001] claimed T-0113: Donaldson — 1_chronicles_1: add commentary JSON
[Worker001] models: backend=dispatch (local pipeline scripts only; no Claude CLI) ollama=gemma4:e2b (christ gen + task_followup unless --no-followup)
  push failed (non-fatal): Command '['git', 'push', 'origin', 'main']' returned non-zero exit status 1.
[Worker001] T-0113 no dispatch rule — reopened.
Reopened T-0113.
  push failed (non-fatal): Command '['git', 'push', 'origin', 'main']' returned non-zero exit status 1.
[Worker001] T-0113 no dispatch rule — reopened.
=== 2026-04-10T04:57:56Z start Worker001 ===
[Worker001] checking for pending tasks…
[Worker001] claimed T-0113: Donaldson — 1_chronicles_1: add commentary JSON
[Worker001] models: backend=dispatch (local pipeline scripts only; no Claude CLI) ollama=gemma4:e2b (christ gen + task_followup unless --no-followup)
Reopened T-0113.
=== 2026-04-10T04:57:58Z start Worker001 ===
[Worker001] checking for pending tasks…
[Worker001] claimed T-0113: Donaldson — 1_chronicles_1: add commentary JSON
[Worker001] models: backend=dispatch (local pipeline scripts only; no Claude CLI) ollama=gemma4:e2b (christ gen + task_followup unless --no-followup)
  push failed (non-fatal): Command '['git', 'push', 'origin', 'main']' returned non-zero exit status 1.
[Worker001] T-0113 no dispatch rule — reopened.
=== 2026-04-10T04:57:59Z start Worker001 ===
[Worker001] checking for pending tasks…
Reopened T-0113.
=== 2026-04-10T04:58:02Z start Worker001 ===
[Worker001] checking for pending tasks…
[Worker001] claimed T-0113: Donaldson — 1_chronicles_1: add commentary JSON
[Worker001] models: backend=dispatch (local pipeline scripts only; no Claude CLI) ollama=gemma4:e2b (christ gen + task_followup unless --no-followup)
  pushed to origin
[Worker001] T-0113 no dispatch rule — reopened.
[Worker001] claimed T-0113: Donaldson — 1_chronicles_1: add commentary JSON
[Worker001] models: backend=dispatch (local pipeline scripts only; no Claude CLI) ollama=gemma4:e2b (christ gen + task_followup unless --no-followup)
Reopened T-0113.
  pushed to origin
[Worker001] T-0113 no dispatch rule — reopened.
Reopened T-0113.
  [ledger] pushed to origin
  pushed to origin
[Worker001] T-0113 no dispatch rule — reopened.
=== 2026-04-10T04:58:25Z start Worker001 ===
[Worker001] checking for pending tasks…
=== 2026-04-10T04:58:27Z start Worker001 ===
[Worker001] checking for pending tasks…
[Worker001] claimed T-0113: Donaldson — 1_chronicles_1: add commentary JSON
[Worker001] models: backend=dispatch (local pipeline scripts only; no Claude CLI) ollama=gemma4:e2b (christ gen + task_followup unless --no-followup)
Reopened T-0113.
=== 2026-04-10T04:58:28Z start Worker001 ===
[Worker001] checking for pending tasks…
[Worker001] claimed T-0113: Donaldson — 1_chronicles_1: add commentary JSON
[Worker001] models: backend=dispatch (local pipeline scripts only; no Claude CLI) ollama=gemma4:e2b (christ gen + task_followup unless --no-followup)
Reopened T-0113.
=== 2026-04-10T04:58:31Z start Worker001 ===
[Worker001] claimed T-0113: Donaldson — 1_chronicles_1: add commentary JSON
[Worker001] models: backend=dispatch (local pipeline scripts only; no Claude CLI) ollama=gemma4:e2b (christ gen + task_followup unless --no-followup)
[Worker001] checking for pending tasks…
  push failed (non-fatal): Command '['git', 'push', 'origin', 'main']' returned non-zero exit status 1.
[Worker001] T-0113 no dispatch rule — reopened.
[Worker001] claimed T-0113: Donaldson — 1_chronicles_1: add commentary JSON
Reopened T-0113.
[Worker001] models: backend=dispatch (local pipeline scripts only; no Claude CLI) ollama=gemma4:e2b (christ gen + task_followup unless --no-followup)
Reopened T-0113.
  push failed (non-fatal): Command '['git', 'push', 'origin', 'main']' returned non-zero exit status 1.
[Worker001] T-0113 no dispatch rule — reopened.
  pushed to origin
[Worker001] T-0113 no dispatch rule — reopened.
  push failed (non-fatal): Command '['git', 'push', 'origin', 'main']' returned non-zero exit status 1.
[Worker001] T-0113 no dispatch rule — reopened.
=== 2026-04-10T04:58:52Z start Worker001 ===
[Worker001] checking for pending tasks…
[Worker001] claimed T-0113: Donaldson — 1_chronicles_1: add commentary JSON
[Worker001] models: backend=dispatch (local pipeline scripts only; no Claude CLI) ollama=gemma4:e2b (christ gen + task_followup unless --no-followup)
Reopened T-0113.
=== 2026-04-10T04:58:54Z start Worker001 ===
[Worker001] checking for pending tasks…
  push failed (non-fatal): Command '['git', 'push', 'origin', 'main']' returned non-zero exit status 1.
[Worker001] T-0113 no dispatch rule — reopened.
[Worker001] claimed T-0113: Donaldson — 1_chronicles_1: add commentary JSON
[Worker001] models: backend=dispatch (local pipeline scripts only; no Claude CLI) ollama=gemma4:e2b (christ gen + task_followup unless --no-followup)
=== 2026-04-10T04:58:58Z start Worker001 ===
[Worker001] checking for pending tasks…
[Worker001] claimed T-0113: Donaldson — 1_chronicles_1: add commentary JSON
[Worker001] models: backend=dispatch (local pipeline scripts only; no Claude CLI) ollama=gemma4:e2b (christ gen + task_followup unless --no-followup)
=== 2026-04-10T04:59:00Z start Worker001 ===
[Worker001] checking for pending tasks…
[Worker001] claimed T-0113: Donaldson — 1_chronicles_1: add commentary JSON
[Worker001] models: backend=dispatch (local pipeline scripts only; no Claude CLI) ollama=gemma4:e2b (christ gen + task_followup unless --no-followup)
Reopened T-0113.
Reopened T-0113.
Reopened T-0113.
  [ledger] pushed to origin
  pushed to origin
[Worker001] T-0113 no dispatch rule — reopened.
  push failed (non-fatal): Command '['git', 'push', 'origin', 'main']' returned non-zero exit status 1.
[Worker001] T-0113 no dispatch rule — reopened.
  push failed (non-fatal): Command '['git', 'push', 'origin', 'main']' returned non-zero exit status 1.
[Worker001] T-0113 no dispatch rule — reopened.
=== 2026-04-10T04:59:23Z start Worker001 ===
[Worker001] checking for pending tasks…
[Worker001] claimed T-0113: Donaldson — 1_chronicles_1: add commentary JSON
[Worker001] models: backend=dispatch (local pipeline scripts only; no Claude CLI) ollama=gemma4:e2b (christ gen + task_followup unless --no-followup)
Reopened T-0113.
=== 2026-04-10T04:59:25Z start Worker001 ===
[Worker001] checking for pending tasks…
[Worker001] claimed T-0113: Donaldson — 1_chronicles_1: add commentary JSON
[Worker001] models: backend=dispatch (local pipeline scripts only; no Claude CLI) ollama=gemma4:e2b (christ gen + task_followup unless --no-followup)
  push failed (non-fatal): Command '['git', 'push', 'origin', 'main']' returned non-zero exit status 1.
[Worker001] T-0113 no dispatch rule — reopened.
=== 2026-04-10T04:59:28Z start Worker001 ===
[Worker001] checking for pending tasks…
[Worker001] claimed T-0113: Donaldson — 1_chronicles_1: add commentary JSON
[Worker001] models: backend=dispatch (local pipeline scripts only; no Claude CLI) ollama=gemma4:e2b (christ gen + task_followup unless --no-followup)
Reopened T-0113.
  [ledger] pushed to origin
=== 2026-04-10T04:59:29Z start Worker001 ===
[Worker001] checking for pending tasks…
[Worker001] claimed T-0113: Donaldson — 1_chronicles_1: add commentary JSON
[Worker001] models: backend=dispatch (local pipeline scripts only; no Claude CLI) ollama=gemma4:e2b (christ gen + task_followup unless --no-followup)
  push failed (non-fatal): Command '['git', 'push', 'origin', 'main']' returned non-zero exit status 1.
[Worker001] T-0113 no dispatch rule — reopened.
Reopened T-0113.
Reopened T-0113.
  [ledger] pushed to origin
  push failed (non-fatal): Command '['git', 'push', 'origin', 'main']' returned non-zero exit status 1.
[Worker001] T-0113 no dispatch rule — reopened.
  pushed to origin
[Worker001] T-0113 no dispatch rule — reopened.
=== 2026-04-10T04:59:53Z start Worker001 ===
[Worker001] checking for pending tasks…
=== 2026-04-10T04:59:53Z start Worker001 ===
[Worker001] checking for pending tasks…
[Worker001] claimed T-0113: Donaldson — 1_chronicles_1: add commentary JSON
[Worker001] models: backend=dispatch (local pipeline scripts only; no Claude CLI) ollama=gemma4:e2b (christ gen + task_followup unless --no-followup)
Reopened T-0113.
[Worker001] claimed T-0113: Donaldson — 1_chronicles_1: add commentary JSON
[Worker001] models: backend=dispatch (local pipeline scripts only; no Claude CLI) ollama=gemma4:e2b (christ gen + task_followup unless --no-followup)
Reopened T-0113.
  push failed (non-fatal): Command '['git', 'push', 'origin', 'main']' returned non-zero exit status 1.
[Worker001] T-0113 no dispatch rule — reopened.
=== 2026-04-10T04:59:57Z start Worker001 ===
[Worker001] checking for pending tasks…
  push failed (non-fatal): Command '['git', 'push', 'origin', 'main']' returned non-zero exit status 1.
[Worker001] T-0113 no dispatch rule — reopened.
[Worker001] claimed T-0113: Donaldson — 1_chronicles_1: add commentary JSON
[Worker001] models: backend=dispatch (local pipeline scripts only; no Claude CLI) ollama=gemma4:e2b (christ gen + task_followup unless --no-followup)
Reopened T-0113.
=== 2026-04-10T04:59:58Z start Worker001 ===
[Worker001] checking for pending tasks…
  push failed (non-fatal): Command '['git', 'push', 'origin', 'main']' returned non-zero exit status 1.
[Worker001] T-0113 no dispatch rule — reopened.
[Worker001] claimed T-0113: Donaldson — 1_chronicles_1: add commentary JSON
[Worker001] models: backend=dispatch (local pipeline scripts only; no Claude CLI) ollama=gemma4:e2b (christ gen + task_followup unless --no-followup)
Reopened T-0113.
  [ledger] pushed to origin
  pushed to origin
[Worker001] T-0113 no dispatch rule — reopened.
=== 2026-04-10T05:00:18Z start Worker001 ===
[Worker001] checking for pending tasks…
[Worker001] claimed T-0113: Donaldson — 1_chronicles_1: add commentary JSON
[Worker001] models: backend=dispatch (local pipeline scripts only; no Claude CLI) ollama=gemma4:e2b (christ gen + task_followup unless --no-followup)
=== 2026-04-10T05:00:22Z start Worker001 ===
[Worker001] checking for pending tasks…
[Worker001] claimed T-0113: Donaldson — 1_chronicles_1: add commentary JSON
[Worker001] models: backend=dispatch (local pipeline scripts only; no Claude CLI) ollama=gemma4:e2b (christ gen + task_followup unless --no-followup)
Reopened T-0113.
=== 2026-04-10T05:00:23Z start Worker001 ===
[Worker001] checking for pending tasks…
[Worker001] claimed T-0113: Donaldson — 1_chronicles_1: add commentary JSON
[Worker001] models: backend=dispatch (local pipeline scripts only; no Claude CLI) ollama=gemma4:e2b (christ gen + task_followup unless --no-followup)
Reopened T-0113.
Reopened T-0113.
  [ledger] pushed to origin
  push failed (non-fatal): Command '['git', 'push', 'origin', 'main']' returned non-zero exit status 1.
[Worker001] T-0113 no dispatch rule — reopened.
  push failed (non-fatal): Command '['git', 'push', 'origin', 'main']' returned non-zero exit status 1.
[Worker001] T-0113 no dispatch rule — reopened.
=== 2026-04-10T05:00:27Z start Worker001 ===
[Worker001] checking for pending tasks…
  push failed (non-fatal): Command '['git', 'push', 'origin', 'main']' returned non-zero exit status 1.
[Worker001] T-0113 no dispatch rule — reopened.
[Worker001] claimed T-0113: Donaldson — 1_chronicles_1: add commentary JSON
[Worker001] models: backend=dispatch (local pipeline scripts only; no Claude CLI) ollama=gemma4:e2b (christ gen + task_followup unless --no-followup)
Reopened T-0113.
  push failed (non-fatal): Command '['git', 'push', 'origin', 'main']' returned non-zero exit status 1.
[Worker001] T-0113 no dispatch rule — reopened.
=== 2026-04-10T05:00:49Z start Worker001 ===
[Worker001] checking for pending tasks…
[Worker001] claimed T-0113: Donaldson — 1_chronicles_1: add commentary JSON
[Worker001] models: backend=dispatch (local pipeline scripts only; no Claude CLI) ollama=gemma4:e2b (christ gen + task_followup unless --no-followup)
Reopened T-0113.
  push failed (non-fatal): Command '['git', 'push', 'origin', 'main']' returned non-zero exit status 1.
[Worker001] T-0113 no dispatch rule — reopened.
=== 2026-04-10T05:00:52Z start Worker001 ===
[Worker001] checking for pending tasks…
[Worker001] claimed T-0113: Donaldson — 1_chronicles_1: add commentary JSON
[Worker001] models: backend=dispatch (local pipeline scripts only; no Claude CLI) ollama=gemma4:e2b (christ gen + task_followup unless --no-followup)
Reopened T-0113.
=== 2026-04-10T05:00:53Z start Worker001 ===
[Worker001] checking for pending tasks…
  push failed (non-fatal): Command '['git', 'push', 'origin', 'main']' returned non-zero exit status 1.
[Worker001] T-0113 no dispatch rule — reopened.
=== 2026-04-10T05:00:57Z start Worker001 ===
[Worker001] checking for pending tasks…
[Worker001] claimed T-0113: Donaldson — 1_chronicles_1: add commentary JSON
[Worker001] models: backend=dispatch (local pipeline scripts only; no Claude CLI) ollama=gemma4:e2b (christ gen + task_followup unless --no-followup)
[Worker001] claimed T-0113: Donaldson — 1_chronicles_1: add commentary JSON
[Worker001] models: backend=dispatch (local pipeline scripts only; no Claude CLI) ollama=gemma4:e2b (christ gen + task_followup unless --no-followup)
Reopened T-0113.
  push failed (non-fatal): Command '['git', 'push', 'origin', 'main']' returned non-zero exit status 1.
[Worker001] T-0113 no dispatch rule — reopened.
Reopened T-0113.
  pushed to origin
[Worker001] T-0113 no dispatch rule — reopened.
=== 2026-04-10T05:01:18Z start Worker001 ===
[Worker001] checking for pending tasks…
[Worker001] claimed T-0113: Donaldson — 1_chronicles_1: add commentary JSON
[Worker001] models: backend=dispatch (local pipeline scripts only; no Claude CLI) ollama=gemma4:e2b (christ gen + task_followup unless --no-followup)
=== 2026-04-10T05:01:22Z start Worker001 ===
[Worker001] checking for pending tasks…
[Worker001] claimed T-0113: Donaldson — 1_chronicles_1: add commentary JSON
[Worker001] models: backend=dispatch (local pipeline scripts only; no Claude CLI) ollama=gemma4:e2b (christ gen + task_followup unless --no-followup)
Reopened T-0113.
=== 2026-04-10T05:01:24Z start Worker001 ===
[Worker001] checking for pending tasks…
[Worker001] claimed T-0113: Donaldson — 1_chronicles_1: add commentary JSON
[Worker001] models: backend=dispatch (local pipeline scripts only; no Claude CLI) ollama=gemma4:e2b (christ gen + task_followup unless --no-followup)
Reopened T-0113.
  [ledger] pushed to origin
  push failed (non-fatal): Command '['git', 'push', 'origin', 'main']' returned non-zero exit status 1.
[Worker001] T-0113 no dispatch rule — reopened.
Reopened T-0113.
=== 2026-04-10T05:01:26Z start Worker001 ===
[Worker001] checking for pending tasks…
  pushed to origin
[Worker001] T-0113 no dispatch rule — reopened.
[Worker001] claimed T-0113: Donaldson — 1_chronicles_1: add commentary JSON
[Worker001] models: backend=dispatch (local pipeline scripts only; no Claude CLI) ollama=gemma4:e2b (christ gen + task_followup unless --no-followup)
Reopened T-0113.
  push failed (non-fatal): Command '['git', 'push', 'origin', 'main']' returned non-zero exit status 1.
[Worker001] T-0113 no dispatch rule — reopened.
  push failed (non-fatal): Command '['git', 'push', 'origin', 'main']' returned non-zero exit status 1.
[Worker001] T-0113 no dispatch rule — reopened.
=== 2026-04-10T05:01:48Z start Worker001 ===
[Worker001] checking for pending tasks…
[Worker001] claimed T-0113: Donaldson — 1_chronicles_1: add commentary JSON
[Worker001] models: backend=dispatch (local pipeline scripts only; no Claude CLI) ollama=gemma4:e2b (christ gen + task_followup unless --no-followup)
Reopened T-0113.
=== 2026-04-10T05:01:52Z start Worker001 ===
  pushed to origin
[Worker001] T-0113 no dispatch rule — reopened.
[Worker001] checking for pending tasks…
[Worker001] claimed T-0113: Donaldson — 1_chronicles_1: add commentary JSON
[Worker001] models: backend=dispatch (local pipeline scripts only; no Claude CLI) ollama=gemma4:e2b (christ gen + task_followup unless --no-followup)
Reopened T-0113.
=== 2026-04-10T05:01:54Z start Worker001 ===
[Worker001] checking for pending tasks…
[Worker001] claimed T-0113: Donaldson — 1_chronicles_1: add commentary JSON
[Worker001] models: backend=dispatch (local pipeline scripts only; no Claude CLI) ollama=gemma4:e2b (christ gen + task_followup unless --no-followup)
Reopened T-0113.
=== 2026-04-10T05:01:55Z start Worker001 ===
[Worker001] checking for pending tasks…
  push failed (non-fatal): Command '['git', 'push', 'origin', 'main']' returned non-zero exit status 1.
[Worker001] T-0113 no dispatch rule — reopened.
[Worker001] claimed T-0113: Donaldson — 1_chronicles_1: add commentary JSON
[Worker001] models: backend=dispatch (local pipeline scripts only; no Claude CLI) ollama=gemma4:e2b (christ gen + task_followup unless --no-followup)
  push failed (non-fatal): Command '['git', 'push', 'origin', 'main']' returned non-zero exit status 1.
[Worker001] T-0113 no dispatch rule — reopened.
Reopened T-0113.
  [ledger] pushed to origin
  push failed (non-fatal): Command '['git', 'push', 'origin', 'main']' returned non-zero exit status 1.
[Worker001] T-0113 no dispatch rule — reopened.
=== 2026-04-10T05:02:17Z start Worker001 ===
[Worker001] checking for pending tasks…
[Worker001] claimed T-0113: Donaldson — 1_chronicles_1: add commentary JSON
[Worker001] models: backend=dispatch (local pipeline scripts only; no Claude CLI) ollama=gemma4:e2b (christ gen + task_followup unless --no-followup)
Reopened T-0113.
=== 2026-04-10T05:02:20Z start Worker001 ===
[Worker001] checking for pending tasks…
  push failed (non-fatal): Command '['git', 'push', 'origin', 'main']' returned non-zero exit status 1.
[Worker001] T-0113 no dispatch rule — reopened.
=== 2026-04-10T05:02:23Z start Worker001 ===
[Worker001] checking for pending tasks…
[Worker001] claimed T-0113: Donaldson — 1_chronicles_1: add commentary JSON
[Worker001] models: backend=dispatch (local pipeline scripts only; no Claude CLI) ollama=gemma4:e2b (christ gen + task_followup unless --no-followup)
[Worker001] claimed T-0113: Donaldson — 1_chronicles_1: add commentary JSON
[Worker001] models: backend=dispatch (local pipeline scripts only; no Claude CLI) ollama=gemma4:e2b (christ gen + task_followup unless --no-followup)
Reopened T-0113.
Reopened T-0113.
=== 2026-04-10T05:02:24Z start Worker001 ===
[Worker001] checking for pending tasks…
[Worker001] claimed T-0113: Donaldson — 1_chronicles_1: add commentary JSON
[Worker001] models: backend=dispatch (local pipeline scripts only; no Claude CLI) ollama=gemma4:e2b (christ gen + task_followup unless --no-followup)
Reopened T-0113.
  push failed (non-fatal): Command '['git', 'push', 'origin', 'main']' returned non-zero exit status 1.
[Worker001] T-0113 no dispatch rule — reopened.
  push failed (non-fatal): Command '['git', 'push', 'origin', 'main']' returned non-zero exit status 1.
[Worker001] T-0113 no dispatch rule — reopened.
  push failed (non-fatal): Command '['git', 'push', 'origin', 'main']' returned non-zero exit status 1.
[Worker001] T-0113 no dispatch rule — reopened.
=== 2026-04-10T05:02:44Z start Worker001 ===
[Worker001] checking for pending tasks…
[Worker001] claimed T-0113: Donaldson — 1_chronicles_1: add commentary JSON
[Worker001] models: backend=dispatch (local pipeline scripts only; no Claude CLI) ollama=gemma4:e2b (christ gen + task_followup unless --no-followup)
Reopened T-0113.
=== 2026-04-10T05:02:47Z start Worker001 ===
  push failed (non-fatal): Command '['git', 'push', 'origin', 'main']' returned non-zero exit status 1.
[Worker001] T-0113 no dispatch rule — reopened.
[Worker001] checking for pending tasks…
[Worker001] claimed T-0113: Donaldson — 1_chronicles_1: add commentary JSON
[Worker001] models: backend=dispatch (local pipeline scripts only; no Claude CLI) ollama=gemma4:e2b (christ gen + task_followup unless --no-followup)
Reopened T-0113.
  push failed (non-fatal): Command '['git', 'push', 'origin', 'main']' returned non-zero exit status 1.
[Worker001] T-0113 no dispatch rule — reopened.
=== 2026-04-10T05:02:53Z start Worker001 ===
[Worker001] checking for pending tasks…
=== 2026-04-10T05:02:53Z start Worker001 ===
[Worker001] checking for pending tasks…
[Worker001] claimed T-0117: Donaldson — 1_chronicles_10: add commentary JSON
[Worker001] models: backend=dispatch (local pipeline scripts only; no Claude CLI) ollama=gemma4:e2b (christ gen + task_followup unless --no-followup)
Reopened T-0117.
  push failed (non-fatal): Command '['git', 'push', 'origin', 'main']' returned non-zero exit status 1.
[Worker001] T-0117 no dispatch rule — reopened.
[Worker001] claimed T-0113: Donaldson — 1_chronicles_1: add commentary JSON
[Worker001] models: backend=dispatch (local pipeline scripts only; no Claude CLI) ollama=gemma4:e2b (christ gen + task_followup unless --no-followup)
Reopened T-0113.
  pushed to origin
[Worker001] T-0113 no dispatch rule — reopened.
=== 2026-04-10T05:03:12Z start Worker001 ===
[Worker001] checking for pending tasks…
[Worker001] claimed T-0113: Donaldson — 1_chronicles_1: add commentary JSON
[Worker001] models: backend=dispatch (local pipeline scripts only; no Claude CLI) ollama=gemma4:e2b (christ gen + task_followup unless --no-followup)
Reopened T-0113.
  push failed (non-fatal): Command '['git', 'push', 'origin', 'main']' returned non-zero exit status 1.
[Worker001] T-0113 no dispatch rule — reopened.
=== 2026-04-10T05:03:18Z start Worker001 ===
[Worker001] checking for pending tasks…
[Worker001] claimed T-0113: Donaldson — 1_chronicles_1: add commentary JSON
[Worker001] models: backend=dispatch (local pipeline scripts only; no Claude CLI) ollama=gemma4:e2b (christ gen + task_followup unless --no-followup)
Reopened T-0113.
  push failed (non-fatal): Command '['git', 'push', 'origin', 'main']' returned non-zero exit status 1.
[Worker001] T-0113 no dispatch rule — reopened.
=== 2026-04-10T05:03:22Z start Worker001 ===
[Worker001] checking for pending tasks…
[Worker001] claimed T-0113: Donaldson — 1_chronicles_1: add commentary JSON
[Worker001] models: backend=dispatch (local pipeline scripts only; no Claude CLI) ollama=gemma4:e2b (christ gen + task_followup unless --no-followup)
Reopened T-0113.
=== 2026-04-10T05:03:23Z start Worker001 ===
[Worker001] checking for pending tasks…
[Worker001] claimed T-0113: Donaldson — 1_chronicles_1: add commentary JSON
[Worker001] models: backend=dispatch (local pipeline scripts only; no Claude CLI) ollama=gemma4:e2b (christ gen + task_followup unless --no-followup)
Reopened T-0113.
  push failed (non-fatal): Command '['git', 'push', 'origin', 'main']' returned non-zero exit status 1.
[Worker001] T-0113 no dispatch rule — reopened.
  push failed (non-fatal): Command '['git', 'push', 'origin', 'main']' returned non-zero exit status 1.
[Worker001] T-0113 no dispatch rule — reopened.
=== 2026-04-10T05:03:41Z start Worker001 ===
[Worker001] checking for pending tasks…
[Worker001] claimed T-0113: Donaldson — 1_chronicles_1: add commentary JSON
[Worker001] models: backend=dispatch (local pipeline scripts only; no Claude CLI) ollama=gemma4:e2b (christ gen + task_followup unless --no-followup)
Reopened T-0113.
  push failed (non-fatal): Command '['git', 'push', 'origin', 'main']' returned non-zero exit status 1.
[Worker001] T-0113 no dispatch rule — reopened.
=== 2026-04-10T05:03:48Z start Worker001 ===
[Worker001] checking for pending tasks…
[Worker001] claimed T-0113: Donaldson — 1_chronicles_1: add commentary JSON
[Worker001] models: backend=dispatch (local pipeline scripts only; no Claude CLI) ollama=gemma4:e2b (christ gen + task_followup unless --no-followup)
Reopened T-0113.
=== 2026-04-10T05:03:51Z start Worker001 ===
[Worker001] checking for pending tasks…
  push failed (non-fatal): Command '['git', 'push', 'origin', 'main']' returned non-zero exit status 1.
[Worker001] T-0113 no dispatch rule — reopened.
[Worker001] claimed T-0113: Donaldson — 1_chronicles_1: add commentary JSON
[Worker001] models: backend=dispatch (local pipeline scripts only; no Claude CLI) ollama=gemma4:e2b (christ gen + task_followup unless --no-followup)
Reopened T-0113.
=== 2026-04-10T05:03:53Z start Worker001 ===
[Worker001] checking for pending tasks…
[Worker001] claimed T-0113: Donaldson — 1_chronicles_1: add commentary JSON
[Worker001] models: backend=dispatch (local pipeline scripts only; no Claude CLI) ollama=gemma4:e2b (christ gen + task_followup unless --no-followup)
Reopened T-0113.
  push failed (non-fatal): Command '['git', 'push', 'origin', 'main']' returned non-zero exit status 1.
[Worker001] T-0113 no dispatch rule — reopened.
  push failed (non-fatal): Command '['git', 'push', 'origin', 'main']' returned non-zero exit status 1.
[Worker001] T-0113 no dispatch rule — reopened.
=== 2026-04-10T05:04:09Z start Worker001 ===
[Worker001] checking for pending tasks…
[Worker001] claimed T-0113: Donaldson — 1_chronicles_1: add commentary JSON
[Worker001] models: backend=dispatch (local pipeline scripts only; no Claude CLI) ollama=gemma4:e2b (christ gen + task_followup unless --no-followup)
Reopened T-0113.
  push failed (non-fatal): Command '['git', 'push', 'origin', 'main']' returned non-zero exit status 1.
[Worker001] T-0113 no dispatch rule — reopened.
=== 2026-04-10T05:04:18Z start Worker001 ===
[Worker001] checking for pending tasks…
[Worker001] claimed T-0113: Donaldson — 1_chronicles_1: add commentary JSON
[Worker001] models: backend=dispatch (local pipeline scripts only; no Claude CLI) ollama=gemma4:e2b (christ gen + task_followup unless --no-followup)
Reopened T-0113.
=== 2026-04-10T05:04:21Z start Worker001 ===
  push failed (non-fatal): Command '['git', 'push', 'origin', 'main']' returned non-zero exit status 1.
[Worker001] T-0113 no dispatch rule — reopened.
[Worker001] checking for pending tasks…
[Worker001] claimed T-0113: Donaldson — 1_chronicles_1: add commentary JSON
[Worker001] models: backend=dispatch (local pipeline scripts only; no Claude CLI) ollama=gemma4:e2b (christ gen + task_followup unless --no-followup)
=== 2026-04-10T05:04:22Z start Worker001 ===
Reopened T-0113.
[Worker001] checking for pending tasks…
  push failed (non-fatal): Command '['git', 'push', 'origin', 'main']' returned non-zero exit status 1.
[Worker001] T-0113 no dispatch rule — reopened.
[Worker001] claimed T-0113: Donaldson — 1_chronicles_1: add commentary JSON
[Worker001] models: backend=dispatch (local pipeline scripts only; no Claude CLI) ollama=gemma4:e2b (christ gen + task_followup unless --no-followup)
Reopened T-0113.
  pushed to origin
[Worker001] T-0113 no dispatch rule — reopened.
=== 2026-04-10T05:04:38Z start Worker001 ===
[Worker001] checking for pending tasks…
[Worker001] claimed T-0113: Donaldson — 1_chronicles_1: add commentary JSON
[Worker001] models: backend=dispatch (local pipeline scripts only; no Claude CLI) ollama=gemma4:e2b (christ gen + task_followup unless --no-followup)
Reopened T-0113.
  [ledger] pushed to origin
  pushed to origin
[Worker001] T-0113 no dispatch rule — reopened.
=== 2026-04-10T05:04:46Z start Worker001 ===
[Worker001] checking for pending tasks…
[Worker001] claimed T-0113: Donaldson — 1_chronicles_1: add commentary JSON
[Worker001] models: backend=dispatch (local pipeline scripts only; no Claude CLI) ollama=gemma4:e2b (christ gen + task_followup unless --no-followup)
Reopened T-0113.
  push failed (non-fatal): Command '['git', 'push', 'origin', 'main']' returned non-zero exit status 1.
[Worker001] T-0113 no dispatch rule — reopened.
=== 2026-04-10T05:04:51Z start Worker001 ===
[Worker001] checking for pending tasks…
[Worker001] claimed T-0113: Donaldson — 1_chronicles_1: add commentary JSON
[Worker001] models: backend=dispatch (local pipeline scripts only; no Claude CLI) ollama=gemma4:e2b (christ gen + task_followup unless --no-followup)
Reopened T-0113.
=== 2026-04-10T05:04:52Z start Worker001 ===
[Worker001] checking for pending tasks…
[Worker001] claimed T-0113: Donaldson — 1_chronicles_1: add commentary JSON
[Worker001] models: backend=dispatch (local pipeline scripts only; no Claude CLI) ollama=gemma4:e2b (christ gen + task_followup unless --no-followup)
Reopened T-0113.
  push failed (non-fatal): Command '['git', 'push', 'origin', 'main']' returned non-zero exit status 1.
[Worker001] T-0113 no dispatch rule — reopened.
  push failed (non-fatal): Command '['git', 'push', 'origin', 'main']' returned non-zero exit status 1.
[Worker001] T-0113 no dispatch rule — reopened.
=== 2026-04-10T05:05:07Z start Worker001 ===
[Worker001] checking for pending tasks…
[Worker001] claimed T-0113: Donaldson — 1_chronicles_1: add commentary JSON
[Worker001] models: backend=dispatch (local pipeline scripts only; no Claude CLI) ollama=gemma4:e2b (christ gen + task_followup unless --no-followup)
Reopened T-0113.
  push failed (non-fatal): Command '['git', 'push', 'origin', 'main']' returned non-zero exit status 1.
[Worker001] T-0113 no dispatch rule — reopened.
=== 2026-04-10T05:05:16Z start Worker001 ===
[Worker001] checking for pending tasks…
[Worker001] claimed T-0113: Donaldson — 1_chronicles_1: add commentary JSON
[Worker001] models: backend=dispatch (local pipeline scripts only; no Claude CLI) ollama=gemma4:e2b (christ gen + task_followup unless --no-followup)
Reopened T-0113.
  push failed (non-fatal): Command '['git', 'push', 'origin', 'main']' returned non-zero exit status 1.
[Worker001] T-0113 no dispatch rule — reopened.
=== 2026-04-10T05:05:20Z start Worker001 ===
[Worker001] checking for pending tasks…
[Worker001] claimed T-0113: Donaldson — 1_chronicles_1: add commentary JSON
[Worker001] models: backend=dispatch (local pipeline scripts only; no Claude CLI) ollama=gemma4:e2b (christ gen + task_followup unless --no-followup)
=== 2026-04-10T05:05:21Z start Worker001 ===
[Worker001] checking for pending tasks…
Reopened T-0113.
[Worker001] claimed T-0113: Donaldson — 1_chronicles_1: add commentary JSON
[Worker001] models: backend=dispatch (local pipeline scripts only; no Claude CLI) ollama=gemma4:e2b (christ gen + task_followup unless --no-followup)
  push failed (non-fatal): Command '['git', 'push', 'origin', 'main']' returned non-zero exit status 1.
[Worker001] T-0113 no dispatch rule — reopened.
Reopened T-0113.
  [ledger] pushed to origin
  pushed to origin
[Worker001] T-0113 no dispatch rule — reopened.
=== 2026-04-10T05:05:36Z start Worker001 ===
[Worker001] checking for pending tasks…
[Worker001] claimed T-0113: Donaldson — 1_chronicles_1: add commentary JSON
[Worker001] models: backend=dispatch (local pipeline scripts only; no Claude CLI) ollama=gemma4:e2b (christ gen + task_followup unless --no-followup)
Reopened T-0113.
  pushed to origin
[Worker001] T-0113 no dispatch rule — reopened.
=== 2026-04-10T05:05:47Z start Worker001 ===
[Worker001] checking for pending tasks…
[Worker001] claimed T-0113: Donaldson — 1_chronicles_1: add commentary JSON
[Worker001] models: backend=dispatch (local pipeline scripts only; no Claude CLI) ollama=gemma4:e2b (christ gen + task_followup unless --no-followup)
Reopened T-0113.
  pushed to origin
[Worker001] T-0113 no dispatch rule — reopened.
=== 2026-04-10T05:05:50Z start Worker001 ===
[Worker001] checking for pending tasks…
[Worker001] claimed T-0113: Donaldson — 1_chronicles_1: add commentary JSON
[Worker001] models: backend=dispatch (local pipeline scripts only; no Claude CLI) ollama=gemma4:e2b (christ gen + task_followup unless --no-followup)
Reopened T-0113.
=== 2026-04-10T05:05:51Z start Worker001 ===
[Worker001] checking for pending tasks…
[Worker001] claimed T-0113: Donaldson — 1_chronicles_1: add commentary JSON
[Worker001] models: backend=dispatch (local pipeline scripts only; no Claude CLI) ollama=gemma4:e2b (christ gen + task_followup unless --no-followup)
  push failed (non-fatal): Command '['git', 'push', 'origin', 'main']' returned non-zero exit status 1.
[Worker001] T-0113 no dispatch rule — reopened.
Reopened T-0113.
  pushed to origin
[Worker001] T-0113 no dispatch rule — reopened.
=== 2026-04-10T05:06:05Z start Worker001 ===
[Worker001] checking for pending tasks…
[Worker001] claimed T-0113: Donaldson — 1_chronicles_1: add commentary JSON
[Worker001] models: backend=dispatch (local pipeline scripts only; no Claude CLI) ollama=gemma4:e2b (christ gen + task_followup unless --no-followup)
Reopened T-0113.
  pushed to origin
[Worker001] T-0113 no dispatch rule — reopened.
=== 2026-04-10T05:06:18Z start Worker001 ===
[Worker001] checking for pending tasks…
[Worker001] claimed T-0113: Donaldson — 1_chronicles_1: add commentary JSON
[Worker001] models: backend=dispatch (local pipeline scripts only; no Claude CLI) ollama=gemma4:e2b (christ gen + task_followup unless --no-followup)
Reopened T-0113.
=== 2026-04-10T05:06:19Z start Worker001 ===
[Worker001] checking for pending tasks…
[Worker001] claimed T-0113: Donaldson — 1_chronicles_1: add commentary JSON
[Worker001] models: backend=dispatch (local pipeline scripts only; no Claude CLI) ollama=gemma4:e2b (christ gen + task_followup unless --no-followup)
=== 2026-04-10T05:06:20Z start Worker001 ===
[Worker001] checking for pending tasks…
Reopened T-0113.
[Worker001] claimed T-0117: Donaldson — 1_chronicles_10: add commentary JSON
[Worker001] models: backend=dispatch (local pipeline scripts only; no Claude CLI) ollama=gemma4:e2b (christ gen + task_followup unless --no-followup)
  push failed (non-fatal): Command '['git', 'push', 'origin', 'main']' returned non-zero exit status 1.
[Worker001] T-0113 no dispatch rule — reopened.
  push failed (non-fatal): Command '['git', 'push', 'origin', 'main']' returned non-zero exit status 1.
[Worker001] T-0113 no dispatch rule — reopened.
Reopened T-0117.
  push failed (non-fatal): Command '['git', 'push', 'origin', 'main']' returned non-zero exit status 1.
[Worker001] T-0117 no dispatch rule — reopened.
=== 2026-04-10T05:06:35Z start Worker001 ===
[Worker001] checking for pending tasks…
[Worker001] claimed T-0113: Donaldson — 1_chronicles_1: add commentary JSON
[Worker001] models: backend=dispatch (local pipeline scripts only; no Claude CLI) ollama=gemma4:e2b (christ gen + task_followup unless --no-followup)
Reopened T-0113.
  push failed (non-fatal): Command '['git', 'push', 'origin', 'main']' returned non-zero exit status 1.
[Worker001] T-0113 no dispatch rule — reopened.
=== 2026-04-10T05:06:49Z start Worker001 ===
[Worker001] checking for pending tasks…
=== 2026-04-10T05:06:50Z start Worker001 ===
[Worker001] checking for pending tasks…
=== 2026-04-10T05:06:51Z start Worker001 ===
[Worker001] checking for pending tasks…
[Worker001] claimed T-0113: Donaldson — 1_chronicles_1: add commentary JSON
[Worker001] models: backend=dispatch (local pipeline scripts only; no Claude CLI) ollama=gemma4:e2b (christ gen + task_followup unless --no-followup)
[Worker001] claimed T-0113: Donaldson — 1_chronicles_1: add commentary JSON
[Worker001] models: backend=dispatch (local pipeline scripts only; no Claude CLI) ollama=gemma4:e2b (christ gen + task_followup unless --no-followup)
Reopened T-0113.
Reopened T-0113.
[Worker001] claimed T-0113: Donaldson — 1_chronicles_1: add commentary JSON
[Worker001] models: backend=dispatch (local pipeline scripts only; no Claude CLI) ollama=gemma4:e2b (christ gen + task_followup unless --no-followup)
  pushed to origin
[Worker001] T-0113 no dispatch rule — reopened.
  push failed (non-fatal): Command '['git', 'push', 'origin', 'main']' returned non-zero exit status 1.
[Worker001] T-0113 no dispatch rule — reopened.
Reopened T-0113.
  pushed to origin
[Worker001] T-0113 no dispatch rule — reopened.
=== 2026-04-10T05:07:05Z start Worker001 ===
[Worker001] checking for pending tasks…
[Worker001] claimed T-0113: Donaldson — 1_chronicles_1: add commentary JSON
[Worker001] models: backend=dispatch (local pipeline scripts only; no Claude CLI) ollama=gemma4:e2b (christ gen + task_followup unless --no-followup)
Reopened T-0113.
  pushed to origin
[Worker001] T-0113 no dispatch rule — reopened.
=== 2026-04-10T05:07:17Z start Worker001 ===
[Worker001] checking for pending tasks…
[Worker001] claimed T-0113: Donaldson — 1_chronicles_1: add commentary JSON
[Worker001] models: backend=dispatch (local pipeline scripts only; no Claude CLI) ollama=gemma4:e2b (christ gen + task_followup unless --no-followup)
Reopened T-0113.
=== 2026-04-10T05:07:19Z start Worker001 ===
[Worker001] checking for pending tasks…
=== 2026-04-10T05:07:20Z start Worker001 ===
[Worker001] claimed T-0113: Donaldson — 1_chronicles_1: add commentary JSON
[Worker001] models: backend=dispatch (local pipeline scripts only; no Claude CLI) ollama=gemma4:e2b (christ gen + task_followup unless --no-followup)
[Worker001] checking for pending tasks…
  pushed to origin
[Worker001] T-0113 no dispatch rule — reopened.
Reopened T-0113.
[Worker001] claimed T-0117: Donaldson — 1_chronicles_10: add commentary JSON
[Worker001] models: backend=dispatch (local pipeline scripts only; no Claude CLI) ollama=gemma4:e2b (christ gen + task_followup unless --no-followup)
Reopened T-0117.
  push failed (non-fatal): Command '['git', 'push', 'origin', 'main']' returned non-zero exit status 1.
[Worker001] T-0113 no dispatch rule — reopened.
  push failed (non-fatal): Command '['git', 'push', 'origin', 'main']' returned non-zero exit status 1.
[Worker001] T-0117 no dispatch rule — reopened.
=== 2026-04-10T05:07:34Z start Worker001 ===
[Worker001] checking for pending tasks…
[Worker001] claimed T-0113: Donaldson — 1_chronicles_1: add commentary JSON
[Worker001] models: backend=dispatch (local pipeline scripts only; no Claude CLI) ollama=gemma4:e2b (christ gen + task_followup unless --no-followup)
Reopened T-0113.
  [ledger] pushed to origin
  pushed to origin
[Worker001] T-0113 no dispatch rule — reopened.
=== 2026-04-10T05:07:46Z start Worker001 ===
[Worker001] checking for pending tasks…
=== 2026-04-10T05:07:49Z start Worker001 ===
[Worker001] checking for pending tasks…
[Worker001] claimed T-0113: Donaldson — 1_chronicles_1: add commentary JSON
[Worker001] models: backend=dispatch (local pipeline scripts only; no Claude CLI) ollama=gemma4:e2b (christ gen + task_followup unless --no-followup)
[Worker001] claimed T-0113: Donaldson — 1_chronicles_1: add commentary JSON
[Worker001] models: backend=dispatch (local pipeline scripts only; no Claude CLI) ollama=gemma4:e2b (christ gen + task_followup unless --no-followup)
Reopened T-0113.
=== 2026-04-10T05:07:50Z start Worker001 ===
[Worker001] checking for pending tasks…
[Worker001] claimed T-0113: Donaldson — 1_chronicles_1: add commentary JSON
[Worker001] models: backend=dispatch (local pipeline scripts only; no Claude CLI) ollama=gemma4:e2b (christ gen + task_followup unless --no-followup)
Reopened T-0113.
  push failed (non-fatal): Command '['git', 'push', 'origin', 'main']' returned non-zero exit status 1.
[Worker001] T-0113 no dispatch rule — reopened.
Reopened T-0113.
  push failed (non-fatal): Command '['git', 'push', 'origin', 'main']' returned non-zero exit status 1.
[Worker001] T-0113 no dispatch rule — reopened.
  push failed (non-fatal): Command '['git', 'push', 'origin', 'main']' returned non-zero exit status 1.
[Worker001] T-0113 no dispatch rule — reopened.
=== 2026-04-10T05:08:04Z start Worker001 ===
[Worker001] checking for pending tasks…
[Worker001] claimed T-0113: Donaldson — 1_chronicles_1: add commentary JSON
[Worker001] models: backend=dispatch (local pipeline scripts only; no Claude CLI) ollama=gemma4:e2b (christ gen + task_followup unless --no-followup)
Reopened T-0113.
  [ledger] pushed to origin
  pushed to origin
[Worker001] T-0113 no dispatch rule — reopened.
=== 2026-04-10T05:08:14Z start Worker001 ===
[Worker001] checking for pending tasks…
[Worker001] claimed T-0113: Donaldson — 1_chronicles_1: add commentary JSON
[Worker001] models: backend=dispatch (local pipeline scripts only; no Claude CLI) ollama=gemma4:e2b (christ gen + task_followup unless --no-followup)
Reopened T-0113.
  [ledger] pushed to origin
=== 2026-04-10T05:08:20Z start Worker001 ===
[Worker001] checking for pending tasks…
=== 2026-04-10T05:08:20Z start Worker001 ===
[Worker001] checking for pending tasks…
[Worker001] claimed T-0113: Donaldson — 1_chronicles_1: add commentary JSON
[Worker001] models: backend=dispatch (local pipeline scripts only; no Claude CLI) ollama=gemma4:e2b (christ gen + task_followup unless --no-followup)
[Worker001] claimed T-0117: Donaldson — 1_chronicles_10: add commentary JSON
[Worker001] models: backend=dispatch (local pipeline scripts only; no Claude CLI) ollama=gemma4:e2b (christ gen + task_followup unless --no-followup)
Reopened T-0117.
Reopened T-0113.
  pushed to origin
[Worker001] T-0113 no dispatch rule — reopened.
  push failed (non-fatal): Command '['git', 'push', 'origin', 'main']' returned non-zero exit status 1.
[Worker001] T-0117 no dispatch rule — reopened.
  push failed (non-fatal): Command '['git', 'push', 'origin', 'main']' returned non-zero exit status 1.
[Worker001] T-0113 no dispatch rule — reopened.
=== 2026-04-10T05:08:34Z start Worker001 ===
[Worker001] checking for pending tasks…
[Worker001] claimed T-0113: Donaldson — 1_chronicles_1: add commentary JSON
[Worker001] models: backend=dispatch (local pipeline scripts only; no Claude CLI) ollama=gemma4:e2b (christ gen + task_followup unless --no-followup)
Reopened T-0113.
  push failed (non-fatal): Command '['git', 'push', 'origin', 'main']' returned non-zero exit status 1.
[Worker001] T-0113 no dispatch rule — reopened.
=== 2026-04-10T05:08:43Z start Worker001 ===
[Worker001] checking for pending tasks…
[Worker001] claimed T-0113: Donaldson — 1_chronicles_1: add commentary JSON
[Worker001] models: backend=dispatch (local pipeline scripts only; no Claude CLI) ollama=gemma4:e2b (christ gen + task_followup unless --no-followup)
=== 2026-04-10T05:08:48Z start Worker001 ===
[Worker001] checking for pending tasks…
[Worker001] claimed T-0113: Donaldson — 1_chronicles_1: add commentary JSON
[Worker001] models: backend=dispatch (local pipeline scripts only; no Claude CLI) ollama=gemma4:e2b (christ gen + task_followup unless --no-followup)
Reopened T-0113.
Reopened T-0113.
  [ledger] pushed to origin
=== 2026-04-10T05:08:50Z start Worker001 ===
[Worker001] checking for pending tasks…
  push failed (non-fatal): Command '['git', 'push', 'origin', 'main']' returned non-zero exit status 1.
[Worker001] T-0113 no dispatch rule — reopened.
  push failed (non-fatal): Command '['git', 'push', 'origin', 'main']' returned non-zero exit status 1.
[Worker001] T-0113 no dispatch rule — reopened.
[Worker001] claimed T-0113: Donaldson — 1_chronicles_1: add commentary JSON
[Worker001] models: backend=dispatch (local pipeline scripts only; no Claude CLI) ollama=gemma4:e2b (christ gen + task_followup unless --no-followup)
Reopened T-0113.
  pushed to origin
[Worker001] T-0113 no dispatch rule — reopened.
=== 2026-04-10T05:09:03Z start Worker001 ===
[Worker001] checking for pending tasks…
[Worker001] claimed T-0113: Donaldson — 1_chronicles_1: add commentary JSON
[Worker001] models: backend=dispatch (local pipeline scripts only; no Claude CLI) ollama=gemma4:e2b (christ gen + task_followup unless --no-followup)
Reopened T-0113.
  pushed to origin
[Worker001] T-0113 no dispatch rule — reopened.
=== 2026-04-10T05:09:13Z start Worker001 ===
[Worker001] checking for pending tasks…
[Worker001] claimed T-0113: Donaldson — 1_chronicles_1: add commentary JSON
[Worker001] models: backend=dispatch (local pipeline scripts only; no Claude CLI) ollama=gemma4:e2b (christ gen + task_followup unless --no-followup)
Reopened T-0113.
=== 2026-04-10T05:09:17Z start Worker001 ===
[Worker001] checking for pending tasks…
  pushed to origin
[Worker001] T-0113 no dispatch rule — reopened.
=== 2026-04-10T05:09:19Z start Worker001 ===
[Worker001] checking for pending tasks…
[Worker001] claimed T-0113: Donaldson — 1_chronicles_1: add commentary JSON
[Worker001] models: backend=dispatch (local pipeline scripts only; no Claude CLI) ollama=gemma4:e2b (christ gen + task_followup unless --no-followup)
[Worker001] claimed T-0113: Donaldson — 1_chronicles_1: add commentary JSON
[Worker001] models: backend=dispatch (local pipeline scripts only; no Claude CLI) ollama=gemma4:e2b (christ gen + task_followup unless --no-followup)
Reopened T-0113.
  pushed to origin
[Worker001] T-0113 no dispatch rule — reopened.
Reopened T-0113.
  push failed (non-fatal): Command '['git', 'push', 'origin', 'main']' returned non-zero exit status 1.
[Worker001] T-0113 no dispatch rule — reopened.
=== 2026-04-10T05:09:32Z start Worker001 ===
[Worker001] checking for pending tasks…
[Worker001] claimed T-0113: Donaldson — 1_chronicles_1: add commentary JSON
[Worker001] models: backend=dispatch (local pipeline scripts only; no Claude CLI) ollama=gemma4:e2b (christ gen + task_followup unless --no-followup)
Reopened T-0113.
  [ledger] pushed to origin
  pushed to origin
[Worker001] T-0113 no dispatch rule — reopened.
=== 2026-04-10T05:09:44Z start Worker001 ===
[Worker001] checking for pending tasks…
[Worker001] claimed T-0113: Donaldson — 1_chronicles_1: add commentary JSON
[Worker001] models: backend=dispatch (local pipeline scripts only; no Claude CLI) ollama=gemma4:e2b (christ gen + task_followup unless --no-followup)
Reopened T-0113.
  push failed (non-fatal): Command '['git', 'push', 'origin', 'main']' returned non-zero exit status 1.
[Worker001] T-0113 no dispatch rule — reopened.
=== 2026-04-10T05:09:47Z start Worker001 ===
[Worker001] checking for pending tasks…
[Worker001] claimed T-0113: Donaldson — 1_chronicles_1: add commentary JSON
[Worker001] models: backend=dispatch (local pipeline scripts only; no Claude CLI) ollama=gemma4:e2b (christ gen + task_followup unless --no-followup)
=== 2026-04-10T05:09:48Z start Worker001 ===
[Worker001] checking for pending tasks…
Reopened T-0113.
[Worker001] claimed T-0113: Donaldson — 1_chronicles_1: add commentary JSON
[Worker001] models: backend=dispatch (local pipeline scripts only; no Claude CLI) ollama=gemma4:e2b (christ gen + task_followup unless --no-followup)
  push failed (non-fatal): Command '['git', 'push', 'origin', 'main']' returned non-zero exit status 1.
[Worker001] T-0113 no dispatch rule — reopened.
Reopened T-0113.
  [ledger] pushed to origin
  pushed to origin
[Worker001] T-0113 no dispatch rule — reopened.
=== 2026-04-10T05:10:01Z start Worker001 ===
[Worker001] checking for pending tasks…
[Worker001] claimed T-0113: Donaldson — 1_chronicles_1: add commentary JSON
[Worker001] models: backend=dispatch (local pipeline scripts only; no Claude CLI) ollama=gemma4:e2b (christ gen + task_followup unless --no-followup)
Reopened T-0113.
  push failed (non-fatal): Command '['git', 'push', 'origin', 'main']' returned non-zero exit status 1.
[Worker001] T-0113 no dispatch rule — reopened.
=== 2026-04-10T05:10:13Z start Worker001 ===
[Worker001] checking for pending tasks…
[Worker001] claimed T-0113: Donaldson — 1_chronicles_1: add commentary JSON
[Worker001] models: backend=dispatch (local pipeline scripts only; no Claude CLI) ollama=gemma4:e2b (christ gen + task_followup unless --no-followup)
Reopened T-0113.
=== 2026-04-10T05:10:17Z start Worker001 ===
[Worker001] checking for pending tasks…
  push failed (non-fatal): Command '['git', 'push', 'origin', 'main']' returned non-zero exit status 1.
[Worker001] T-0113 no dispatch rule — reopened.
[Worker001] claimed T-0113: Donaldson — 1_chronicles_1: add commentary JSON
[Worker001] models: backend=dispatch (local pipeline scripts only; no Claude CLI) ollama=gemma4:e2b (christ gen + task_followup unless --no-followup)
Reopened T-0113.
=== 2026-04-10T05:10:17Z start Worker001 ===
[Worker001] checking for pending tasks…
  push failed (non-fatal): Command '['git', 'push', 'origin', 'main']' returned non-zero exit status 1.
[Worker001] T-0113 no dispatch rule — reopened.
[Worker001] claimed T-0113: Donaldson — 1_chronicles_1: add commentary JSON
[Worker001] models: backend=dispatch (local pipeline scripts only; no Claude CLI) ollama=gemma4:e2b (christ gen + task_followup unless --no-followup)
Reopened T-0113.
  pushed to origin
[Worker001] T-0113 no dispatch rule — reopened.
=== 2026-04-10T05:10:30Z start Worker001 ===
[Worker001] checking for pending tasks…
[Worker001] claimed T-0113: Donaldson — 1_chronicles_1: add commentary JSON
[Worker001] models: backend=dispatch (local pipeline scripts only; no Claude CLI) ollama=gemma4:e2b (christ gen + task_followup unless --no-followup)
Reopened T-0113.
  [ledger] pushed to origin
  pushed to origin
[Worker001] T-0113 no dispatch rule — reopened.
=== 2026-04-10T05:10:42Z start Worker001 ===
[Worker001] checking for pending tasks…
[Worker001] claimed T-0113: Donaldson — 1_chronicles_1: add commentary JSON
[Worker001] models: backend=dispatch (local pipeline scripts only; no Claude CLI) ollama=gemma4:e2b (christ gen + task_followup unless --no-followup)
Reopened T-0113.
=== 2026-04-10T05:10:46Z start Worker001 ===
[Worker001] checking for pending tasks…
  pushed to origin
[Worker001] T-0113 no dispatch rule — reopened.
[Worker001] claimed T-0113: Donaldson — 1_chronicles_1: add commentary JSON
[Worker001] models: backend=dispatch (local pipeline scripts only; no Claude CLI) ollama=gemma4:e2b (christ gen + task_followup unless --no-followup)
Reopened T-0113.
=== 2026-04-10T05:10:47Z start Worker001 ===
[Worker001] checking for pending tasks…
[Worker001] claimed T-0113: Donaldson — 1_chronicles_1: add commentary JSON
[Worker001] models: backend=dispatch (local pipeline scripts only; no Claude CLI) ollama=gemma4:e2b (christ gen + task_followup unless --no-followup)
  push failed (non-fatal): Command '['git', 'push', 'origin', 'main']' returned non-zero exit status 1.
[Worker001] T-0113 no dispatch rule — reopened.
Reopened T-0113.
  [ledger] pushed to origin
  pushed to origin
[Worker001] T-0113 no dispatch rule — reopened.
=== 2026-04-10T05:10:59Z start Worker001 ===
[Worker001] checking for pending tasks…
[Worker001] claimed T-0113: Donaldson — 1_chronicles_1: add commentary JSON
[Worker001] models: backend=dispatch (local pipeline scripts only; no Claude CLI) ollama=gemma4:e2b (christ gen + task_followup unless --no-followup)
Reopened T-0113.
  push failed (non-fatal): Command '['git', 'push', 'origin', 'main']' returned non-zero exit status 1.
[Worker001] T-0113 no dispatch rule — reopened.
=== 2026-04-10T05:11:12Z start Worker001 ===
[Worker001] checking for pending tasks…
[Worker001] claimed T-0113: Donaldson — 1_chronicles_1: add commentary JSON
[Worker001] models: backend=dispatch (local pipeline scripts only; no Claude CLI) ollama=gemma4:e2b (christ gen + task_followup unless --no-followup)
Reopened T-0113.
=== 2026-04-10T05:11:13Z start Worker001 ===
[Worker001] checking for pending tasks…
[Worker001] claimed T-0113: Donaldson — 1_chronicles_1: add commentary JSON
[Worker001] models: backend=dispatch (local pipeline scripts only; no Claude CLI) ollama=gemma4:e2b (christ gen + task_followup unless --no-followup)
Reopened T-0113.
=== 2026-04-10T05:11:15Z start Worker001 ===
[Worker001] checking for pending tasks…
  push failed (non-fatal): Command '['git', 'push', 'origin', 'main']' returned non-zero exit status 1.
[Worker001] T-0113 no dispatch rule — reopened.
[Worker001] claimed T-0113: Donaldson — 1_chronicles_1: add commentary JSON
[Worker001] models: backend=dispatch (local pipeline scripts only; no Claude CLI) ollama=gemma4:e2b (christ gen + task_followup unless --no-followup)
Reopened T-0113.
  push failed (non-fatal): Command '['git', 'push', 'origin', 'main']' returned non-zero exit status 1.
[Worker001] T-0113 no dispatch rule — reopened.
  pushed to origin
[Worker001] T-0113 no dispatch rule — reopened.
=== 2026-04-10T05:11:27Z start Worker001 ===
[Worker001] checking for pending tasks…
[Worker001] claimed T-0113: Donaldson — 1_chronicles_1: add commentary JSON
[Worker001] models: backend=dispatch (local pipeline scripts only; no Claude CLI) ollama=gemma4:e2b (christ gen + task_followup unless --no-followup)
Reopened T-0113.
  [ledger] pushed to origin
  pushed to origin
[Worker001] T-0113 no dispatch rule — reopened.
=== 2026-04-10T05:11:40Z start Worker001 ===
[Worker001] checking for pending tasks…
[Worker001] claimed T-0113: Donaldson — 1_chronicles_1: add commentary JSON
[Worker001] models: backend=dispatch (local pipeline scripts only; no Claude CLI) ollama=gemma4:e2b (christ gen + task_followup unless --no-followup)
Reopened T-0113.
=== 2026-04-10T05:11:41Z start Worker001 ===
[Worker001] checking for pending tasks…
[Worker001] claimed T-0113: Donaldson — 1_chronicles_1: add commentary JSON
[Worker001] models: backend=dispatch (local pipeline scripts only; no Claude CLI) ollama=gemma4:e2b (christ gen + task_followup unless --no-followup)
  push failed (non-fatal): Command '['git', 'push', 'origin', 'main']' returned non-zero exit status 1.
[Worker001] T-0113 no dispatch rule — reopened.
=== 2026-04-10T05:11:43Z start Worker001 ===
[Worker001] checking for pending tasks…
[Worker001] claimed T-0113: Donaldson — 1_chronicles_1: add commentary JSON
[Worker001] models: backend=dispatch (local pipeline scripts only; no Claude CLI) ollama=gemma4:e2b (christ gen + task_followup unless --no-followup)
Reopened T-0113.
Reopened T-0113.
  push failed (non-fatal): Command '['git', 'push', 'origin', 'main']' returned non-zero exit status 1.
[Worker001] T-0113 no dispatch rule — reopened.
  push failed (non-fatal): Command '['git', 'push', 'origin', 'main']' returned non-zero exit status 1.
[Worker001] T-0113 no dispatch rule — reopened.
=== 2026-04-10T05:11:56Z start Worker001 ===
[Worker001] checking for pending tasks…
[Worker001] claimed T-0113: Donaldson — 1_chronicles_1: add commentary JSON
[Worker001] models: backend=dispatch (local pipeline scripts only; no Claude CLI) ollama=gemma4:e2b (christ gen + task_followup unless --no-followup)
Reopened T-0113.
  push failed (non-fatal): Command '['git', 'push', 'origin', 'main']' returned non-zero exit status 1.
[Worker001] T-0113 no dispatch rule — reopened.
=== 2026-04-10T05:12:06Z start Worker001 ===
[Worker001] checking for pending tasks…
[Worker001] claimed T-0113: Donaldson — 1_chronicles_1: add commentary JSON
[Worker001] models: backend=dispatch (local pipeline scripts only; no Claude CLI) ollama=gemma4:e2b (christ gen + task_followup unless --no-followup)
Reopened T-0113.
  pushed to origin
[Worker001] T-0113 no dispatch rule — reopened.
=== 2026-04-10T05:12:11Z start Worker001 ===
[Worker001] checking for pending tasks…
=== 2026-04-10T05:12:12Z start Worker001 ===
[Worker001] checking for pending tasks…
[Worker001] claimed T-0113: Donaldson — 1_chronicles_1: add commentary JSON
[Worker001] models: backend=dispatch (local pipeline scripts only; no Claude CLI) ollama=gemma4:e2b (christ gen + task_followup unless --no-followup)
Reopened T-0113.
[Worker001] claimed T-0113: Donaldson — 1_chronicles_1: add commentary JSON
[Worker001] models: backend=dispatch (local pipeline scripts only; no Claude CLI) ollama=gemma4:e2b (christ gen + task_followup unless --no-followup)
  push failed (non-fatal): Command '['git', 'push', 'origin', 'main']' returned non-zero exit status 1.
[Worker001] T-0113 no dispatch rule — reopened.
Reopened T-0113.
  [ledger] pushed to origin
  pushed to origin
[Worker001] T-0113 no dispatch rule — reopened.
=== 2026-04-10T05:12:24Z start Worker001 ===
[Worker001] checking for pending tasks…
[Worker001] claimed T-0113: Donaldson — 1_chronicles_1: add commentary JSON
[Worker001] models: backend=dispatch (local pipeline scripts only; no Claude CLI) ollama=gemma4:e2b (christ gen + task_followup unless --no-followup)
Reopened T-0113.
  [ledger] pushed to origin
  pushed to origin
[Worker001] T-0113 no dispatch rule — reopened.
=== 2026-04-10T05:12:36Z start Worker001 ===
[Worker001] checking for pending tasks…
[Worker001] claimed T-0113: Donaldson — 1_chronicles_1: add commentary JSON
[Worker001] models: backend=dispatch (local pipeline scripts only; no Claude CLI) ollama=gemma4:e2b (christ gen + task_followup unless --no-followup)
Reopened T-0113.
  push failed (non-fatal): Command '['git', 'push', 'origin', 'main']' returned non-zero exit status 1.
[Worker001] T-0113 no dispatch rule — reopened.
=== 2026-04-10T05:12:41Z start Worker001 ===
[Worker001] checking for pending tasks…
=== 2026-04-10T05:12:41Z start Worker001 ===
[Worker001] checking for pending tasks…
[Worker001] claimed T-0113: Donaldson — 1_chronicles_1: add commentary JSON
[Worker001] models: backend=dispatch (local pipeline scripts only; no Claude CLI) ollama=gemma4:e2b (christ gen + task_followup unless --no-followup)
Reopened T-0113.
[Worker001] claimed T-0113: Donaldson — 1_chronicles_1: add commentary JSON
[Worker001] models: backend=dispatch (local pipeline scripts only; no Claude CLI) ollama=gemma4:e2b (christ gen + task_followup unless --no-followup)
  push failed (non-fatal): Command '['git', 'push', 'origin', 'main']' returned non-zero exit status 1.
[Worker001] T-0113 no dispatch rule — reopened.
Reopened T-0113.
  [ledger] pushed to origin
  pushed to origin
[Worker001] T-0113 no dispatch rule — reopened.
=== 2026-04-10T05:12:53Z start Worker001 ===
[Worker001] checking for pending tasks…
[Worker001] claimed T-0113: Donaldson — 1_chronicles_1: add commentary JSON
[Worker001] models: backend=dispatch (local pipeline scripts only; no Claude CLI) ollama=gemma4:e2b (christ gen + task_followup unless --no-followup)
Reopened T-0113.
  push failed (non-fatal): Command '['git', 'push', 'origin', 'main']' returned non-zero exit status 1.
[Worker001] T-0113 no dispatch rule — reopened.
=== 2026-04-10T05:13:06Z start Worker001 ===
[Worker001] checking for pending tasks…
=== 2026-04-10T05:13:06Z start Worker001 ===
[Worker001] checking for pending tasks…
[Worker001] claimed T-0117: Donaldson — 1_chronicles_10: add commentary JSON
[Worker001] models: backend=dispatch (local pipeline scripts only; no Claude CLI) ollama=gemma4:e2b (christ gen + task_followup unless --no-followup)
Reopened T-0117.
=== 2026-04-10T05:13:08Z start Worker001 ===
[Worker001] checking for pending tasks…
[Worker001] claimed T-0113: Donaldson — 1_chronicles_1: add commentary JSON
[Worker001] models: backend=dispatch (local pipeline scripts only; no Claude CLI) ollama=gemma4:e2b (christ gen + task_followup unless --no-followup)
Reopened T-0113.
  push failed (non-fatal): Command '['git', 'push', 'origin', 'main']' returned non-zero exit status 1.
[Worker001] T-0117 no dispatch rule — reopened.
[Worker001] claimed T-0113: Donaldson — 1_chronicles_1: add commentary JSON
[Worker001] models: backend=dispatch (local pipeline scripts only; no Claude CLI) ollama=gemma4:e2b (christ gen + task_followup unless --no-followup)
  push failed (non-fatal): Command '['git', 'push', 'origin', 'main']' returned non-zero exit status 1.
[Worker001] T-0113 no dispatch rule — reopened.
Reopened T-0113.
  push failed (non-fatal): Command '['git', 'push', 'origin', 'main']' returned non-zero exit status 1.
[Worker001] T-0113 no dispatch rule — reopened.
=== 2026-04-10T05:13:22Z start Worker001 ===
[Worker001] checking for pending tasks…
[Worker001] claimed T-0113: Donaldson — 1_chronicles_1: add commentary JSON
[Worker001] models: backend=dispatch (local pipeline scripts only; no Claude CLI) ollama=gemma4:e2b (christ gen + task_followup unless --no-followup)
Reopened T-0113.
  push failed (non-fatal): Command '['git', 'push', 'origin', 'main']' returned non-zero exit status 1.
[Worker001] T-0113 no dispatch rule — reopened.
=== 2026-04-10T05:13:34Z start Worker001 ===
[Worker001] checking for pending tasks…
[Worker001] claimed T-0113: Donaldson — 1_chronicles_1: add commentary JSON
[Worker001] models: backend=dispatch (local pipeline scripts only; no Claude CLI) ollama=gemma4:e2b (christ gen + task_followup unless --no-followup)
Reopened T-0113.
=== 2026-04-10T05:13:37Z start Worker001 ===
[Worker001] checking for pending tasks…
[Worker001] claimed T-0113: Donaldson — 1_chronicles_1: add commentary JSON
[Worker001] models: backend=dispatch (local pipeline scripts only; no Claude CLI) ollama=gemma4:e2b (christ gen + task_followup unless --no-followup)
  push failed (non-fatal): Command '['git', 'push', 'origin', 'main']' returned non-zero exit status 1.
[Worker001] T-0113 no dispatch rule — reopened.
=== 2026-04-10T05:13:37Z start Worker001 ===
[Worker001] checking for pending tasks…
[Worker001] claimed T-0113: Donaldson — 1_chronicles_1: add commentary JSON
[Worker001] models: backend=dispatch (local pipeline scripts only; no Claude CLI) ollama=gemma4:e2b (christ gen + task_followup unless --no-followup)
Reopened T-0113.
Reopened T-0113.
  push failed (non-fatal): Command '['git', 'push', 'origin', 'main']' returned non-zero exit status 1.
[Worker001] T-0113 no dispatch rule — reopened.
  pushed to origin
[Worker001] T-0113 no dispatch rule — reopened.
=== 2026-04-10T05:13:50Z start Worker001 ===
[Worker001] checking for pending tasks…
[Worker001] claimed T-0113: Donaldson — 1_chronicles_1: add commentary JSON
[Worker001] models: backend=dispatch (local pipeline scripts only; no Claude CLI) ollama=gemma4:e2b (christ gen + task_followup unless --no-followup)
Reopened T-0113.
  push failed (non-fatal): Command '['git', 'push', 'origin', 'main']' returned non-zero exit status 1.
[Worker001] T-0113 no dispatch rule — reopened.
=== 2026-04-10T05:14:02Z start Worker001 ===
[Worker001] checking for pending tasks…
[Worker001] claimed T-0113: Donaldson — 1_chronicles_1: add commentary JSON
[Worker001] models: backend=dispatch (local pipeline scripts only; no Claude CLI) ollama=gemma4:e2b (christ gen + task_followup unless --no-followup)
Reopened T-0113.
=== 2026-04-10T05:14:06Z start Worker001 ===
[Worker001] checking for pending tasks…
  pushed to origin
[Worker001] T-0113 no dispatch rule — reopened.
=== 2026-04-10T05:14:07Z start Worker001 ===
[Worker001] checking for pending tasks…
[Worker001] claimed T-0113: Donaldson — 1_chronicles_1: add commentary JSON
[Worker001] models: backend=dispatch (local pipeline scripts only; no Claude CLI) ollama=gemma4:e2b (christ gen + task_followup unless --no-followup)
Reopened T-0113.
[Worker001] claimed T-0113: Donaldson — 1_chronicles_1: add commentary JSON
[Worker001] models: backend=dispatch (local pipeline scripts only; no Claude CLI) ollama=gemma4:e2b (christ gen + task_followup unless --no-followup)
  push failed (non-fatal): Command '['git', 'push', 'origin', 'main']' returned non-zero exit status 1.
[Worker001] T-0113 no dispatch rule — reopened.
Reopened T-0113.
  [ledger] pushed to origin
  pushed to origin
[Worker001] T-0113 no dispatch rule — reopened.
=== 2026-04-10T05:14:19Z start Worker001 ===
[Worker001] checking for pending tasks…
[Worker001] claimed T-0113: Donaldson — 1_chronicles_1: add commentary JSON
[Worker001] models: backend=dispatch (local pipeline scripts only; no Claude CLI) ollama=gemma4:e2b (christ gen + task_followup unless --no-followup)
Reopened T-0113.
  [ledger] pushed to origin
  pushed to origin
[Worker001] T-0113 no dispatch rule — reopened.
=== 2026-04-10T05:14:32Z start Worker001 ===
[Worker001] checking for pending tasks…
[Worker001] claimed T-0113: Donaldson — 1_chronicles_1: add commentary JSON
[Worker001] models: backend=dispatch (local pipeline scripts only; no Claude CLI) ollama=gemma4:e2b (christ gen + task_followup unless --no-followup)
=== 2026-04-10T05:14:35Z start Worker001 ===
[Worker001] checking for pending tasks…
Reopened T-0113.
=== 2026-04-10T05:14:36Z start Worker001 ===
[Worker001] checking for pending tasks…
[Worker001] claimed T-0113: Donaldson — 1_chronicles_1: add commentary JSON
[Worker001] models: backend=dispatch (local pipeline scripts only; no Claude CLI) ollama=gemma4:e2b (christ gen + task_followup unless --no-followup)
  pushed to origin
[Worker001] T-0113 no dispatch rule — reopened.
Reopened T-0113.
[Worker001] claimed T-0113: Donaldson — 1_chronicles_1: add commentary JSON
[Worker001] models: backend=dispatch (local pipeline scripts only; no Claude CLI) ollama=gemma4:e2b (christ gen + task_followup unless --no-followup)
  push failed (non-fatal): Command '['git', 'push', 'origin', 'main']' returned non-zero exit status 1.
[Worker001] T-0113 no dispatch rule — reopened.
Reopened T-0113.
  [ledger] pushed to origin
  pushed to origin
[Worker001] T-0113 no dispatch rule — reopened.
=== 2026-04-10T05:14:47Z start Worker001 ===
[Worker001] checking for pending tasks…
[Worker001] claimed T-0113: Donaldson — 1_chronicles_1: add commentary JSON
[Worker001] models: backend=dispatch (local pipeline scripts only; no Claude CLI) ollama=gemma4:e2b (christ gen + task_followup unless --no-followup)
Reopened T-0113.
  push failed (non-fatal): Command '['git', 'push', 'origin', 'main']' returned non-zero exit status 1.
[Worker001] T-0113 no dispatch rule — reopened.
=== 2026-04-10T05:15:00Z start Worker001 ===
[Worker001] checking for pending tasks…
[Worker001] claimed T-0113: Donaldson — 1_chronicles_1: add commentary JSON
[Worker001] models: backend=dispatch (local pipeline scripts only; no Claude CLI) ollama=gemma4:e2b (christ gen + task_followup unless --no-followup)
=== 2026-04-10T05:15:04Z start Worker001 ===
[Worker001] checking for pending tasks…
[Worker001] claimed T-0113: Donaldson — 1_chronicles_1: add commentary JSON
[Worker001] models: backend=dispatch (local pipeline scripts only; no Claude CLI) ollama=gemma4:e2b (christ gen + task_followup unless --no-followup)
Reopened T-0113.
=== 2026-04-10T05:15:05Z start Worker001 ===
[Worker001] checking for pending tasks…
[Worker001] claimed T-0113: Donaldson — 1_chronicles_1: add commentary JSON
[Worker001] models: backend=dispatch (local pipeline scripts only; no Claude CLI) ollama=gemma4:e2b (christ gen + task_followup unless --no-followup)
Reopened T-0113.
Reopened T-0113.
  [ledger] pushed to origin
  push failed (non-fatal): Command '['git', 'push', 'origin', 'main']' returned non-zero exit status 1.
[Worker001] T-0113 no dispatch rule — reopened.
  pushed to origin
[Worker001] T-0113 no dispatch rule — reopened.
  push failed (non-fatal): Command '['git', 'push', 'origin', 'main']' returned non-zero exit status 1.
[Worker001] T-0113 no dispatch rule — reopened.
=== 2026-04-10T05:15:16Z start Worker001 ===
[Worker001] checking for pending tasks…
[Worker001] claimed T-0113: Donaldson — 1_chronicles_1: add commentary JSON
[Worker001] models: backend=dispatch (local pipeline scripts only; no Claude CLI) ollama=gemma4:e2b (christ gen + task_followup unless --no-followup)
Reopened T-0113.
  [ledger] pushed to origin
  pushed to origin
[Worker001] T-0113 no dispatch rule — reopened.
=== 2026-04-10T05:15:30Z start Worker001 ===
[Worker001] checking for pending tasks…
[Worker001] claimed T-0113: Donaldson — 1_chronicles_1: add commentary JSON
[Worker001] models: backend=dispatch (local pipeline scripts only; no Claude CLI) ollama=gemma4:e2b (christ gen + task_followup unless --no-followup)
=== 2026-04-10T05:15:33Z start Worker001 ===
[Worker001] checking for pending tasks…
[Worker001] claimed T-0113: Donaldson — 1_chronicles_1: add commentary JSON
[Worker001] models: backend=dispatch (local pipeline scripts only; no Claude CLI) ollama=gemma4:e2b (christ gen + task_followup unless --no-followup)
=== 2026-04-10T05:15:34Z start Worker001 ===
[Worker001] checking for pending tasks…
[Worker001] claimed T-0117: Donaldson — 1_chronicles_10: add commentary JSON
[Worker001] models: backend=dispatch (local pipeline scripts only; no Claude CLI) ollama=gemma4:e2b (christ gen + task_followup unless --no-followup)
Reopened T-0113.
Reopened T-0117.
Reopened T-0113.
  [ledger] pushed to origin
  push failed (non-fatal): Command '['git', 'push', 'origin', 'main']' returned non-zero exit status 1.
[Worker001] T-0113 no dispatch rule — reopened.
  push failed (non-fatal): Command '['git', 'push', 'origin', 'main']' returned non-zero exit status 1.
[Worker001] T-0117 no dispatch rule — reopened.
  pushed to origin
[Worker001] T-0113 no dispatch rule — reopened.
=== 2026-04-10T05:15:45Z start Worker001 ===
[Worker001] checking for pending tasks…
[Worker001] claimed T-0113: Donaldson — 1_chronicles_1: add commentary JSON
[Worker001] models: backend=dispatch (local pipeline scripts only; no Claude CLI) ollama=gemma4:e2b (christ gen + task_followup unless --no-followup)
Reopened T-0113.
  [ledger] pushed to origin
  pushed to origin
[Worker001] T-0113 no dispatch rule — reopened.
=== 2026-04-10T05:15:59Z start Worker001 ===
[Worker001] checking for pending tasks…
=== 2026-04-10T05:16:02Z start Worker001 ===
[Worker001] checking for pending tasks…
[Worker001] claimed T-0113: Donaldson — 1_chronicles_1: add commentary JSON
[Worker001] models: backend=dispatch (local pipeline scripts only; no Claude CLI) ollama=gemma4:e2b (christ gen + task_followup unless --no-followup)
[Worker001] claimed T-0113: Donaldson — 1_chronicles_1: add commentary JSON
[Worker001] models: backend=dispatch (local pipeline scripts only; no Claude CLI) ollama=gemma4:e2b (christ gen + task_followup unless --no-followup)
Reopened T-0113.
=== 2026-04-10T05:16:03Z start Worker001 ===
Reopened T-0113.
[Worker001] checking for pending tasks…
[Worker001] claimed T-0113: Donaldson — 1_chronicles_1: add commentary JSON
[Worker001] models: backend=dispatch (local pipeline scripts only; no Claude CLI) ollama=gemma4:e2b (christ gen + task_followup unless --no-followup)
  pushed to origin
[Worker001] T-0113 no dispatch rule — reopened.
  push failed (non-fatal): Command '['git', 'push', 'origin', 'main']' returned non-zero exit status 1.
[Worker001] T-0113 no dispatch rule — reopened.
Reopened T-0113.
  push failed (non-fatal): Command '['git', 'push', 'origin', 'main']' returned non-zero exit status 1.
[Worker001] T-0113 no dispatch rule — reopened.
=== 2026-04-10T05:16:13Z start Worker001 ===
[Worker001] checking for pending tasks…
[Worker001] claimed T-0113: Donaldson — 1_chronicles_1: add commentary JSON
[Worker001] models: backend=dispatch (local pipeline scripts only; no Claude CLI) ollama=gemma4:e2b (christ gen + task_followup unless --no-followup)
Reopened T-0113.
  [ledger] pushed to origin
  pushed to origin
[Worker001] T-0113 no dispatch rule — reopened.
=== 2026-04-10T05:16:25Z start Worker001 ===
[Worker001] checking for pending tasks…
[Worker001] claimed T-0113: Donaldson — 1_chronicles_1: add commentary JSON
[Worker001] models: backend=dispatch (local pipeline scripts only; no Claude CLI) ollama=gemma4:e2b (christ gen + task_followup unless --no-followup)
Reopened T-0113.
  push failed (non-fatal): Command '['git', 'push', 'origin', 'main']' returned non-zero exit status 1.
[Worker001] T-0113 no dispatch rule — reopened.
=== 2026-04-10T05:16:32Z start Worker001 ===
=== 2026-04-10T05:16:32Z start Worker001 ===
[Worker001] checking for pending tasks…
[Worker001] checking for pending tasks…
[Worker001] claimed T-0113: Donaldson — 1_chronicles_1: add commentary JSON
[Worker001] models: backend=dispatch (local pipeline scripts only; no Claude CLI) ollama=gemma4:e2b (christ gen + task_followup unless --no-followup)
[Worker001] claimed T-0113: Donaldson — 1_chronicles_1: add commentary JSON
[Worker001] models: backend=dispatch (local pipeline scripts only; no Claude CLI) ollama=gemma4:e2b (christ gen + task_followup unless --no-followup)
Reopened T-0113.
Reopened T-0113.
  push failed (non-fatal): Command '['git', 'push', 'origin', 'main']' returned non-zero exit status 1.
[Worker001] T-0113 no dispatch rule — reopened.
  push failed (non-fatal): Command '['git', 'push', 'origin', 'main']' returned non-zero exit status 1.
[Worker001] T-0113 no dispatch rule — reopened.
=== 2026-04-10T05:16:42Z start Worker001 ===
[Worker001] checking for pending tasks…
[Worker001] claimed T-0117: Donaldson — 1_chronicles_10: add commentary JSON
[Worker001] models: backend=dispatch (local pipeline scripts only; no Claude CLI) ollama=gemma4:e2b (christ gen + task_followup unless --no-followup)
Reopened T-0117.
  pushed to origin
[Worker001] T-0117 no dispatch rule — reopened.
=== 2026-04-10T05:16:55Z start Worker001 ===
[Worker001] checking for pending tasks…
[Worker001] claimed T-0113: Donaldson — 1_chronicles_1: add commentary JSON
[Worker001] models: backend=dispatch (local pipeline scripts only; no Claude CLI) ollama=gemma4:e2b (christ gen + task_followup unless --no-followup)
Reopened T-0113.
  pushed to origin
[Worker001] T-0113 no dispatch rule — reopened.
=== 2026-04-10T05:16:59Z start Worker001 ===
[Worker001] checking for pending tasks…
[Worker001] claimed T-0113: Donaldson — 1_chronicles_1: add commentary JSON
[Worker001] models: backend=dispatch (local pipeline scripts only; no Claude CLI) ollama=gemma4:e2b (christ gen + task_followup unless --no-followup)
Reopened T-0113.
=== 2026-04-10T05:17:01Z start Worker001 ===
[Worker001] checking for pending tasks…
[Worker001] claimed T-0113: Donaldson — 1_chronicles_1: add commentary JSON
[Worker001] models: backend=dispatch (local pipeline scripts only; no Claude CLI) ollama=gemma4:e2b (christ gen + task_followup unless --no-followup)
Reopened T-0113.
  push failed (non-fatal): Command '['git', 'push', 'origin', 'main']' returned non-zero exit status 1.
[Worker001] T-0113 no dispatch rule — reopened.
  push failed (non-fatal): Command '['git', 'push', 'origin', 'main']' returned non-zero exit status 1.
[Worker001] T-0113 no dispatch rule — reopened.
=== 2026-04-10T05:17:10Z start Worker001 ===
[Worker001] checking for pending tasks…
[Worker001] claimed T-0113: Donaldson — 1_chronicles_1: add commentary JSON
[Worker001] models: backend=dispatch (local pipeline scripts only; no Claude CLI) ollama=gemma4:e2b (christ gen + task_followup unless --no-followup)
Reopened T-0113.
  [ledger] pushed to origin
  pushed to origin
[Worker001] T-0113 no dispatch rule — reopened.
=== 2026-04-10T05:17:24Z start Worker001 ===
[Worker001] checking for pending tasks…
[Worker001] claimed T-0113: Donaldson — 1_chronicles_1: add commentary JSON
[Worker001] models: backend=dispatch (local pipeline scripts only; no Claude CLI) ollama=gemma4:e2b (christ gen + task_followup unless --no-followup)
=== 2026-04-10T05:17:29Z start Worker001 ===
[Worker001] checking for pending tasks…
[Worker001] claimed T-0113: Donaldson — 1_chronicles_1: add commentary JSON
[Worker001] models: backend=dispatch (local pipeline scripts only; no Claude CLI) ollama=gemma4:e2b (christ gen + task_followup unless --no-followup)
Reopened T-0113.
  [ledger] pushed to origin
=== 2026-04-10T05:17:30Z start Worker001 ===
[Worker001] checking for pending tasks…
  pushed to origin
[Worker001] T-0113 no dispatch rule — reopened.
Reopened T-0113.
[Worker001] claimed T-0113: Donaldson — 1_chronicles_1: add commentary JSON
[Worker001] models: backend=dispatch (local pipeline scripts only; no Claude CLI) ollama=gemma4:e2b (christ gen + task_followup unless --no-followup)
  pushed to origin
[Worker001] T-0113 no dispatch rule — reopened.
Reopened T-0113.
  pushed to origin
[Worker001] T-0113 no dispatch rule — reopened.
=== 2026-04-10T05:17:38Z start Worker001 ===
[Worker001] checking for pending tasks…
[Worker001] claimed T-0113: Donaldson — 1_chronicles_1: add commentary JSON
[Worker001] models: backend=dispatch (local pipeline scripts only; no Claude CLI) ollama=gemma4:e2b (christ gen + task_followup unless --no-followup)
Reopened T-0113.
  push failed (non-fatal): Command '['git', 'push', 'origin', 'main']' returned non-zero exit status 1.
[Worker001] T-0113 no dispatch rule — reopened.
=== 2026-04-10T05:17:52Z start Worker001 ===
[Worker001] checking for pending tasks…
[Worker001] claimed T-0113: Donaldson — 1_chronicles_1: add commentary JSON
[Worker001] models: backend=dispatch (local pipeline scripts only; no Claude CLI) ollama=gemma4:e2b (christ gen + task_followup unless --no-followup)
Reopened T-0113.
  [ledger] pushed to origin
=== 2026-04-10T05:17:59Z start Worker001 ===
[Worker001] checking for pending tasks…
[Worker001] claimed T-0113: Donaldson — 1_chronicles_1: add commentary JSON
[Worker001] models: backend=dispatch (local pipeline scripts only; no Claude CLI) ollama=gemma4:e2b (christ gen + task_followup unless --no-followup)
=== 2026-04-10T05:17:59Z start Worker001 ===
[Worker001] checking for pending tasks…
Reopened T-0113.
[Worker001] claimed T-0117: Donaldson — 1_chronicles_10: add commentary JSON
[Worker001] models: backend=dispatch (local pipeline scripts only; no Claude CLI) ollama=gemma4:e2b (christ gen + task_followup unless --no-followup)
Reopened T-0117.
  pushed to origin
[Worker001] T-0113 no dispatch rule — reopened.
  pushed to origin
[Worker001] T-0113 no dispatch rule — reopened.
  push failed (non-fatal): Command '['git', 'push', 'origin', 'main']' returned non-zero exit status 1.
[Worker001] T-0117 no dispatch rule — reopened.
=== 2026-04-10T05:18:07Z start Worker001 ===
[Worker001] checking for pending tasks…
[Worker001] claimed T-0113: Donaldson — 1_chronicles_1: add commentary JSON
[Worker001] models: backend=dispatch (local pipeline scripts only; no Claude CLI) ollama=gemma4:e2b (christ gen + task_followup unless --no-followup)
Reopened T-0113.
  pushed to origin
[Worker001] T-0113 no dispatch rule — reopened.
=== 2026-04-10T05:18:22Z start Worker001 ===
[Worker001] checking for pending tasks…
[Worker001] claimed T-0113: Donaldson — 1_chronicles_1: add commentary JSON
[Worker001] models: backend=dispatch (local pipeline scripts only; no Claude CLI) ollama=gemma4:e2b (christ gen + task_followup unless --no-followup)
=== 2026-04-10T05:18:27Z start Worker001 ===
[Worker001] checking for pending tasks…
Reopened T-0113.
  [ledger] pushed to origin
=== 2026-04-10T05:18:28Z start Worker001 ===
[Worker001] checking for pending tasks…
[Worker001] claimed T-0113: Donaldson — 1_chronicles_1: add commentary JSON
[Worker001] models: backend=dispatch (local pipeline scripts only; no Claude CLI) ollama=gemma4:e2b (christ gen + task_followup unless --no-followup)
Reopened T-0113.
  pushed to origin
[Worker001] T-0113 no dispatch rule — reopened.
[Worker001] claimed T-0113: Donaldson — 1_chronicles_1: add commentary JSON
[Worker001] models: backend=dispatch (local pipeline scripts only; no Claude CLI) ollama=gemma4:e2b (christ gen + task_followup unless --no-followup)
  push failed (non-fatal): Command '['git', 'push', 'origin', 'main']' returned non-zero exit status 1.
[Worker001] T-0113 no dispatch rule — reopened.
Reopened T-0113.
  [ledger] pushed to origin
  pushed to origin
[Worker001] T-0113 no dispatch rule — reopened.
=== 2026-04-10T05:18:36Z start Worker001 ===
[Worker001] checking for pending tasks…
[Worker001] claimed T-0117: Donaldson — 1_chronicles_10: add commentary JSON
[Worker001] models: backend=dispatch (local pipeline scripts only; no Claude CLI) ollama=gemma4:e2b (christ gen + task_followup unless --no-followup)
Reopened T-0117.
  push failed (non-fatal): Command '['git', 'push', 'origin', 'main']' returned non-zero exit status 1.
[Worker001] T-0117 no dispatch rule — reopened.
=== 2026-04-10T05:18:50Z start Worker001 ===
[Worker001] checking for pending tasks…
[Worker001] claimed T-0113: Donaldson — 1_chronicles_1: add commentary JSON
[Worker001] models: backend=dispatch (local pipeline scripts only; no Claude CLI) ollama=gemma4:e2b (christ gen + task_followup unless --no-followup)
Reopened T-0113.
  pushed to origin
[Worker001] T-0113 no dispatch rule — reopened.
=== 2026-04-10T05:18:57Z start Worker001 ===
[Worker001] checking for pending tasks…
=== 2026-04-10T05:18:57Z start Worker001 ===
[Worker001] checking for pending tasks…
[Worker001] claimed T-0113: Donaldson — 1_chronicles_1: add commentary JSON
[Worker001] models: backend=dispatch (local pipeline scripts only; no Claude CLI) ollama=gemma4:e2b (christ gen + task_followup unless --no-followup)
[Worker001] claimed T-0117: Donaldson — 1_chronicles_10: add commentary JSON
[Worker001] models: backend=dispatch (local pipeline scripts only; no Claude CLI) ollama=gemma4:e2b (christ gen + task_followup unless --no-followup)
Reopened T-0113.
Reopened T-0117.
  push failed (non-fatal): Command '['git', 'push', 'origin', 'main']' returned non-zero exit status 1.
[Worker001] T-0113 no dispatch rule — reopened.
  push failed (non-fatal): Command '['git', 'push', 'origin', 'main']' returned non-zero exit status 1.
[Worker001] T-0117 no dispatch rule — reopened.
=== 2026-04-10T05:19:04Z start Worker001 ===
[Worker001] checking for pending tasks…
[Worker001] claimed T-0113: Donaldson — 1_chronicles_1: add commentary JSON
[Worker001] models: backend=dispatch (local pipeline scripts only; no Claude CLI) ollama=gemma4:e2b (christ gen + task_followup unless --no-followup)
Reopened T-0113.
  pushed to origin
[Worker001] T-0113 no dispatch rule — reopened.
=== 2026-04-10T05:19:19Z start Worker001 ===
[Worker001] checking for pending tasks…
[Worker001] claimed T-0113: Donaldson — 1_chronicles_1: add commentary JSON
[Worker001] models: backend=dispatch (local pipeline scripts only; no Claude CLI) ollama=gemma4:e2b (christ gen + task_followup unless --no-followup)
Reopened T-0113.
=== 2026-04-10T05:19:22Z start Worker001 ===
[Worker001] checking for pending tasks…
  push failed (non-fatal): Command '['git', 'push', 'origin', 'main']' returned non-zero exit status 1.
[Worker001] T-0113 no dispatch rule — reopened.
[Worker001] claimed T-0113: Donaldson — 1_chronicles_1: add commentary JSON
[Worker001] models: backend=dispatch (local pipeline scripts only; no Claude CLI) ollama=gemma4:e2b (christ gen + task_followup unless --no-followup)
=== 2026-04-10T05:19:26Z start Worker001 ===
[Worker001] checking for pending tasks…
Reopened T-0113.
  [ledger] pushed to origin
[Worker001] claimed T-0113: Donaldson — 1_chronicles_1: add commentary JSON
[Worker001] models: backend=dispatch (local pipeline scripts only; no Claude CLI) ollama=gemma4:e2b (christ gen + task_followup unless --no-followup)
  pushed to origin
[Worker001] T-0113 no dispatch rule — reopened.
Reopened T-0113.
  [ledger] pushed to origin
=== 2026-04-10T05:19:33Z start Worker001 ===
[Worker001] checking for pending tasks…
[Worker001] claimed T-0113: Donaldson — 1_chronicles_1: add commentary JSON
[Worker001] models: backend=dispatch (local pipeline scripts only; no Claude CLI) ollama=gemma4:e2b (christ gen + task_followup unless --no-followup)
  pushed to origin
[Worker001] T-0113 no dispatch rule — reopened.
Reopened T-0113.
  push failed (non-fatal): Command '['git', 'push', 'origin', 'main']' returned non-zero exit status 1.
[Worker001] T-0113 no dispatch rule — reopened.
=== 2026-04-10T05:19:46Z start Worker001 ===
[Worker001] checking for pending tasks…
[Worker001] claimed T-0113: Donaldson — 1_chronicles_1: add commentary JSON
[Worker001] models: backend=dispatch (local pipeline scripts only; no Claude CLI) ollama=gemma4:e2b (christ gen + task_followup unless --no-followup)
Reopened T-0113.
  push failed (non-fatal): Command '['git', 'push', 'origin', 'main']' returned non-zero exit status 1.
[Worker001] T-0113 no dispatch rule — reopened.
=== 2026-04-10T05:19:51Z start Worker001 ===
[Worker001] checking for pending tasks…
[Worker001] claimed T-0113: Donaldson — 1_chronicles_1: add commentary JSON
[Worker001] models: backend=dispatch (local pipeline scripts only; no Claude CLI) ollama=gemma4:e2b (christ gen + task_followup unless --no-followup)
Reopened T-0113.
  push failed (non-fatal): Command '['git', 'push', 'origin', 'main']' returned non-zero exit status 1.
[Worker001] T-0113 no dispatch rule — reopened.
=== 2026-04-10T05:19:55Z start Worker001 ===
[Worker001] checking for pending tasks…
[Worker001] claimed T-0113: Donaldson — 1_chronicles_1: add commentary JSON
[Worker001] models: backend=dispatch (local pipeline scripts only; no Claude CLI) ollama=gemma4:e2b (christ gen + task_followup unless --no-followup)
Reopened T-0113.
  pushed to origin
[Worker001] T-0113 no dispatch rule — reopened.
=== 2026-04-10T05:20:02Z start Worker001 ===
[Worker001] checking for pending tasks…
[Worker001] claimed T-0113: Donaldson — 1_chronicles_1: add commentary JSON
[Worker001] models: backend=dispatch (local pipeline scripts only; no Claude CLI) ollama=gemma4:e2b (christ gen + task_followup unless --no-followup)
Reopened T-0113.
  push failed (non-fatal): Command '['git', 'push', 'origin', 'main']' returned non-zero exit status 1.
[Worker001] T-0113 no dispatch rule — reopened.
=== 2026-04-10T05:20:16Z start Worker001 ===
[Worker001] checking for pending tasks…
[Worker001] claimed T-0113: Donaldson — 1_chronicles_1: add commentary JSON
[Worker001] models: backend=dispatch (local pipeline scripts only; no Claude CLI) ollama=gemma4:e2b (christ gen + task_followup unless --no-followup)
Reopened T-0113.
=== 2026-04-10T05:20:18Z start Worker001 ===
[Worker001] checking for pending tasks…
[Worker001] claimed T-0113: Donaldson — 1_chronicles_1: add commentary JSON
[Worker001] models: backend=dispatch (local pipeline scripts only; no Claude CLI) ollama=gemma4:e2b (christ gen + task_followup unless --no-followup)
Reopened T-0113.
  push failed (non-fatal): Command '['git', 'push', 'origin', 'main']' returned non-zero exit status 1.
[Worker001] T-0113 no dispatch rule — reopened.
  push failed (non-fatal): Command '['git', 'push', 'origin', 'main']' returned non-zero exit status 1.
[Worker001] T-0113 no dispatch rule — reopened.
=== 2026-04-10T05:20:24Z start Worker001 ===
[Worker001] checking for pending tasks…
[Worker001] claimed T-0113: Donaldson — 1_chronicles_1: add commentary JSON
[Worker001] models: backend=dispatch (local pipeline scripts only; no Claude CLI) ollama=gemma4:e2b (christ gen + task_followup unless --no-followup)
Reopened T-0113.
  pushed to origin
[Worker001] T-0113 no dispatch rule — reopened.
=== 2026-04-10T05:20:31Z start Worker001 ===
[Worker001] checking for pending tasks…
[Worker001] claimed T-0113: Donaldson — 1_chronicles_1: add commentary JSON
[Worker001] models: backend=dispatch (local pipeline scripts only; no Claude CLI) ollama=gemma4:e2b (christ gen + task_followup unless --no-followup)
Reopened T-0113.
  push failed (non-fatal): Command '['git', 'push', 'origin', 'main']' returned non-zero exit status 1.
[Worker001] T-0113 no dispatch rule — reopened.
=== 2026-04-10T05:20:47Z start Worker001 ===
[Worker001] checking for pending tasks…
[Worker001] claimed T-0113: Donaldson — 1_chronicles_1: add commentary JSON
[Worker001] models: backend=dispatch (local pipeline scripts only; no Claude CLI) ollama=gemma4:e2b (christ gen + task_followup unless --no-followup)
Reopened T-0113.
=== 2026-04-10T05:20:49Z start Worker001 ===
[Worker001] checking for pending tasks…
[Worker001] claimed T-0113: Donaldson — 1_chronicles_1: add commentary JSON
[Worker001] models: backend=dispatch (local pipeline scripts only; no Claude CLI) ollama=gemma4:e2b (christ gen + task_followup unless --no-followup)
Reopened T-0113.
  push failed (non-fatal): Command '['git', 'push', 'origin', 'main']' returned non-zero exit status 1.
[Worker001] T-0113 no dispatch rule — reopened.
  push failed (non-fatal): Command '['git', 'push', 'origin', 'main']' returned non-zero exit status 1.
[Worker001] T-0113 no dispatch rule — reopened.
=== 2026-04-10T05:20:53Z start Worker001 ===
[Worker001] checking for pending tasks…
[Worker001] claimed T-0113: Donaldson — 1_chronicles_1: add commentary JSON
[Worker001] models: backend=dispatch (local pipeline scripts only; no Claude CLI) ollama=gemma4:e2b (christ gen + task_followup unless --no-followup)
Reopened T-0113.
  push failed (non-fatal): Command '['git', 'push', 'origin', 'main']' returned non-zero exit status 1.
[Worker001] T-0113 no dispatch rule — reopened.
=== 2026-04-10T05:21:00Z start Worker001 ===
[Worker001] checking for pending tasks…
[Worker001] claimed T-0113: Donaldson — 1_chronicles_1: add commentary JSON
[Worker001] models: backend=dispatch (local pipeline scripts only; no Claude CLI) ollama=gemma4:e2b (christ gen + task_followup unless --no-followup)
Reopened T-0113.
  push failed (non-fatal): Command '['git', 'push', 'origin', 'main']' returned non-zero exit status 1.
[Worker001] T-0113 no dispatch rule — reopened.
=== 2026-04-10T05:21:17Z start Worker001 ===
[Worker001] checking for pending tasks…
[Worker001] claimed T-0113: Donaldson — 1_chronicles_1: add commentary JSON
[Worker001] models: backend=dispatch (local pipeline scripts only; no Claude CLI) ollama=gemma4:e2b (christ gen + task_followup unless --no-followup)
Reopened T-0113.
=== 2026-04-10T05:21:18Z start Worker001 ===
[Worker001] checking for pending tasks…
[Worker001] claimed T-0113: Donaldson — 1_chronicles_1: add commentary JSON
[Worker001] models: backend=dispatch (local pipeline scripts only; no Claude CLI) ollama=gemma4:e2b (christ gen + task_followup unless --no-followup)
Reopened T-0113.
  push failed (non-fatal): Command '['git', 'push', 'origin', 'main']' returned non-zero exit status 1.
[Worker001] T-0113 no dispatch rule — reopened.
  push failed (non-fatal): Command '['git', 'push', 'origin', 'main']' returned non-zero exit status 1.
[Worker001] T-0113 no dispatch rule — reopened.
=== 2026-04-10T05:21:22Z start Worker001 ===
[Worker001] checking for pending tasks…
[Worker001] claimed T-0113: Donaldson — 1_chronicles_1: add commentary JSON
[Worker001] models: backend=dispatch (local pipeline scripts only; no Claude CLI) ollama=gemma4:e2b (christ gen + task_followup unless --no-followup)
Reopened T-0113.
  push failed (non-fatal): Command '['git', 'push', 'origin', 'main']' returned non-zero exit status 1.
[Worker001] T-0113 no dispatch rule — reopened.
=== 2026-04-10T05:21:28Z start Worker001 ===
[Worker001] checking for pending tasks…
[Worker001] claimed T-0113: Donaldson — 1_chronicles_1: add commentary JSON
[Worker001] models: backend=dispatch (local pipeline scripts only; no Claude CLI) ollama=gemma4:e2b (christ gen + task_followup unless --no-followup)
Reopened T-0113.
  push failed (non-fatal): Command '['git', 'push', 'origin', 'main']' returned non-zero exit status 1.
[Worker001] T-0113 no dispatch rule — reopened.
=== 2026-04-10T05:21:47Z start Worker001 ===
[Worker001] checking for pending tasks…
=== 2026-04-10T05:21:47Z start Worker001 ===
[Worker001] checking for pending tasks…
[Worker001] claimed T-0113: Donaldson — 1_chronicles_1: add commentary JSON
[Worker001] models: backend=dispatch (local pipeline scripts only; no Claude CLI) ollama=gemma4:e2b (christ gen + task_followup unless --no-followup)
[Worker001] claimed T-0113: Donaldson — 1_chronicles_1: add commentary JSON
[Worker001] models: backend=dispatch (local pipeline scripts only; no Claude CLI) ollama=gemma4:e2b (christ gen + task_followup unless --no-followup)
=== 2026-04-10T05:21:51Z start Worker001 ===
[Worker001] checking for pending tasks…
[Worker001] claimed T-0113: Donaldson — 1_chronicles_1: add commentary JSON
[Worker001] models: backend=dispatch (local pipeline scripts only; no Claude CLI) ollama=gemma4:e2b (christ gen + task_followup unless --no-followup)
Reopened T-0113.
Reopened T-0113.
  [ledger] pushed to origin
Reopened T-0113.
  push failed (non-fatal): Command '['git', 'push', 'origin', 'main']' returned non-zero exit status 1.
[Worker001] T-0113 no dispatch rule — reopened.
  pushed to origin
[Worker001] T-0113 no dispatch rule — reopened.
  pushed to origin
[Worker001] T-0113 no dispatch rule — reopened.
=== 2026-04-10T05:21:57Z start Worker001 ===
[Worker001] checking for pending tasks…
[Worker001] claimed T-0113: Donaldson — 1_chronicles_1: add commentary JSON
[Worker001] models: backend=dispatch (local pipeline scripts only; no Claude CLI) ollama=gemma4:e2b (christ gen + task_followup unless --no-followup)
Reopened T-0113.
  push failed (non-fatal): Command '['git', 'push', 'origin', 'main']' returned non-zero exit status 1.
[Worker001] T-0113 no dispatch rule — reopened.
=== 2026-04-10T05:22:16Z start Worker001 ===
=== 2026-04-10T05:22:16Z start Worker001 ===
[Worker001] checking for pending tasks…
[Worker001] checking for pending tasks…
[Worker001] claimed T-0113: Donaldson — 1_chronicles_1: add commentary JSON
[Worker001] models: backend=dispatch (local pipeline scripts only; no Claude CLI) ollama=gemma4:e2b (christ gen + task_followup unless --no-followup)
[Worker001] claimed T-0113: Donaldson — 1_chronicles_1: add commentary JSON
[Worker001] models: backend=dispatch (local pipeline scripts only; no Claude CLI) ollama=gemma4:e2b (christ gen + task_followup unless --no-followup)
Reopened T-0113.
Reopened T-0113.
  push failed (non-fatal): Command '['git', 'push', 'origin', 'main']' returned non-zero exit status 1.
[Worker001] T-0113 no dispatch rule — reopened.
  push failed (non-fatal): Command '['git', 'push', 'origin', 'main']' returned non-zero exit status 1.
[Worker001] T-0113 no dispatch rule — reopened.
=== 2026-04-10T05:22:20Z start Worker001 ===
[Worker001] checking for pending tasks…
[Worker001] claimed T-0113: Donaldson — 1_chronicles_1: add commentary JSON
[Worker001] models: backend=dispatch (local pipeline scripts only; no Claude CLI) ollama=gemma4:e2b (christ gen + task_followup unless --no-followup)
Reopened T-0113.
  push failed (non-fatal): Command '['git', 'push', 'origin', 'main']' returned non-zero exit status 1.
[Worker001] T-0113 no dispatch rule — reopened.
=== 2026-04-10T05:22:26Z start Worker001 ===
[Worker001] checking for pending tasks…
[Worker001] claimed T-0113: Donaldson — 1_chronicles_1: add commentary JSON
[Worker001] models: backend=dispatch (local pipeline scripts only; no Claude CLI) ollama=gemma4:e2b (christ gen + task_followup unless --no-followup)
Reopened T-0113.
  push failed (non-fatal): Command '['git', 'push', 'origin', 'main']' returned non-zero exit status 1.
[Worker001] T-0113 no dispatch rule — reopened.
=== 2026-04-10T05:22:41Z start Worker001 ===
[Worker001] checking for pending tasks…
[Worker001] claimed T-0113: Donaldson — 1_chronicles_1: add commentary JSON
[Worker001] models: backend=dispatch (local pipeline scripts only; no Claude CLI) ollama=gemma4:e2b (christ gen + task_followup unless --no-followup)
=== 2026-04-10T05:22:46Z start Worker001 ===
[Worker001] checking for pending tasks…
[Worker001] claimed T-0113: Donaldson — 1_chronicles_1: add commentary JSON
[Worker001] models: backend=dispatch (local pipeline scripts only; no Claude CLI) ollama=gemma4:e2b (christ gen + task_followup unless --no-followup)
Reopened T-0113.
  [ledger] pushed to origin
  pushed to origin
[Worker001] T-0113 no dispatch rule — reopened.
Reopened T-0113.
=== 2026-04-10T05:22:49Z start Worker001 ===
[Worker001] checking for pending tasks…
[Worker001] claimed T-0113: Donaldson — 1_chronicles_1: add commentary JSON
[Worker001] models: backend=dispatch (local pipeline scripts only; no Claude CLI) ollama=gemma4:e2b (christ gen + task_followup unless --no-followup)
Reopened T-0113.
  pushed to origin
[Worker001] T-0113 no dispatch rule — reopened.
  push failed (non-fatal): Command '['git', 'push', 'origin', 'main']' returned non-zero exit status 1.
[Worker001] T-0113 no dispatch rule — reopened.
=== 2026-04-10T05:22:55Z start Worker001 ===
[Worker001] checking for pending tasks…
[Worker001] claimed T-0113: Donaldson — 1_chronicles_1: add commentary JSON
[Worker001] models: backend=dispatch (local pipeline scripts only; no Claude CLI) ollama=gemma4:e2b (christ gen + task_followup unless --no-followup)
Reopened T-0113.
  push failed (non-fatal): Command '['git', 'push', 'origin', 'main']' returned non-zero exit status 1.
[Worker001] T-0113 no dispatch rule — reopened.
=== 2026-04-10T05:23:10Z start Worker001 ===
[Worker001] checking for pending tasks…
[Worker001] claimed T-0113: Donaldson — 1_chronicles_1: add commentary JSON
[Worker001] models: backend=dispatch (local pipeline scripts only; no Claude CLI) ollama=gemma4:e2b (christ gen + task_followup unless --no-followup)
Reopened T-0113.
  pushed to origin
[Worker001] T-0113 no dispatch rule — reopened.
=== 2026-04-10T05:23:15Z start Worker001 ===
=== 2026-04-10T05:23:15Z start Worker001 ===
[Worker001] checking for pending tasks…
[Worker001] checking for pending tasks…
[Worker001] claimed T-0113: Donaldson — 1_chronicles_1: add commentary JSON
[Worker001] models: backend=dispatch (local pipeline scripts only; no Claude CLI) ollama=gemma4:e2b (christ gen + task_followup unless --no-followup)
[Worker001] claimed T-0113: Donaldson — 1_chronicles_1: add commentary JSON
[Worker001] models: backend=dispatch (local pipeline scripts only; no Claude CLI) ollama=gemma4:e2b (christ gen + task_followup unless --no-followup)
Reopened T-0113.
Reopened T-0113.
  push failed (non-fatal): Command '['git', 'push', 'origin', 'main']' returned non-zero exit status 1.
[Worker001] T-0113 no dispatch rule — reopened.
  push failed (non-fatal): Command '['git', 'push', 'origin', 'main']' returned non-zero exit status 1.
[Worker001] T-0113 no dispatch rule — reopened.
=== 2026-04-10T05:23:24Z start Worker001 ===
[Worker001] checking for pending tasks…
[Worker001] claimed T-0113: Donaldson — 1_chronicles_1: add commentary JSON
[Worker001] models: backend=dispatch (local pipeline scripts only; no Claude CLI) ollama=gemma4:e2b (christ gen + task_followup unless --no-followup)
Reopened T-0113.
  push failed (non-fatal): Command '['git', 'push', 'origin', 'main']' returned non-zero exit status 1.
[Worker001] T-0113 no dispatch rule — reopened.
=== 2026-04-10T05:23:40Z start Worker001 ===
[Worker001] checking for pending tasks…
=== 2026-04-10T05:23:40Z start Worker001 ===
[Worker001] checking for pending tasks…
[Worker001] claimed T-0113: Donaldson — 1_chronicles_1: add commentary JSON
[Worker001] models: backend=dispatch (local pipeline scripts only; no Claude CLI) ollama=gemma4:e2b (christ gen + task_followup unless --no-followup)
[Worker001] claimed T-0117: Donaldson — 1_chronicles_10: add commentary JSON
[Worker001] models: backend=dispatch (local pipeline scripts only; no Claude CLI) ollama=gemma4:e2b (christ gen + task_followup unless --no-followup)
Reopened T-0117.
Reopened T-0113.
  push failed (non-fatal): Command '['git', 'push', 'origin', 'main']' returned non-zero exit status 1.
[Worker001] T-0117 no dispatch rule — reopened.
=== 2026-04-10T05:23:44Z start Worker001 ===
[Worker001] checking for pending tasks…
[Worker001] claimed T-0113: Donaldson — 1_chronicles_1: add commentary JSON
[Worker001] models: backend=dispatch (local pipeline scripts only; no Claude CLI) ollama=gemma4:e2b (christ gen + task_followup unless --no-followup)
  pushed to origin
[Worker001] T-0113 no dispatch rule — reopened.
Reopened T-0113.
  pushed to origin
[Worker001] T-0113 no dispatch rule — reopened.
=== 2026-04-10T05:23:52Z start Worker001 ===
[Worker001] checking for pending tasks…
[Worker001] claimed T-0113: Donaldson — 1_chronicles_1: add commentary JSON
[Worker001] models: backend=dispatch (local pipeline scripts only; no Claude CLI) ollama=gemma4:e2b (christ gen + task_followup unless --no-followup)
Reopened T-0113.
  pushed to origin
[Worker001] T-0113 no dispatch rule — reopened.
=== 2026-04-10T05:24:08Z start Worker001 ===
[Worker001] checking for pending tasks…
=== 2026-04-10T05:24:10Z start Worker001 ===
[Worker001] checking for pending tasks…
[Worker001] claimed T-0113: Donaldson — 1_chronicles_1: add commentary JSON
[Worker001] models: backend=dispatch (local pipeline scripts only; no Claude CLI) ollama=gemma4:e2b (christ gen + task_followup unless --no-followup)
Reopened T-0113.
[Worker001] claimed T-0113: Donaldson — 1_chronicles_1: add commentary JSON
[Worker001] models: backend=dispatch (local pipeline scripts only; no Claude CLI) ollama=gemma4:e2b (christ gen + task_followup unless --no-followup)
  push failed (non-fatal): Command '['git', 'push', 'origin', 'main']' returned non-zero exit status 1.
[Worker001] T-0113 no dispatch rule — reopened.
=== 2026-04-10T05:24:13Z start Worker001 ===
[Worker001] checking for pending tasks…
[Worker001] claimed T-0113: Donaldson — 1_chronicles_1: add commentary JSON
[Worker001] models: backend=dispatch (local pipeline scripts only; no Claude CLI) ollama=gemma4:e2b (christ gen + task_followup unless --no-followup)
Reopened T-0113.
Reopened T-0113.
  push failed (non-fatal): Command '['git', 'push', 'origin', 'main']' returned non-zero exit status 1.
[Worker001] T-0113 no dispatch rule — reopened.
  push failed (non-fatal): Command '['git', 'push', 'origin', 'main']' returned non-zero exit status 1.
[Worker001] T-0113 no dispatch rule — reopened.
=== 2026-04-10T05:24:21Z start Worker001 ===
[Worker001] checking for pending tasks…
[Worker001] claimed T-0113: Donaldson — 1_chronicles_1: add commentary JSON
[Worker001] models: backend=dispatch (local pipeline scripts only; no Claude CLI) ollama=gemma4:e2b (christ gen + task_followup unless --no-followup)
Reopened T-0113.
  push failed (non-fatal): Command '['git', 'push', 'origin', 'main']' returned non-zero exit status 1.
[Worker001] T-0113 no dispatch rule — reopened.
=== 2026-04-10T05:24:39Z start Worker001 ===
=== 2026-04-10T05:24:39Z start Worker001 ===
[Worker001] checking for pending tasks…
[Worker001] checking for pending tasks…
[Worker001] claimed T-0113: Donaldson — 1_chronicles_1: add commentary JSON
[Worker001] models: backend=dispatch (local pipeline scripts only; no Claude CLI) ollama=gemma4:e2b (christ gen + task_followup unless --no-followup)
Reopened T-0113.
[Worker001] claimed T-0113: Donaldson — 1_chronicles_1: add commentary JSON
[Worker001] models: backend=dispatch (local pipeline scripts only; no Claude CLI) ollama=gemma4:e2b (christ gen + task_followup unless --no-followup)
=== 2026-04-10T05:24:42Z start Worker001 ===
[Worker001] checking for pending tasks…
[Worker001] claimed T-0113: Donaldson — 1_chronicles_1: add commentary JSON
[Worker001] models: backend=dispatch (local pipeline scripts only; no Claude CLI) ollama=gemma4:e2b (christ gen + task_followup unless --no-followup)
  push failed (non-fatal): Command '['git', 'push', 'origin', 'main']' returned non-zero exit status 1.
[Worker001] T-0113 no dispatch rule — reopened.
Reopened T-0113.
Reopened T-0113.
  push failed (non-fatal): Command '['git', 'push', 'origin', 'main']' returned non-zero exit status 1.
[Worker001] T-0113 no dispatch rule — reopened.
  push failed (non-fatal): Command '['git', 'push', 'origin', 'main']' returned non-zero exit status 1.
[Worker001] T-0113 no dispatch rule — reopened.
=== 2026-04-10T05:24:50Z start Worker001 ===
[Worker001] checking for pending tasks…
[Worker001] claimed T-0113: Donaldson — 1_chronicles_1: add commentary JSON
[Worker001] models: backend=dispatch (local pipeline scripts only; no Claude CLI) ollama=gemma4:e2b (christ gen + task_followup unless --no-followup)
Reopened T-0113.
  push failed (non-fatal): Command '['git', 'push', 'origin', 'main']' returned non-zero exit status 1.
[Worker001] T-0113 no dispatch rule — reopened.
=== 2026-04-10T05:25:06Z start Worker001 ===
[Worker001] checking for pending tasks…
[Worker001] claimed T-0113: Donaldson — 1_chronicles_1: add commentary JSON
[Worker001] models: backend=dispatch (local pipeline scripts only; no Claude CLI) ollama=gemma4:e2b (christ gen + task_followup unless --no-followup)
=== 2026-04-10T05:25:07Z start Worker001 ===
Reopened T-0113.
[Worker001] checking for pending tasks…
[Worker001] claimed T-0113: Donaldson — 1_chronicles_1: add commentary JSON
[Worker001] models: backend=dispatch (local pipeline scripts only; no Claude CLI) ollama=gemma4:e2b (christ gen + task_followup unless --no-followup)
  push failed (non-fatal): Command '['git', 'push', 'origin', 'main']' returned non-zero exit status 1.
[Worker001] T-0113 no dispatch rule — reopened.
=== 2026-04-10T05:25:11Z start Worker001 ===
[Worker001] checking for pending tasks…
Reopened T-0113.
[Worker001] claimed T-0113: Donaldson — 1_chronicles_1: add commentary JSON
[Worker001] models: backend=dispatch (local pipeline scripts only; no Claude CLI) ollama=gemma4:e2b (christ gen + task_followup unless --no-followup)
Reopened T-0113.
  push failed (non-fatal): Command '['git', 'push', 'origin', 'main']' returned non-zero exit status 1.
[Worker001] T-0113 no dispatch rule — reopened.
  push failed (non-fatal): Command '['git', 'push', 'origin', 'main']' returned non-zero exit status 1.
[Worker001] T-0113 no dispatch rule — reopened.
=== 2026-04-10T05:25:19Z start Worker001 ===
[Worker001] checking for pending tasks…
[Worker001] claimed T-0113: Donaldson — 1_chronicles_1: add commentary JSON
[Worker001] models: backend=dispatch (local pipeline scripts only; no Claude CLI) ollama=gemma4:e2b (christ gen + task_followup unless --no-followup)
Reopened T-0113.
  push failed (non-fatal): Command '['git', 'push', 'origin', 'main']' returned non-zero exit status 1.
[Worker001] T-0113 no dispatch rule — reopened.
=== 2026-04-10T05:25:35Z start Worker001 ===
[Worker001] checking for pending tasks…
[Worker001] claimed T-0113: Donaldson — 1_chronicles_1: add commentary JSON
[Worker001] models: backend=dispatch (local pipeline scripts only; no Claude CLI) ollama=gemma4:e2b (christ gen + task_followup unless --no-followup)
Reopened T-0113.
=== 2026-04-10T05:25:36Z start Worker001 ===
[Worker001] checking for pending tasks…
  push failed (non-fatal): Command '['git', 'push', 'origin', 'main']' returned non-zero exit status 1.
[Worker001] T-0113 no dispatch rule — reopened.
[Worker001] claimed T-0113: Donaldson — 1_chronicles_1: add commentary JSON
[Worker001] models: backend=dispatch (local pipeline scripts only; no Claude CLI) ollama=gemma4:e2b (christ gen + task_followup unless --no-followup)
=== 2026-04-10T05:25:40Z start Worker001 ===
[Worker001] checking for pending tasks…
[Worker001] claimed T-0113: Donaldson — 1_chronicles_1: add commentary JSON
[Worker001] models: backend=dispatch (local pipeline scripts only; no Claude CLI) ollama=gemma4:e2b (christ gen + task_followup unless --no-followup)
Reopened T-0113.
Reopened T-0113.
  push failed (non-fatal): Command '['git', 'push', 'origin', 'main']' returned non-zero exit status 1.
[Worker001] T-0113 no dispatch rule — reopened.
  pushed to origin
[Worker001] T-0113 no dispatch rule — reopened.
=== 2026-04-10T05:25:47Z start Worker001 ===
[Worker001] checking for pending tasks…
[Worker001] claimed T-0113: Donaldson — 1_chronicles_1: add commentary JSON
[Worker001] models: backend=dispatch (local pipeline scripts only; no Claude CLI) ollama=gemma4:e2b (christ gen + task_followup unless --no-followup)
Reopened T-0113.
  [ledger] pushed to origin
  pushed to origin
[Worker001] T-0113 no dispatch rule — reopened.
=== 2026-04-10T05:26:04Z start Worker001 ===
[Worker001] checking for pending tasks…
[Worker001] claimed T-0113: Donaldson — 1_chronicles_1: add commentary JSON
[Worker001] models: backend=dispatch (local pipeline scripts only; no Claude CLI) ollama=gemma4:e2b (christ gen + task_followup unless --no-followup)
=== 2026-04-10T05:26:05Z start Worker001 ===
[Worker001] checking for pending tasks…
[Worker001] claimed T-0113: Donaldson — 1_chronicles_1: add commentary JSON
[Worker001] models: backend=dispatch (local pipeline scripts only; no Claude CLI) ollama=gemma4:e2b (christ gen + task_followup unless --no-followup)
Reopened T-0113.
Reopened T-0113.
  push failed (non-fatal): Command '['git', 'push', 'origin', 'main']' returned non-zero exit status 1.
[Worker001] T-0113 no dispatch rule — reopened.
=== 2026-04-10T05:26:09Z start Worker001 ===
[Worker001] checking for pending tasks…
  pushed to origin
[Worker001] T-0113 no dispatch rule — reopened.
[Worker001] claimed T-0113: Donaldson — 1_chronicles_1: add commentary JSON
[Worker001] models: backend=dispatch (local pipeline scripts only; no Claude CLI) ollama=gemma4:e2b (christ gen + task_followup unless --no-followup)
Reopened T-0113.
  [ledger] pushed to origin
=== 2026-04-10T05:26:16Z start Worker001 ===
[Worker001] checking for pending tasks…
[Worker001] claimed T-0113: Donaldson — 1_chronicles_1: add commentary JSON
[Worker001] models: backend=dispatch (local pipeline scripts only; no Claude CLI) ollama=gemma4:e2b (christ gen + task_followup unless --no-followup)
Reopened T-0113.
  pushed to origin
[Worker001] T-0113 no dispatch rule — reopened.
  push failed (non-fatal): Command '['git', 'push', 'origin', 'main']' returned non-zero exit status 1.
[Worker001] T-0113 no dispatch rule — reopened.
=== 2026-04-10T05:26:33Z start Worker001 ===
[Worker001] checking for pending tasks…
[Worker001] claimed T-0113: Donaldson — 1_chronicles_1: add commentary JSON
[Worker001] models: backend=dispatch (local pipeline scripts only; no Claude CLI) ollama=gemma4:e2b (christ gen + task_followup unless --no-followup)
Reopened T-0113.
=== 2026-04-10T05:26:34Z start Worker001 ===
[Worker001] checking for pending tasks…
  push failed (non-fatal): Command '['git', 'push', 'origin', 'main']' returned non-zero exit status 1.
[Worker001] T-0113 no dispatch rule — reopened.
[Worker001] claimed T-0113: Donaldson — 1_chronicles_1: add commentary JSON
[Worker001] models: backend=dispatch (local pipeline scripts only; no Claude CLI) ollama=gemma4:e2b (christ gen + task_followup unless --no-followup)
=== 2026-04-10T05:26:38Z start Worker001 ===
[Worker001] checking for pending tasks…
[Worker001] claimed T-0113: Donaldson — 1_chronicles_1: add commentary JSON
[Worker001] models: backend=dispatch (local pipeline scripts only; no Claude CLI) ollama=gemma4:e2b (christ gen + task_followup unless --no-followup)
Reopened T-0113.
Reopened T-0113.
  pushed to origin
[Worker001] T-0113 no dispatch rule — reopened.
  push failed (non-fatal): Command '['git', 'push', 'origin', 'main']' returned non-zero exit status 1.
[Worker001] T-0113 no dispatch rule — reopened.
=== 2026-04-10T05:26:45Z start Worker001 ===
[Worker001] checking for pending tasks…
[Worker001] claimed T-0113: Donaldson — 1_chronicles_1: add commentary JSON
[Worker001] models: backend=dispatch (local pipeline scripts only; no Claude CLI) ollama=gemma4:e2b (christ gen + task_followup unless --no-followup)
Reopened T-0113.
  push failed (non-fatal): Command '['git', 'push', 'origin', 'main']' returned non-zero exit status 1.
[Worker001] T-0113 no dispatch rule — reopened.
=== 2026-04-10T05:27:03Z start Worker001 ===
[Worker001] checking for pending tasks…
[Worker001] claimed T-0113: Donaldson — 1_chronicles_1: add commentary JSON
[Worker001] models: backend=dispatch (local pipeline scripts only; no Claude CLI) ollama=gemma4:e2b (christ gen + task_followup unless --no-followup)
Reopened T-0113.
=== 2026-04-10T05:27:05Z start Worker001 ===
[Worker001] checking for pending tasks…
[Worker001] claimed T-0113: Donaldson — 1_chronicles_1: add commentary JSON
[Worker001] models: backend=dispatch (local pipeline scripts only; no Claude CLI) ollama=gemma4:e2b (christ gen + task_followup unless --no-followup)
Reopened T-0113.
  push failed (non-fatal): Command '['git', 'push', 'origin', 'main']' returned non-zero exit status 1.
[Worker001] T-0113 no dispatch rule — reopened.
=== 2026-04-10T05:27:08Z start Worker001 ===
[Worker001] checking for pending tasks…
[Worker001] claimed T-0113: Donaldson — 1_chronicles_1: add commentary JSON
[Worker001] models: backend=dispatch (local pipeline scripts only; no Claude CLI) ollama=gemma4:e2b (christ gen + task_followup unless --no-followup)
  push failed (non-fatal): Command '['git', 'push', 'origin', 'main']' returned non-zero exit status 1.
[Worker001] T-0113 no dispatch rule — reopened.
Reopened T-0113.
  push failed (non-fatal): Command '['git', 'push', 'origin', 'main']' returned non-zero exit status 1.
[Worker001] T-0113 no dispatch rule — reopened.
=== 2026-04-10T05:27:15Z start Worker001 ===
[Worker001] checking for pending tasks…
[Worker001] claimed T-0113: Donaldson — 1_chronicles_1: add commentary JSON
[Worker001] models: backend=dispatch (local pipeline scripts only; no Claude CLI) ollama=gemma4:e2b (christ gen + task_followup unless --no-followup)
Reopened T-0113.
  push failed (non-fatal): Command '['git', 'push', 'origin', 'main']' returned non-zero exit status 1.
[Worker001] T-0113 no dispatch rule — reopened.
=== 2026-04-10T05:27:33Z start Worker001 ===
[Worker001] checking for pending tasks…
[Worker001] claimed T-0113: Donaldson — 1_chronicles_1: add commentary JSON
[Worker001] models: backend=dispatch (local pipeline scripts only; no Claude CLI) ollama=gemma4:e2b (christ gen + task_followup unless --no-followup)
=== 2026-04-10T05:27:33Z start Worker001 ===
[Worker001] checking for pending tasks…
[Worker001] claimed T-0117: Donaldson — 1_chronicles_10: add commentary JSON
[Worker001] models: backend=dispatch (local pipeline scripts only; no Claude CLI) ollama=gemma4:e2b (christ gen + task_followup unless --no-followup)
Reopened T-0117.
  push failed (non-fatal): Command '['git', 'push', 'origin', 'main']' returned non-zero exit status 1.
[Worker001] T-0117 no dispatch rule — reopened.
Reopened T-0113.
=== 2026-04-10T05:27:37Z start Worker001 ===
[Worker001] checking for pending tasks…
[Worker001] claimed T-0113: Donaldson — 1_chronicles_1: add commentary JSON
[Worker001] models: backend=dispatch (local pipeline scripts only; no Claude CLI) ollama=gemma4:e2b (christ gen + task_followup unless --no-followup)
  pushed to origin
[Worker001] T-0113 no dispatch rule — reopened.
Reopened T-0113.
  pushed to origin
[Worker001] T-0113 no dispatch rule — reopened.
=== 2026-04-10T05:27:44Z start Worker001 ===
[Worker001] checking for pending tasks…
[Worker001] claimed T-0113: Donaldson — 1_chronicles_1: add commentary JSON
[Worker001] models: backend=dispatch (local pipeline scripts only; no Claude CLI) ollama=gemma4:e2b (christ gen + task_followup unless --no-followup)
Reopened T-0113.
  push failed (non-fatal): Command '['git', 'push', 'origin', 'main']' returned non-zero exit status 1.
[Worker001] T-0113 no dispatch rule — reopened.
=== 2026-04-10T05:28:01Z start Worker001 ===
[Worker001] checking for pending tasks…
=== 2026-04-10T05:28:03Z start Worker001 ===
[Worker001] checking for pending tasks…
[Worker001] claimed T-0113: Donaldson — 1_chronicles_1: add commentary JSON
[Worker001] models: backend=dispatch (local pipeline scripts only; no Claude CLI) ollama=gemma4:e2b (christ gen + task_followup unless --no-followup)
Reopened T-0113.
[Worker001] claimed T-0113: Donaldson — 1_chronicles_1: add commentary JSON
[Worker001] models: backend=dispatch (local pipeline scripts only; no Claude CLI) ollama=gemma4:e2b (christ gen + task_followup unless --no-followup)
  push failed (non-fatal): Command '['git', 'push', 'origin', 'main']' returned non-zero exit status 1.
[Worker001] T-0113 no dispatch rule — reopened.
=== 2026-04-10T05:28:06Z start Worker001 ===
[Worker001] checking for pending tasks…
[Worker001] claimed T-0113: Donaldson — 1_chronicles_1: add commentary JSON
[Worker001] models: backend=dispatch (local pipeline scripts only; no Claude CLI) ollama=gemma4:e2b (christ gen + task_followup unless --no-followup)
Reopened T-0113.
Reopened T-0113.
  [ledger] pushed to origin
  pushed to origin
[Worker001] T-0113 no dispatch rule — reopened.
  push failed (non-fatal): Command '['git', 'push', 'origin', 'main']' returned non-zero exit status 1.
[Worker001] T-0113 no dispatch rule — reopened.
=== 2026-04-10T05:28:12Z start Worker001 ===
[Worker001] checking for pending tasks…
[Worker001] claimed T-0113: Donaldson — 1_chronicles_1: add commentary JSON
[Worker001] models: backend=dispatch (local pipeline scripts only; no Claude CLI) ollama=gemma4:e2b (christ gen + task_followup unless --no-followup)
Reopened T-0113.
  pushed to origin
[Worker001] T-0113 no dispatch rule — reopened.
=== 2026-04-10T05:28:31Z start Worker001 ===
[Worker001] checking for pending tasks…
[Worker001] claimed T-0113: Donaldson — 1_chronicles_1: add commentary JSON
[Worker001] models: backend=dispatch (local pipeline scripts only; no Claude CLI) ollama=gemma4:e2b (christ gen + task_followup unless --no-followup)
Reopened T-0113.
=== 2026-04-10T05:28:32Z start Worker001 ===
[Worker001] checking for pending tasks…
=== 2026-04-10T05:28:33Z start Worker001 ===
[Worker001] claimed T-0113: Donaldson — 1_chronicles_1: add commentary JSON
[Worker001] models: backend=dispatch (local pipeline scripts only; no Claude CLI) ollama=gemma4:e2b (christ gen + task_followup unless --no-followup)
[Worker001] checking for pending tasks…
Reopened T-0113.
[Worker001] claimed T-0117: Donaldson — 1_chronicles_10: add commentary JSON
[Worker001] models: backend=dispatch (local pipeline scripts only; no Claude CLI) ollama=gemma4:e2b (christ gen + task_followup unless --no-followup)
  push failed (non-fatal): Command '['git', 'push', 'origin', 'main']' returned non-zero exit status 1.
[Worker001] T-0113 no dispatch rule — reopened.
  push failed (non-fatal): Command '['git', 'push', 'origin', 'main']' returned non-zero exit status 1.
[Worker001] T-0113 no dispatch rule — reopened.
Reopened T-0117.
  push failed (non-fatal): Command '['git', 'push', 'origin', 'main']' returned non-zero exit status 1.
[Worker001] T-0117 no dispatch rule — reopened.
=== 2026-04-10T05:28:41Z start Worker001 ===
[Worker001] checking for pending tasks…
[Worker001] claimed T-0113: Donaldson — 1_chronicles_1: add commentary JSON
[Worker001] models: backend=dispatch (local pipeline scripts only; no Claude CLI) ollama=gemma4:e2b (christ gen + task_followup unless --no-followup)
Reopened T-0113.
  pushed to origin
[Worker001] T-0113 no dispatch rule — reopened.
=== 2026-04-10T05:29:01Z start Worker001 ===
[Worker001] checking for pending tasks…
[Worker001] claimed T-0113: Donaldson — 1_chronicles_1: add commentary JSON
[Worker001] models: backend=dispatch (local pipeline scripts only; no Claude CLI) ollama=gemma4:e2b (christ gen + task_followup unless --no-followup)
Reopened T-0113.
=== 2026-04-10T05:29:02Z start Worker001 ===
[Worker001] checking for pending tasks…
[Worker001] claimed T-0113: Donaldson — 1_chronicles_1: add commentary JSON
[Worker001] models: backend=dispatch (local pipeline scripts only; no Claude CLI) ollama=gemma4:e2b (christ gen + task_followup unless --no-followup)
Reopened T-0113.
=== 2026-04-10T05:29:03Z start Worker001 ===
[Worker001] checking for pending tasks…
[Worker001] claimed T-0113: Donaldson — 1_chronicles_1: add commentary JSON
[Worker001] models: backend=dispatch (local pipeline scripts only; no Claude CLI) ollama=gemma4:e2b (christ gen + task_followup unless --no-followup)
Reopened T-0113.
  push failed (non-fatal): Command '['git', 'push', 'origin', 'main']' returned non-zero exit status 1.
[Worker001] T-0113 no dispatch rule — reopened.
  push failed (non-fatal): Command '['git', 'push', 'origin', 'main']' returned non-zero exit status 1.
[Worker001] T-0113 no dispatch rule — reopened.
  push failed (non-fatal): Command '['git', 'push', 'origin', 'main']' returned non-zero exit status 1.
[Worker001] T-0113 no dispatch rule — reopened.
=== 2026-04-10T05:29:09Z start Worker001 ===
[Worker001] checking for pending tasks…
[Worker001] claimed T-0113: Donaldson — 1_chronicles_1: add commentary JSON
[Worker001] models: backend=dispatch (local pipeline scripts only; no Claude CLI) ollama=gemma4:e2b (christ gen + task_followup unless --no-followup)
Reopened T-0113.
  push failed (non-fatal): Command '['git', 'push', 'origin', 'main']' returned non-zero exit status 1.
[Worker001] T-0113 no dispatch rule — reopened.
=== 2026-04-10T05:29:31Z start Worker001 ===
[Worker001] checking for pending tasks…
[Worker001] claimed T-0113: Donaldson — 1_chronicles_1: add commentary JSON
[Worker001] models: backend=dispatch (local pipeline scripts only; no Claude CLI) ollama=gemma4:e2b (christ gen + task_followup unless --no-followup)
=== 2026-04-10T05:29:32Z start Worker001 ===
[Worker001] checking for pending tasks…
Reopened T-0113.
[Worker001] claimed T-0113: Donaldson — 1_chronicles_1: add commentary JSON
[Worker001] models: backend=dispatch (local pipeline scripts only; no Claude CLI) ollama=gemma4:e2b (christ gen + task_followup unless --no-followup)
Reopened T-0113.
=== 2026-04-10T05:29:33Z start Worker001 ===
[Worker001] checking for pending tasks…
[Worker001] claimed T-0113: Donaldson — 1_chronicles_1: add commentary JSON
[Worker001] models: backend=dispatch (local pipeline scripts only; no Claude CLI) ollama=gemma4:e2b (christ gen + task_followup unless --no-followup)
Reopened T-0113.
  pushed to origin
[Worker001] T-0113 no dispatch rule — reopened.
  push failed (non-fatal): Command '['git', 'push', 'origin', 'main']' returned non-zero exit status 1.
[Worker001] T-0113 no dispatch rule — reopened.
  push failed (non-fatal): Command '['git', 'push', 'origin', 'main']' returned non-zero exit status 1.
[Worker001] T-0113 no dispatch rule — reopened.
=== 2026-04-10T05:29:38Z start Worker001 ===
[Worker001] checking for pending tasks…
[Worker001] claimed T-0113: Donaldson — 1_chronicles_1: add commentary JSON
[Worker001] models: backend=dispatch (local pipeline scripts only; no Claude CLI) ollama=gemma4:e2b (christ gen + task_followup unless --no-followup)
Reopened T-0113.
  pushed to origin
[Worker001] T-0113 no dispatch rule — reopened.
=== 2026-04-10T05:29:57Z start Worker001 ===
[Worker001] checking for pending tasks…
[Worker001] claimed T-0113: Donaldson — 1_chronicles_1: add commentary JSON
[Worker001] models: backend=dispatch (local pipeline scripts only; no Claude CLI) ollama=gemma4:e2b (christ gen + task_followup unless --no-followup)
Reopened T-0113.
  pushed to origin
[Worker001] T-0113 no dispatch rule — reopened.
=== 2026-04-10T05:30:02Z start Worker001 ===
[Worker001] checking for pending tasks…
[Worker001] claimed T-0113: Donaldson — 1_chronicles_1: add commentary JSON
[Worker001] models: backend=dispatch (local pipeline scripts only; no Claude CLI) ollama=gemma4:e2b (christ gen + task_followup unless --no-followup)
Reopened T-0113.
=== 2026-04-10T05:30:03Z start Worker001 ===
[Worker001] checking for pending tasks…
[Worker001] claimed T-0113: Donaldson — 1_chronicles_1: add commentary JSON
[Worker001] models: backend=dispatch (local pipeline scripts only; no Claude CLI) ollama=gemma4:e2b (christ gen + task_followup unless --no-followup)
Reopened T-0113.
  push failed (non-fatal): Command '['git', 'push', 'origin', 'main']' returned non-zero exit status 1.
[Worker001] T-0113 no dispatch rule — reopened.
  push failed (non-fatal): Command '['git', 'push', 'origin', 'main']' returned non-zero exit status 1.
[Worker001] T-0113 no dispatch rule — reopened.
=== 2026-04-10T05:30:07Z start Worker001 ===
[Worker001] checking for pending tasks…
[Worker001] claimed T-0113: Donaldson — 1_chronicles_1: add commentary JSON
[Worker001] models: backend=dispatch (local pipeline scripts only; no Claude CLI) ollama=gemma4:e2b (christ gen + task_followup unless --no-followup)
Reopened T-0113.
  push failed (non-fatal): Command '['git', 'push', 'origin', 'main']' returned non-zero exit status 1.
[Worker001] T-0113 no dispatch rule — reopened.
=== 2026-04-10T05:30:28Z start Worker001 ===
[Worker001] checking for pending tasks…
[Worker001] claimed T-0113: Donaldson — 1_chronicles_1: add commentary JSON
[Worker001] models: backend=dispatch (local pipeline scripts only; no Claude CLI) ollama=gemma4:e2b (christ gen + task_followup unless --no-followup)
Reopened T-0113.
  push failed (non-fatal): Command '['git', 'push', 'origin', 'main']' returned non-zero exit status 1.
[Worker001] T-0113 no dispatch rule — reopened.
=== 2026-04-10T05:30:32Z start Worker001 ===
[Worker001] checking for pending tasks…
[Worker001] claimed T-0113: Donaldson — 1_chronicles_1: add commentary JSON
[Worker001] models: backend=dispatch (local pipeline scripts only; no Claude CLI) ollama=gemma4:e2b (christ gen + task_followup unless --no-followup)
Reopened T-0113.
=== 2026-04-10T05:30:33Z start Worker001 ===
[Worker001] checking for pending tasks…
  push failed (non-fatal): Command '['git', 'push', 'origin', 'main']' returned non-zero exit status 1.
[Worker001] T-0113 no dispatch rule — reopened.
=== 2026-04-10T05:30:36Z start Worker001 ===
[Worker001] checking for pending tasks…
[Worker001] claimed T-0113: Donaldson — 1_chronicles_1: add commentary JSON
[Worker001] models: backend=dispatch (local pipeline scripts only; no Claude CLI) ollama=gemma4:e2b (christ gen + task_followup unless --no-followup)
[Worker001] claimed T-0113: Donaldson — 1_chronicles_1: add commentary JSON
[Worker001] models: backend=dispatch (local pipeline scripts only; no Claude CLI) ollama=gemma4:e2b (christ gen + task_followup unless --no-followup)
Reopened T-0113.
  pushed to origin
[Worker001] T-0113 no dispatch rule — reopened.
Reopened T-0113.
  pushed to origin
[Worker001] T-0113 no dispatch rule — reopened.
=== 2026-04-10T05:30:58Z start Worker001 ===
[Worker001] checking for pending tasks…
[Worker001] claimed T-0113: Donaldson — 1_chronicles_1: add commentary JSON
[Worker001] models: backend=dispatch (local pipeline scripts only; no Claude CLI) ollama=gemma4:e2b (christ gen + task_followup unless --no-followup)
=== 2026-04-10T05:31:02Z start Worker001 ===
[Worker001] checking for pending tasks…
=== 2026-04-10T05:31:03Z start Worker001 ===
[Worker001] checking for pending tasks…
[Worker001] claimed T-0113: Donaldson — 1_chronicles_1: add commentary JSON
[Worker001] models: backend=dispatch (local pipeline scripts only; no Claude CLI) ollama=gemma4:e2b (christ gen + task_followup unless --no-followup)
=== 2026-04-10T05:31:03Z start Worker001 ===
[Worker001] checking for pending tasks…
[Worker001] claimed T-0117: Donaldson — 1_chronicles_10: add commentary JSON
[Worker001] models: backend=dispatch (local pipeline scripts only; no Claude CLI) ollama=gemma4:e2b (christ gen + task_followup unless --no-followup)
Reopened T-0113.
[Worker001] claimed T-0113: Donaldson — 1_chronicles_1: add commentary JSON
[Worker001] models: backend=dispatch (local pipeline scripts only; no Claude CLI) ollama=gemma4:e2b (christ gen + task_followup unless --no-followup)
Reopened T-0117.
Reopened T-0113.
Reopened T-0113.
  [ledger] pushed to origin
  pushed to origin
[Worker001] T-0113 no dispatch rule — reopened.
  push failed (non-fatal): Command '['git', 'push', 'origin', 'main']' returned non-zero exit status 1.
[Worker001] T-0113 no dispatch rule — reopened.
  push failed (non-fatal): Command '['git', 'push', 'origin', 'main']' returned non-zero exit status 1.
[Worker001] T-0117 no dispatch rule — reopened.
  push failed (non-fatal): Command '['git', 'push', 'origin', 'main']' returned non-zero exit status 1.
[Worker001] T-0113 no dispatch rule — reopened.
=== 2026-04-10T05:31:29Z start Worker001 ===
=== 2026-04-10T05:31:29Z start Worker001 ===
[Worker001] checking for pending tasks…
[Worker001] checking for pending tasks…
[Worker001] claimed T-0113: Donaldson — 1_chronicles_1: add commentary JSON
[Worker001] models: backend=dispatch (local pipeline scripts only; no Claude CLI) ollama=gemma4:e2b (christ gen + task_followup unless --no-followup)
[Worker001] claimed T-0113: Donaldson — 1_chronicles_1: add commentary JSON
[Worker001] models: backend=dispatch (local pipeline scripts only; no Claude CLI) ollama=gemma4:e2b (christ gen + task_followup unless --no-followup)
Reopened T-0113.
Reopened T-0113.
=== 2026-04-10T05:31:32Z start Worker001 ===
[Worker001] checking for pending tasks…
  push failed (non-fatal): Command '['git', 'push', 'origin', 'main']' returned non-zero exit status 1.
[Worker001] T-0113 no dispatch rule — reopened.
  push failed (non-fatal): Command '['git', 'push', 'origin', 'main']' returned non-zero exit status 1.
[Worker001] T-0113 no dispatch rule — reopened.
=== 2026-04-10T05:31:33Z start Worker001 ===
[Worker001] checking for pending tasks…
[Worker001] claimed T-0113: Donaldson — 1_chronicles_1: add commentary JSON
[Worker001] models: backend=dispatch (local pipeline scripts only; no Claude CLI) ollama=gemma4:e2b (christ gen + task_followup unless --no-followup)
Reopened T-0113.
[Worker001] claimed T-0113: Donaldson — 1_chronicles_1: add commentary JSON
[Worker001] models: backend=dispatch (local pipeline scripts only; no Claude CLI) ollama=gemma4:e2b (christ gen + task_followup unless --no-followup)
  push failed (non-fatal): Command '['git', 'push', 'origin', 'main']' returned non-zero exit status 1.
[Worker001] T-0113 no dispatch rule — reopened.
Reopened T-0113.
  pushed to origin
[Worker001] T-0113 no dispatch rule — reopened.
=== 2026-04-10T05:31:54Z start Worker001 ===
[Worker001] checking for pending tasks…
[Worker001] claimed T-0113: Donaldson — 1_chronicles_1: add commentary JSON
[Worker001] models: backend=dispatch (local pipeline scripts only; no Claude CLI) ollama=gemma4:e2b (christ gen + task_followup unless --no-followup)
Reopened T-0113.
  pushed to origin
[Worker001] T-0113 no dispatch rule — reopened.
=== 2026-04-10T05:32:00Z start Worker001 ===
[Worker001] checking for pending tasks…
[Worker001] claimed T-0113: Donaldson — 1_chronicles_1: add commentary JSON
[Worker001] models: backend=dispatch (local pipeline scripts only; no Claude CLI) ollama=gemma4:e2b (christ gen + task_followup unless --no-followup)
Reopened T-0113.
=== 2026-04-10T05:32:01Z start Worker001 ===
[Worker001] checking for pending tasks…
[Worker001] claimed T-0113: Donaldson — 1_chronicles_1: add commentary JSON
[Worker001] models: backend=dispatch (local pipeline scripts only; no Claude CLI) ollama=gemma4:e2b (christ gen + task_followup unless --no-followup)
=== 2026-04-10T05:32:02Z start Worker001 ===
Reopened T-0113.
[Worker001] checking for pending tasks…
[Worker001] claimed T-0113: Donaldson — 1_chronicles_1: add commentary JSON
[Worker001] models: backend=dispatch (local pipeline scripts only; no Claude CLI) ollama=gemma4:e2b (christ gen + task_followup unless --no-followup)
Reopened T-0113.
  pushed to origin
[Worker001] T-0113 no dispatch rule — reopened.
  push failed (non-fatal): Command '['git', 'push', 'origin', 'main']' returned non-zero exit status 1.
[Worker001] T-0113 no dispatch rule — reopened.
  push failed (non-fatal): Command '['git', 'push', 'origin', 'main']' returned non-zero exit status 1.
[Worker001] T-0113 no dispatch rule — reopened.
=== 2026-04-10T05:32:24Z start Worker001 ===
[Worker001] checking for pending tasks…
[Worker001] claimed T-0113: Donaldson — 1_chronicles_1: add commentary JSON
[Worker001] models: backend=dispatch (local pipeline scripts only; no Claude CLI) ollama=gemma4:e2b (christ gen + task_followup unless --no-followup)
Reopened T-0113.
  push failed (non-fatal): Command '['git', 'push', 'origin', 'main']' returned non-zero exit status 1.
[Worker001] T-0113 no dispatch rule — reopened.
=== 2026-04-10T05:32:30Z start Worker001 ===
[Worker001] checking for pending tasks…
=== 2026-04-10T05:32:31Z start Worker001 ===
[Worker001] checking for pending tasks…
=== 2026-04-10T05:32:31Z start Worker001 ===
[Worker001] checking for pending tasks…
[Worker001] claimed T-0117: Donaldson — 1_chronicles_10: add commentary JSON
[Worker001] models: backend=dispatch (local pipeline scripts only; no Claude CLI) ollama=gemma4:e2b (christ gen + task_followup unless --no-followup)
[Worker001] claimed T-0113: Donaldson — 1_chronicles_1: add commentary JSON
[Worker001] models: backend=dispatch (local pipeline scripts only; no Claude CLI) ollama=gemma4:e2b (christ gen + task_followup unless --no-followup)
Reopened T-0113.
[Worker001] claimed T-0113: Donaldson — 1_chronicles_1: add commentary JSON
[Worker001] models: backend=dispatch (local pipeline scripts only; no Claude CLI) ollama=gemma4:e2b (christ gen + task_followup unless --no-followup)
  push failed (non-fatal): Command '['git', 'push', 'origin', 'main']' returned non-zero exit status 1.
[Worker001] T-0113 no dispatch rule — reopened.
Reopened T-0117.
Reopened T-0113.
  [ledger] pushed to origin
  push failed (non-fatal): Command '['git', 'push', 'origin', 'main']' returned non-zero exit status 1.
[Worker001] T-0117 no dispatch rule — reopened.
  pushed to origin
[Worker001] T-0113 no dispatch rule — reopened.
=== 2026-04-10T05:32:53Z start Worker001 ===
[Worker001] checking for pending tasks…
[Worker001] claimed T-0113: Donaldson — 1_chronicles_1: add commentary JSON
[Worker001] models: backend=dispatch (local pipeline scripts only; no Claude CLI) ollama=gemma4:e2b (christ gen + task_followup unless --no-followup)
=== 2026-04-10T05:32:57Z start Worker001 ===
[Worker001] checking for pending tasks…
=== 2026-04-10T05:32:59Z start Worker001 ===
[Worker001] checking for pending tasks…
[Worker001] claimed T-0113: Donaldson — 1_chronicles_1: add commentary JSON
[Worker001] models: backend=dispatch (local pipeline scripts only; no Claude CLI) ollama=gemma4:e2b (christ gen + task_followup unless --no-followup)
Reopened T-0113.
  [ledger] pushed to origin
=== 2026-04-10T05:33:00Z start Worker001 ===
[Worker001] checking for pending tasks…
Reopened T-0113.
[Worker001] claimed T-0113: Donaldson — 1_chronicles_1: add commentary JSON
[Worker001] models: backend=dispatch (local pipeline scripts only; no Claude CLI) ollama=gemma4:e2b (christ gen + task_followup unless --no-followup)
[Worker001] claimed T-0113: Donaldson — 1_chronicles_1: add commentary JSON
[Worker001] models: backend=dispatch (local pipeline scripts only; no Claude CLI) ollama=gemma4:e2b (christ gen + task_followup unless --no-followup)
Reopened T-0113.
Reopened T-0113.
  pushed to origin
[Worker001] T-0113 no dispatch rule — reopened.
  pushed to origin
[Worker001] T-0113 no dispatch rule — reopened.
  push failed (non-fatal): Command '['git', 'push', 'origin', 'main']' returned non-zero exit status 1.
[Worker001] T-0113 no dispatch rule — reopened.
  push failed (non-fatal): Command '['git', 'push', 'origin', 'main']' returned non-zero exit status 1.
[Worker001] T-0113 no dispatch rule — reopened.
=== 2026-04-10T05:33:23Z start Worker001 ===
[Worker001] checking for pending tasks…
[Worker001] claimed T-0113: Donaldson — 1_chronicles_1: add commentary JSON
[Worker001] models: backend=dispatch (local pipeline scripts only; no Claude CLI) ollama=gemma4:e2b (christ gen + task_followup unless --no-followup)
Reopened T-0113.
=== 2026-04-10T05:33:25Z start Worker001 ===
[Worker001] checking for pending tasks…
[Worker001] claimed T-0113: Donaldson — 1_chronicles_1: add commentary JSON
[Worker001] models: backend=dispatch (local pipeline scripts only; no Claude CLI) ollama=gemma4:e2b (christ gen + task_followup unless --no-followup)
Reopened T-0113.
  push failed (non-fatal): Command '['git', 'push', 'origin', 'main']' returned non-zero exit status 1.
[Worker001] T-0113 no dispatch rule — reopened.
  pushed to origin
[Worker001] T-0113 no dispatch rule — reopened.
=== 2026-04-10T05:33:29Z start Worker001 ===
=== 2026-04-10T05:33:29Z start Worker001 ===
[Worker001] checking for pending tasks…
[Worker001] checking for pending tasks…
[Worker001] claimed T-0113: Donaldson — 1_chronicles_1: add commentary JSON
[Worker001] models: backend=dispatch (local pipeline scripts only; no Claude CLI) ollama=gemma4:e2b (christ gen + task_followup unless --no-followup)
[Worker001] claimed T-0113: Donaldson — 1_chronicles_1: add commentary JSON
[Worker001] models: backend=dispatch (local pipeline scripts only; no Claude CLI) ollama=gemma4:e2b (christ gen + task_followup unless --no-followup)
Reopened T-0113.
Reopened T-0113.
  push failed (non-fatal): Command '['git', 'push', 'origin', 'main']' returned non-zero exit status 1.
[Worker001] T-0113 no dispatch rule — reopened.
  push failed (non-fatal): Command '['git', 'push', 'origin', 'main']' returned non-zero exit status 1.
[Worker001] T-0113 no dispatch rule — reopened.
=== 2026-04-10T05:33:54Z start Worker001 ===
[Worker001] checking for pending tasks…
[Worker001] claimed T-0113: Donaldson — 1_chronicles_1: add commentary JSON
[Worker001] models: backend=dispatch (local pipeline scripts only; no Claude CLI) ollama=gemma4:e2b (christ gen + task_followup unless --no-followup)
Reopened T-0113.
=== 2026-04-10T05:33:55Z start Worker001 ===
=== 2026-04-10T05:33:55Z start Worker001 ===
[Worker001] checking for pending tasks…
[Worker001] checking for pending tasks…
[Worker001] claimed T-0113: Donaldson — 1_chronicles_1: add commentary JSON
[Worker001] models: backend=dispatch (local pipeline scripts only; no Claude CLI) ollama=gemma4:e2b (christ gen + task_followup unless --no-followup)
[Worker001] claimed T-0113: Donaldson — 1_chronicles_1: add commentary JSON
[Worker001] models: backend=dispatch (local pipeline scripts only; no Claude CLI) ollama=gemma4:e2b (christ gen + task_followup unless --no-followup)
Reopened T-0113.
Reopened T-0113.
  push failed (non-fatal): Command '['git', 'push', 'origin', 'main']' returned non-zero exit status 1.
[Worker001] T-0113 no dispatch rule — reopened.
  push failed (non-fatal): Command '['git', 'push', 'origin', 'main']' returned non-zero exit status 1.
[Worker001] T-0113 no dispatch rule — reopened.
  push failed (non-fatal): Command '['git', 'push', 'origin', 'main']' returned non-zero exit status 1.
[Worker001] T-0113 no dispatch rule — reopened.
=== 2026-04-10T05:33:59Z start Worker001 ===
[Worker001] checking for pending tasks…
[Worker001] claimed T-0113: Donaldson — 1_chronicles_1: add commentary JSON
[Worker001] models: backend=dispatch (local pipeline scripts only; no Claude CLI) ollama=gemma4:e2b (christ gen + task_followup unless --no-followup)
Reopened T-0113.
  push failed (non-fatal): Command '['git', 'push', 'origin', 'main']' returned non-zero exit status 1.
[Worker001] T-0113 no dispatch rule — reopened.
=== 2026-04-10T05:34:23Z start Worker001 ===
[Worker001] checking for pending tasks…
[Worker001] claimed T-0113: Donaldson — 1_chronicles_1: add commentary JSON
[Worker001] models: backend=dispatch (local pipeline scripts only; no Claude CLI) ollama=gemma4:e2b (christ gen + task_followup unless --no-followup)
Reopened T-0113.
=== 2026-04-10T05:34:24Z start Worker001 ===
[Worker001] checking for pending tasks…
[Worker001] claimed T-0113: Donaldson — 1_chronicles_1: add commentary JSON
[Worker001] models: backend=dispatch (local pipeline scripts only; no Claude CLI) ollama=gemma4:e2b (christ gen + task_followup unless --no-followup)
Reopened T-0113.
=== 2026-04-10T05:34:25Z start Worker001 ===
[Worker001] checking for pending tasks…
=== 2026-04-10T05:34:25Z start Worker001 ===
[Worker001] checking for pending tasks…
[Worker001] claimed T-0113: Donaldson — 1_chronicles_1: add commentary JSON
[Worker001] models: backend=dispatch (local pipeline scripts only; no Claude CLI) ollama=gemma4:e2b (christ gen + task_followup unless --no-followup)
Reopened T-0113.
  push failed (non-fatal): Command '['git', 'push', 'origin', 'main']' returned non-zero exit status 1.
[Worker001] T-0113 no dispatch rule — reopened.
[Worker001] claimed T-0113: Donaldson — 1_chronicles_1: add commentary JSON
[Worker001] models: backend=dispatch (local pipeline scripts only; no Claude CLI) ollama=gemma4:e2b (christ gen + task_followup unless --no-followup)
Reopened T-0113.
  push failed (non-fatal): Command '['git', 'push', 'origin', 'main']' returned non-zero exit status 1.
[Worker001] T-0113 no dispatch rule — reopened.
  push failed (non-fatal): Command '['git', 'push', 'origin', 'main']' returned non-zero exit status 1.
[Worker001] T-0113 no dispatch rule — reopened.
  push failed (non-fatal): Command '['git', 'push', 'origin', 'main']' returned non-zero exit status 1.
[Worker001] T-0113 no dispatch rule — reopened.
=== 2026-04-10T05:34:52Z start Worker001 ===
[Worker001] checking for pending tasks…
=== 2026-04-10T05:34:55Z start Worker001 ===
[Worker001] checking for pending tasks…
[Worker001] claimed T-0113: Donaldson — 1_chronicles_1: add commentary JSON
[Worker001] models: backend=dispatch (local pipeline scripts only; no Claude CLI) ollama=gemma4:e2b (christ gen + task_followup unless --no-followup)
Reopened T-0113.
=== 2026-04-10T05:34:56Z start Worker001 ===
[Worker001] checking for pending tasks…
=== 2026-04-10T05:34:56Z start Worker001 ===
[Worker001] checking for pending tasks…
[Worker001] claimed T-0113: Donaldson — 1_chronicles_1: add commentary JSON
[Worker001] models: backend=dispatch (local pipeline scripts only; no Claude CLI) ollama=gemma4:e2b (christ gen + task_followup unless --no-followup)
[Worker001] claimed T-0113: Donaldson — 1_chronicles_1: add commentary JSON
[Worker001] models: backend=dispatch (local pipeline scripts only; no Claude CLI) ollama=gemma4:e2b (christ gen + task_followup unless --no-followup)
Reopened T-0113.
Reopened T-0113.
[Worker001] claimed T-0113: Donaldson — 1_chronicles_1: add commentary JSON
[Worker001] models: backend=dispatch (local pipeline scripts only; no Claude CLI) ollama=gemma4:e2b (christ gen + task_followup unless --no-followup)
  push failed (non-fatal): Command '['git', 'push', 'origin', 'main']' returned non-zero exit status 1.
[Worker001] T-0113 no dispatch rule — reopened.
  push failed (non-fatal): Command '['git', 'push', 'origin', 'main']' returned non-zero exit status 1.
[Worker001] T-0113 no dispatch rule — reopened.
  push failed (non-fatal): Command '['git', 'push', 'origin', 'main']' returned non-zero exit status 1.
[Worker001] T-0113 no dispatch rule — reopened.
Reopened T-0113.
  push failed (non-fatal): Command '['git', 'push', 'origin', 'main']' returned non-zero exit status 1.
[Worker001] T-0113 no dispatch rule — reopened.
=== 2026-04-10T05:35:20Z start Worker001 ===
[Worker001] checking for pending tasks…
[Worker001] claimed T-0113: Donaldson — 1_chronicles_1: add commentary JSON
[Worker001] models: backend=dispatch (local pipeline scripts only; no Claude CLI) ollama=gemma4:e2b (christ gen + task_followup unless --no-followup)
=== 2026-04-10T05:35:25Z start Worker001 ===
[Worker001] checking for pending tasks…
[Worker001] claimed T-0113: Donaldson — 1_chronicles_1: add commentary JSON
[Worker001] models: backend=dispatch (local pipeline scripts only; no Claude CLI) ollama=gemma4:e2b (christ gen + task_followup unless --no-followup)
=== 2026-04-10T05:35:25Z start Worker001 ===
[Worker001] checking for pending tasks…
Reopened T-0113.
[Worker001] claimed T-0113: Donaldson — 1_chronicles_1: add commentary JSON
[Worker001] models: backend=dispatch (local pipeline scripts only; no Claude CLI) ollama=gemma4:e2b (christ gen + task_followup unless --no-followup)
Reopened T-0113.
  [ledger] pushed to origin
Reopened T-0113.
=== 2026-04-10T05:35:27Z start Worker001 ===
[Worker001] checking for pending tasks…
[Worker001] claimed T-0113: Donaldson — 1_chronicles_1: add commentary JSON
[Worker001] models: backend=dispatch (local pipeline scripts only; no Claude CLI) ollama=gemma4:e2b (christ gen + task_followup unless --no-followup)
Reopened T-0113.
  push failed (non-fatal): Command '['git', 'push', 'origin', 'main']' returned non-zero exit status 1.
[Worker001] T-0113 no dispatch rule — reopened.
  push failed (non-fatal): Command '['git', 'push', 'origin', 'main']' returned non-zero exit status 1.
[Worker001] T-0113 no dispatch rule — reopened.
  push failed (non-fatal): Command '['git', 'push', 'origin', 'main']' returned non-zero exit status 1.
[Worker001] T-0113 no dispatch rule — reopened.
  push failed (non-fatal): Command '['git', 'push', 'origin', 'main']' returned non-zero exit status 1.
[Worker001] T-0113 no dispatch rule — reopened.
=== 2026-04-10T05:35:51Z start Worker001 ===
[Worker001] checking for pending tasks…
[Worker001] claimed T-0113: Donaldson — 1_chronicles_1: add commentary JSON
[Worker001] models: backend=dispatch (local pipeline scripts only; no Claude CLI) ollama=gemma4:e2b (christ gen + task_followup unless --no-followup)
Reopened T-0113.
=== 2026-04-10T05:35:54Z start Worker001 ===
[Worker001] checking for pending tasks…
  push failed (non-fatal): Command '['git', 'push', 'origin', 'main']' returned non-zero exit status 1.
[Worker001] T-0113 no dispatch rule — reopened.
[Worker001] claimed T-0113: Donaldson — 1_chronicles_1: add commentary JSON
[Worker001] models: backend=dispatch (local pipeline scripts only; no Claude CLI) ollama=gemma4:e2b (christ gen + task_followup unless --no-followup)
Reopened T-0113.
=== 2026-04-10T05:35:55Z start Worker001 ===
[Worker001] checking for pending tasks…
[Worker001] claimed T-0113: Donaldson — 1_chronicles_1: add commentary JSON
[Worker001] models: backend=dispatch (local pipeline scripts only; no Claude CLI) ollama=gemma4:e2b (christ gen + task_followup unless --no-followup)
=== 2026-04-10T05:35:57Z start Worker001 ===
[Worker001] checking for pending tasks…
  push failed (non-fatal): Command '['git', 'push', 'origin', 'main']' returned non-zero exit status 1.
[Worker001] T-0113 no dispatch rule — reopened.
[Worker001] claimed T-0113: Donaldson — 1_chronicles_1: add commentary JSON
[Worker001] models: backend=dispatch (local pipeline scripts only; no Claude CLI) ollama=gemma4:e2b (christ gen + task_followup unless --no-followup)
Reopened T-0113.
Reopened T-0113.
  push failed (non-fatal): Command '['git', 'push', 'origin', 'main']' returned non-zero exit status 1.
[Worker001] T-0113 no dispatch rule — reopened.
  pushed to origin
[Worker001] T-0113 no dispatch rule — reopened.
=== 2026-04-10T05:36:17Z start Worker001 ===
[Worker001] checking for pending tasks…
[Worker001] claimed T-0113: Donaldson — 1_chronicles_1: add commentary JSON
[Worker001] models: backend=dispatch (local pipeline scripts only; no Claude CLI) ollama=gemma4:e2b (christ gen + task_followup unless --no-followup)
Reopened T-0113.
  push failed (non-fatal): Command '['git', 'push', 'origin', 'main']' returned non-zero exit status 1.
[Worker001] T-0113 no dispatch rule — reopened.
=== 2026-04-10T05:36:22Z start Worker001 ===
[Worker001] checking for pending tasks…
[Worker001] claimed T-0113: Donaldson — 1_chronicles_1: add commentary JSON
[Worker001] models: backend=dispatch (local pipeline scripts only; no Claude CLI) ollama=gemma4:e2b (christ gen + task_followup unless --no-followup)
Reopened T-0113.
  push failed (non-fatal): Command '['git', 'push', 'origin', 'main']' returned non-zero exit status 1.
[Worker001] T-0113 no dispatch rule — reopened.
=== 2026-04-10T05:36:26Z start Worker001 ===
[Worker001] checking for pending tasks…
=== 2026-04-10T05:36:26Z start Worker001 ===
[Worker001] checking for pending tasks…
[Worker001] claimed T-0113: Donaldson — 1_chronicles_1: add commentary JSON
[Worker001] models: backend=dispatch (local pipeline scripts only; no Claude CLI) ollama=gemma4:e2b (christ gen + task_followup unless --no-followup)
Reopened T-0113.
  pushed to origin
[Worker001] T-0113 no dispatch rule — reopened.
[Worker001] claimed T-0113: Donaldson — 1_chronicles_1: add commentary JSON
[Worker001] models: backend=dispatch (local pipeline scripts only; no Claude CLI) ollama=gemma4:e2b (christ gen + task_followup unless --no-followup)
Reopened T-0113.
  [ledger] pushed to origin
  pushed to origin
[Worker001] T-0113 no dispatch rule — reopened.
=== 2026-04-10T05:36:47Z start Worker001 ===
[Worker001] checking for pending tasks…
[Worker001] claimed T-0113: Donaldson — 1_chronicles_1: add commentary JSON
[Worker001] models: backend=dispatch (local pipeline scripts only; no Claude CLI) ollama=gemma4:e2b (christ gen + task_followup unless --no-followup)
Reopened T-0113.
  push failed (non-fatal): Command '['git', 'push', 'origin', 'main']' returned non-zero exit status 1.
[Worker001] T-0113 no dispatch rule — reopened.
=== 2026-04-10T05:36:51Z start Worker001 ===
[Worker001] checking for pending tasks…
[Worker001] claimed T-0113: Donaldson — 1_chronicles_1: add commentary JSON
[Worker001] models: backend=dispatch (local pipeline scripts only; no Claude CLI) ollama=gemma4:e2b (christ gen + task_followup unless --no-followup)
=== 2026-04-10T05:36:53Z start Worker001 ===
[Worker001] checking for pending tasks…
[Worker001] claimed T-0113: Donaldson — 1_chronicles_1: add commentary JSON
[Worker001] models: backend=dispatch (local pipeline scripts only; no Claude CLI) ollama=gemma4:e2b (christ gen + task_followup unless --no-followup)
Reopened T-0113.
Reopened T-0113.
=== 2026-04-10T05:36:56Z start Worker001 ===
[Worker001] checking for pending tasks…
  push failed (non-fatal): Command '['git', 'push', 'origin', 'main']' returned non-zero exit status 1.
[Worker001] T-0113 no dispatch rule — reopened.
  push failed (non-fatal): Command '['git', 'push', 'origin', 'main']' returned non-zero exit status 1.
[Worker001] T-0113 no dispatch rule — reopened.
[Worker001] claimed T-0113: Donaldson — 1_chronicles_1: add commentary JSON
[Worker001] models: backend=dispatch (local pipeline scripts only; no Claude CLI) ollama=gemma4:e2b (christ gen + task_followup unless --no-followup)
Reopened T-0113.
  pushed to origin
[Worker001] T-0113 no dispatch rule — reopened.
=== 2026-04-10T05:37:18Z start Worker001 ===
[Worker001] checking for pending tasks…
[Worker001] claimed T-0113: Donaldson — 1_chronicles_1: add commentary JSON
[Worker001] models: backend=dispatch (local pipeline scripts only; no Claude CLI) ollama=gemma4:e2b (christ gen + task_followup unless --no-followup)
Reopened T-0113.
=== 2026-04-10T05:37:20Z start Worker001 ===
[Worker001] checking for pending tasks…
=== 2026-04-10T05:37:21Z start Worker001 ===
  push failed (non-fatal): Command '['git', 'push', 'origin', 'main']' returned non-zero exit status 1.
[Worker001] T-0113 no dispatch rule — reopened.
[Worker001] checking for pending tasks…
[Worker001] claimed T-0113: Donaldson — 1_chronicles_1: add commentary JSON
[Worker001] models: backend=dispatch (local pipeline scripts only; no Claude CLI) ollama=gemma4:e2b (christ gen + task_followup unless --no-followup)
[Worker001] claimed T-0113: Donaldson — 1_chronicles_1: add commentary JSON
[Worker001] models: backend=dispatch (local pipeline scripts only; no Claude CLI) ollama=gemma4:e2b (christ gen + task_followup unless --no-followup)
=== 2026-04-10T05:37:25Z start Worker001 ===
[Worker001] checking for pending tasks…
[Worker001] claimed T-0113: Donaldson — 1_chronicles_1: add commentary JSON
[Worker001] models: backend=dispatch (local pipeline scripts only; no Claude CLI) ollama=gemma4:e2b (christ gen + task_followup unless --no-followup)
Reopened T-0113.
Reopened T-0113.
  [ledger] pushed to origin
Reopened T-0113.
  push failed (non-fatal): Command '['git', 'push', 'origin', 'main']' returned non-zero exit status 1.
[Worker001] T-0113 no dispatch rule — reopened.
  pushed to origin
[Worker001] T-0113 no dispatch rule — reopened.
  pushed to origin
[Worker001] T-0113 no dispatch rule — reopened.
=== 2026-04-10T05:37:46Z start Worker001 ===
[Worker001] checking for pending tasks…
[Worker001] claimed T-0113: Donaldson — 1_chronicles_1: add commentary JSON
[Worker001] models: backend=dispatch (local pipeline scripts only; no Claude CLI) ollama=gemma4:e2b (christ gen + task_followup unless --no-followup)
Reopened T-0113.
  push failed (non-fatal): Command '['git', 'push', 'origin', 'main']' returned non-zero exit status 1.
[Worker001] T-0113 no dispatch rule — reopened.
=== 2026-04-10T05:37:50Z start Worker001 ===
=== 2026-04-10T05:37:50Z start Worker001 ===
[Worker001] checking for pending tasks…
[Worker001] checking for pending tasks…
[Worker001] claimed T-0113: Donaldson — 1_chronicles_1: add commentary JSON
[Worker001] models: backend=dispatch (local pipeline scripts only; no Claude CLI) ollama=gemma4:e2b (christ gen + task_followup unless --no-followup)
[Worker001] claimed T-0113: Donaldson — 1_chronicles_1: add commentary JSON
[Worker001] models: backend=dispatch (local pipeline scripts only; no Claude CLI) ollama=gemma4:e2b (christ gen + task_followup unless --no-followup)
Reopened T-0113.
Reopened T-0113.
  push failed (non-fatal): Command '['git', 'push', 'origin', 'main']' returned non-zero exit status 1.
[Worker001] T-0113 no dispatch rule — reopened.
  push failed (non-fatal): Command '['git', 'push', 'origin', 'main']' returned non-zero exit status 1.
[Worker001] T-0113 no dispatch rule — reopened.
=== 2026-04-10T05:37:55Z start Worker001 ===
[Worker001] checking for pending tasks…
[Worker001] claimed T-0113: Donaldson — 1_chronicles_1: add commentary JSON
[Worker001] models: backend=dispatch (local pipeline scripts only; no Claude CLI) ollama=gemma4:e2b (christ gen + task_followup unless --no-followup)
Reopened T-0113.
  push failed (non-fatal): Command '['git', 'push', 'origin', 'main']' returned non-zero exit status 1.
[Worker001] T-0113 no dispatch rule — reopened.
=== 2026-04-10T05:38:17Z start Worker001 ===
[Worker001] checking for pending tasks…
[Worker001] claimed T-0113: Donaldson — 1_chronicles_1: add commentary JSON
[Worker001] models: backend=dispatch (local pipeline scripts only; no Claude CLI) ollama=gemma4:e2b (christ gen + task_followup unless --no-followup)
=== 2026-04-10T05:38:17Z start Worker001 ===
[Worker001] checking for pending tasks…
Reopened T-0113.
[Worker001] claimed T-0113: Donaldson — 1_chronicles_1: add commentary JSON
[Worker001] models: backend=dispatch (local pipeline scripts only; no Claude CLI) ollama=gemma4:e2b (christ gen + task_followup unless --no-followup)
  pushed to origin
[Worker001] T-0113 no dispatch rule — reopened.
=== 2026-04-10T05:38:23Z start Worker001 ===
[Worker001] checking for pending tasks…
[Worker001] claimed T-0113: Donaldson — 1_chronicles_1: add commentary JSON
[Worker001] models: backend=dispatch (local pipeline scripts only; no Claude CLI) ollama=gemma4:e2b (christ gen + task_followup unless --no-followup)
Reopened T-0113.
=== 2026-04-10T05:38:24Z start Worker001 ===
[Worker001] checking for pending tasks…
Reopened T-0113.
[Worker001] claimed T-0113: Donaldson — 1_chronicles_1: add commentary JSON
[Worker001] models: backend=dispatch (local pipeline scripts only; no Claude CLI) ollama=gemma4:e2b (christ gen + task_followup unless --no-followup)
Reopened T-0113.
  pushed to origin
[Worker001] T-0113 no dispatch rule — reopened.
  push failed (non-fatal): Command '['git', 'push', 'origin', 'main']' returned non-zero exit status 1.
[Worker001] T-0113 no dispatch rule — reopened.
  push failed (non-fatal): Command '['git', 'push', 'origin', 'main']' returned non-zero exit status 1.
[Worker001] T-0113 no dispatch rule — reopened.
=== 2026-04-10T05:38:47Z start Worker001 ===
[Worker001] checking for pending tasks…
[Worker001] claimed T-0113: Donaldson — 1_chronicles_1: add commentary JSON
[Worker001] models: backend=dispatch (local pipeline scripts only; no Claude CLI) ollama=gemma4:e2b (christ gen + task_followup unless --no-followup)
Reopened T-0113.
=== 2026-04-10T05:38:48Z start Worker001 ===
[Worker001] checking for pending tasks…
  push failed (non-fatal): Command '['git', 'push', 'origin', 'main']' returned non-zero exit status 1.
[Worker001] T-0113 no dispatch rule — reopened.
[Worker001] claimed T-0113: Donaldson — 1_chronicles_1: add commentary JSON
[Worker001] models: backend=dispatch (local pipeline scripts only; no Claude CLI) ollama=gemma4:e2b (christ gen + task_followup unless --no-followup)
=== 2026-04-10T05:38:52Z start Worker001 ===
[Worker001] checking for pending tasks…
[Worker001] claimed T-0113: Donaldson — 1_chronicles_1: add commentary JSON
[Worker001] models: backend=dispatch (local pipeline scripts only; no Claude CLI) ollama=gemma4:e2b (christ gen + task_followup unless --no-followup)
Reopened T-0113.
=== 2026-04-10T05:38:53Z start Worker001 ===
[Worker001] checking for pending tasks…
[Worker001] claimed T-0113: Donaldson — 1_chronicles_1: add commentary JSON
[Worker001] models: backend=dispatch (local pipeline scripts only; no Claude CLI) ollama=gemma4:e2b (christ gen + task_followup unless --no-followup)
Reopened T-0113.
  push failed (non-fatal): Command '['git', 'push', 'origin', 'main']' returned non-zero exit status 1.
[Worker001] T-0113 no dispatch rule — reopened.
  push failed (non-fatal): Command '['git', 'push', 'origin', 'main']' returned non-zero exit status 1.
[Worker001] T-0113 no dispatch rule — reopened.
Reopened T-0113.
  push failed (non-fatal): Command '['git', 'push', 'origin', 'main']' returned non-zero exit status 1.
[Worker001] T-0113 no dispatch rule — reopened.
=== 2026-04-10T05:39:18Z start Worker001 ===
[Worker001] checking for pending tasks…
=== 2026-04-10T05:39:18Z start Worker001 ===
[Worker001] checking for pending tasks…
[Worker001] claimed T-0113: Donaldson — 1_chronicles_1: add commentary JSON
[Worker001] models: backend=dispatch (local pipeline scripts only; no Claude CLI) ollama=gemma4:e2b (christ gen + task_followup unless --no-followup)
Reopened T-0113.
  pushed to origin
[Worker001] T-0113 no dispatch rule — reopened.
[Worker001] claimed T-0113: Donaldson — 1_chronicles_1: add commentary JSON
[Worker001] models: backend=dispatch (local pipeline scripts only; no Claude CLI) ollama=gemma4:e2b (christ gen + task_followup unless --no-followup)
Reopened T-0113.
=== 2026-04-10T05:39:23Z start Worker001 ===
[Worker001] checking for pending tasks…
[Worker001] claimed T-0113: Donaldson — 1_chronicles_1: add commentary JSON
[Worker001] models: backend=dispatch (local pipeline scripts only; no Claude CLI) ollama=gemma4:e2b (christ gen + task_followup unless --no-followup)
Reopened T-0113.
=== 2026-04-10T05:39:24Z start Worker001 ===
[Worker001] checking for pending tasks…
[Worker001] claimed T-0113: Donaldson — 1_chronicles_1: add commentary JSON
[Worker001] models: backend=dispatch (local pipeline scripts only; no Claude CLI) ollama=gemma4:e2b (christ gen + task_followup unless --no-followup)
Reopened T-0113.
  pushed to origin
[Worker001] T-0113 no dispatch rule — reopened.
  push failed (non-fatal): Command '['git', 'push', 'origin', 'main']' returned non-zero exit status 1.
[Worker001] T-0113 no dispatch rule — reopened.
  push failed (non-fatal): Command '['git', 'push', 'origin', 'main']' returned non-zero exit status 1.
[Worker001] T-0113 no dispatch rule — reopened.
=== 2026-04-10T05:39:47Z start Worker001 ===
[Worker001] checking for pending tasks…
[Worker001] claimed T-0113: Donaldson — 1_chronicles_1: add commentary JSON
[Worker001] models: backend=dispatch (local pipeline scripts only; no Claude CLI) ollama=gemma4:e2b (christ gen + task_followup unless --no-followup)
Reopened T-0113.
=== 2026-04-10T05:39:49Z start Worker001 ===
[Worker001] checking for pending tasks…
[Worker001] claimed T-0113: Donaldson — 1_chronicles_1: add commentary JSON
[Worker001] models: backend=dispatch (local pipeline scripts only; no Claude CLI) ollama=gemma4:e2b (christ gen + task_followup unless --no-followup)
  push failed (non-fatal): Command '['git', 'push', 'origin', 'main']' returned non-zero exit status 1.
[Worker001] T-0113 no dispatch rule — reopened.
Reopened T-0113.
=== 2026-04-10T05:39:53Z start Worker001 ===
[Worker001] checking for pending tasks…
[Worker001] claimed T-0113: Donaldson — 1_chronicles_1: add commentary JSON
[Worker001] models: backend=dispatch (local pipeline scripts only; no Claude CLI) ollama=gemma4:e2b (christ gen + task_followup unless --no-followup)
=== 2026-04-10T05:39:53Z start Worker001 ===
[Worker001] checking for pending tasks…
[Worker001] claimed T-0117: Donaldson — 1_chronicles_10: add commentary JSON
[Worker001] models: backend=dispatch (local pipeline scripts only; no Claude CLI) ollama=gemma4:e2b (christ gen + task_followup unless --no-followup)
Reopened T-0113.
  pushed to origin
[Worker001] T-0113 no dispatch rule — reopened.
Reopened T-0117.
  push failed (non-fatal): Command '['git', 'push', 'origin', 'main']' returned non-zero exit status 1.
[Worker001] T-0113 no dispatch rule — reopened.
  push failed (non-fatal): Command '['git', 'push', 'origin', 'main']' returned non-zero exit status 1.
[Worker001] T-0117 no dispatch rule — reopened.
=== 2026-04-10T05:40:16Z start Worker001 ===
[Worker001] checking for pending tasks…
[Worker001] claimed T-0113: Donaldson — 1_chronicles_1: add commentary JSON
[Worker001] models: backend=dispatch (local pipeline scripts only; no Claude CLI) ollama=gemma4:e2b (christ gen + task_followup unless --no-followup)
Reopened T-0113.
  push failed (non-fatal): Command '['git', 'push', 'origin', 'main']' returned non-zero exit status 1.
[Worker001] T-0113 no dispatch rule — reopened.
=== 2026-04-10T05:40:20Z start Worker001 ===
[Worker001] checking for pending tasks…
[Worker001] claimed T-0113: Donaldson — 1_chronicles_1: add commentary JSON
[Worker001] models: backend=dispatch (local pipeline scripts only; no Claude CLI) ollama=gemma4:e2b (christ gen + task_followup unless --no-followup)
Reopened T-0113.
=== 2026-04-10T05:40:20Z start Worker001 ===
[Worker001] checking for pending tasks…
[Worker001] claimed T-0113: Donaldson — 1_chronicles_1: add commentary JSON
[Worker001] models: backend=dispatch (local pipeline scripts only; no Claude CLI) ollama=gemma4:e2b (christ gen + task_followup unless --no-followup)
=== 2026-04-10T05:40:21Z start Worker001 ===
[Worker001] checking for pending tasks…
[Worker001] claimed T-0113: Donaldson — 1_chronicles_1: add commentary JSON
[Worker001] models: backend=dispatch (local pipeline scripts only; no Claude CLI) ollama=gemma4:e2b (christ gen + task_followup unless --no-followup)
Reopened T-0113.
  push failed (non-fatal): Command '['git', 'push', 'origin', 'main']' returned non-zero exit status 1.
[Worker001] T-0113 no dispatch rule — reopened.
Reopened T-0113.
  push failed (non-fatal): Command '['git', 'push', 'origin', 'main']' returned non-zero exit status 1.
[Worker001] T-0113 no dispatch rule — reopened.
  pushed to origin
[Worker001] T-0113 no dispatch rule — reopened.
=== 2026-04-10T05:40:47Z start Worker001 ===
[Worker001] checking for pending tasks…
[Worker001] claimed T-0113: Donaldson — 1_chronicles_1: add commentary JSON
[Worker001] models: backend=dispatch (local pipeline scripts only; no Claude CLI) ollama=gemma4:e2b (christ gen + task_followup unless --no-followup)
=== 2026-04-10T05:40:48Z start Worker001 ===
[Worker001] checking for pending tasks…
[Worker001] claimed T-0117: Donaldson — 1_chronicles_10: add commentary JSON
[Worker001] models: backend=dispatch (local pipeline scripts only; no Claude CLI) ollama=gemma4:e2b (christ gen + task_followup unless --no-followup)
Reopened T-0117.
=== 2026-04-10T05:40:49Z start Worker001 ===
[Worker001] checking for pending tasks…
[Worker001] claimed T-0113: Donaldson — 1_chronicles_1: add commentary JSON
[Worker001] models: backend=dispatch (local pipeline scripts only; no Claude CLI) ollama=gemma4:e2b (christ gen + task_followup unless --no-followup)
Reopened T-0113.
=== 2026-04-10T05:40:51Z start Worker001 ===
[Worker001] checking for pending tasks…
[Worker001] claimed T-0113: Donaldson — 1_chronicles_1: add commentary JSON
[Worker001] models: backend=dispatch (local pipeline scripts only; no Claude CLI) ollama=gemma4:e2b (christ gen + task_followup unless --no-followup)
  push failed (non-fatal): Command '['git', 'push', 'origin', 'main']' returned non-zero exit status 1.
[Worker001] T-0117 no dispatch rule — reopened.
Reopened T-0113.
Reopened T-0113.
  push failed (non-fatal): Command '['git', 'push', 'origin', 'main']' returned non-zero exit status 1.
[Worker001] T-0113 no dispatch rule — reopened.
  push failed (non-fatal): Command '['git', 'push', 'origin', 'main']' returned non-zero exit status 1.
[Worker001] T-0113 no dispatch rule — reopened.
  push failed (non-fatal): Command '['git', 'push', 'origin', 'main']' returned non-zero exit status 1.
[Worker001] T-0113 no dispatch rule — reopened.
=== 2026-04-10T05:41:16Z start Worker001 ===
[Worker001] checking for pending tasks…
=== 2026-04-10T05:41:16Z start Worker001 ===
[Worker001] checking for pending tasks…
[Worker001] claimed T-0113: Donaldson — 1_chronicles_1: add commentary JSON
[Worker001] models: backend=dispatch (local pipeline scripts only; no Claude CLI) ollama=gemma4:e2b (christ gen + task_followup unless --no-followup)
Reopened T-0113.
[Worker001] claimed T-0113: Donaldson — 1_chronicles_1: add commentary JSON
[Worker001] models: backend=dispatch (local pipeline scripts only; no Claude CLI) ollama=gemma4:e2b (christ gen + task_followup unless --no-followup)
  push failed (non-fatal): Command '['git', 'push', 'origin', 'main']' returned non-zero exit status 1.
[Worker001] T-0113 no dispatch rule — reopened.
=== 2026-04-10T05:41:20Z start Worker001 ===
[Worker001] checking for pending tasks…
[Worker001] claimed T-0113: Donaldson — 1_chronicles_1: add commentary JSON
[Worker001] models: backend=dispatch (local pipeline scripts only; no Claude CLI) ollama=gemma4:e2b (christ gen + task_followup unless --no-followup)
Reopened T-0113.
=== 2026-04-10T05:41:21Z start Worker001 ===
[Worker001] checking for pending tasks…
  push failed (non-fatal): Command '['git', 'push', 'origin', 'main']' returned non-zero exit status 1.
[Worker001] T-0113 no dispatch rule — reopened.
Reopened T-0113.
  pushed to origin
[Worker001] T-0113 no dispatch rule — reopened.
[Worker001] claimed T-0113: Donaldson — 1_chronicles_1: add commentary JSON
[Worker001] models: backend=dispatch (local pipeline scripts only; no Claude CLI) ollama=gemma4:e2b (christ gen + task_followup unless --no-followup)
Reopened T-0113.
  pushed to origin
[Worker001] T-0113 no dispatch rule — reopened.
=== 2026-04-10T05:41:45Z start Worker001 ===
[Worker001] checking for pending tasks…
[Worker001] claimed T-0113: Donaldson — 1_chronicles_1: add commentary JSON
[Worker001] models: backend=dispatch (local pipeline scripts only; no Claude CLI) ollama=gemma4:e2b (christ gen + task_followup unless --no-followup)
Reopened T-0113.
=== 2026-04-10T05:41:46Z start Worker001 ===
[Worker001] checking for pending tasks…
[Worker001] claimed T-0113: Donaldson — 1_chronicles_1: add commentary JSON
[Worker001] models: backend=dispatch (local pipeline scripts only; no Claude CLI) ollama=gemma4:e2b (christ gen + task_followup unless --no-followup)
Reopened T-0113.
  push failed (non-fatal): Command '['git', 'push', 'origin', 'main']' returned non-zero exit status 1.
[Worker001] T-0113 no dispatch rule — reopened.
=== 2026-04-10T05:41:49Z start Worker001 ===
[Worker001] checking for pending tasks…
  push failed (non-fatal): Command '['git', 'push', 'origin', 'main']' returned non-zero exit status 1.
[Worker001] T-0113 no dispatch rule — reopened.
=== 2026-04-10T05:41:50Z start Worker001 ===
[Worker001] checking for pending tasks…
[Worker001] claimed T-0113: Donaldson — 1_chronicles_1: add commentary JSON
[Worker001] models: backend=dispatch (local pipeline scripts only; no Claude CLI) ollama=gemma4:e2b (christ gen + task_followup unless --no-followup)
Reopened T-0113.
[Worker001] claimed T-0113: Donaldson — 1_chronicles_1: add commentary JSON
[Worker001] models: backend=dispatch (local pipeline scripts only; no Claude CLI) ollama=gemma4:e2b (christ gen + task_followup unless --no-followup)
  push failed (non-fatal): Command '['git', 'push', 'origin', 'main']' returned non-zero exit status 1.
[Worker001] T-0113 no dispatch rule — reopened.
Reopened T-0113.
  [ledger] pushed to origin
  pushed to origin
[Worker001] T-0113 no dispatch rule — reopened.
=== 2026-04-10T05:42:14Z start Worker001 ===
[Worker001] checking for pending tasks…
=== 2026-04-10T05:42:16Z start Worker001 ===
[Worker001] checking for pending tasks…
[Worker001] claimed T-0113: Donaldson — 1_chronicles_1: add commentary JSON
[Worker001] models: backend=dispatch (local pipeline scripts only; no Claude CLI) ollama=gemma4:e2b (christ gen + task_followup unless --no-followup)
Reopened T-0113.
[Worker001] claimed T-0113: Donaldson — 1_chronicles_1: add commentary JSON
[Worker001] models: backend=dispatch (local pipeline scripts only; no Claude CLI) ollama=gemma4:e2b (christ gen + task_followup unless --no-followup)
=== 2026-04-10T05:42:19Z start Worker001 ===
[Worker001] checking for pending tasks…
  push failed (non-fatal): Command '['git', 'push', 'origin', 'main']' returned non-zero exit status 1.
[Worker001] T-0113 no dispatch rule — reopened.
[Worker001] claimed T-0113: Donaldson — 1_chronicles_1: add commentary JSON
[Worker001] models: backend=dispatch (local pipeline scripts only; no Claude CLI) ollama=gemma4:e2b (christ gen + task_followup unless --no-followup)
=== 2026-04-10T05:42:20Z start Worker001 ===
[Worker001] checking for pending tasks…
[Worker001] claimed T-0113: Donaldson — 1_chronicles_1: add commentary JSON
[Worker001] models: backend=dispatch (local pipeline scripts only; no Claude CLI) ollama=gemma4:e2b (christ gen + task_followup unless --no-followup)
Reopened T-0113.
Reopened T-0113.
  [ledger] pushed to origin
Reopened T-0113.
  push failed (non-fatal): Command '['git', 'push', 'origin', 'main']' returned non-zero exit status 1.
[Worker001] T-0113 no dispatch rule — reopened.
  push failed (non-fatal): Command '['git', 'push', 'origin', 'main']' returned non-zero exit status 1.
[Worker001] T-0113 no dispatch rule — reopened.
  pushed to origin
[Worker001] T-0113 no dispatch rule — reopened.
=== 2026-04-10T05:42:45Z start Worker001 ===
[Worker001] checking for pending tasks…
[Worker001] claimed T-0113: Donaldson — 1_chronicles_1: add commentary JSON
[Worker001] models: backend=dispatch (local pipeline scripts only; no Claude CLI) ollama=gemma4:e2b (christ gen + task_followup unless --no-followup)
=== 2026-04-10T05:42:46Z start Worker001 ===
[Worker001] checking for pending tasks…
=== 2026-04-10T05:42:46Z start Worker001 ===
[Worker001] checking for pending tasks…
[Worker001] claimed T-0117: Donaldson — 1_chronicles_10: add commentary JSON
[Worker001] models: backend=dispatch (local pipeline scripts only; no Claude CLI) ollama=gemma4:e2b (christ gen + task_followup unless --no-followup)
[Worker001] claimed T-0113: Donaldson — 1_chronicles_1: add commentary JSON
[Worker001] models: backend=dispatch (local pipeline scripts only; no Claude CLI) ollama=gemma4:e2b (christ gen + task_followup unless --no-followup)
Reopened T-0117.
Reopened T-0113.
=== 2026-04-10T05:42:50Z start Worker001 ===
[Worker001] checking for pending tasks…
Reopened T-0113.
  push failed (non-fatal): Command '['git', 'push', 'origin', 'main']' returned non-zero exit status 1.
[Worker001] T-0117 no dispatch rule — reopened.
[Worker001] claimed T-0113: Donaldson — 1_chronicles_1: add commentary JSON
[Worker001] models: backend=dispatch (local pipeline scripts only; no Claude CLI) ollama=gemma4:e2b (christ gen + task_followup unless --no-followup)
  push failed (non-fatal): Command '['git', 'push', 'origin', 'main']' returned non-zero exit status 1.
[Worker001] T-0113 no dispatch rule — reopened.
Reopened T-0113.
  pushed to origin
[Worker001] T-0113 no dispatch rule — reopened.
  push failed (non-fatal): Command '['git', 'push', 'origin', 'main']' returned non-zero exit status 1.
[Worker001] T-0113 no dispatch rule — reopened.
=== 2026-04-10T05:43:14Z start Worker001 ===
[Worker001] checking for pending tasks…
=== 2026-04-10T05:43:16Z start Worker001 ===
[Worker001] checking for pending tasks…
=== 2026-04-10T05:43:16Z start Worker001 ===
[Worker001] checking for pending tasks…
[Worker001] claimed T-0113: Donaldson — 1_chronicles_1: add commentary JSON
[Worker001] models: backend=dispatch (local pipeline scripts only; no Claude CLI) ollama=gemma4:e2b (christ gen + task_followup unless --no-followup)
[Worker001] claimed T-0117: Donaldson — 1_chronicles_10: add commentary JSON
[Worker001] models: backend=dispatch (local pipeline scripts only; no Claude CLI) ollama=gemma4:e2b (christ gen + task_followup unless --no-followup)
=== 2026-04-10T05:43:17Z start Worker001 ===
[Worker001] checking for pending tasks…
Reopened T-0113.
Reopened T-0117.
[Worker001] claimed T-0113: Donaldson — 1_chronicles_1: add commentary JSON
[Worker001] models: backend=dispatch (local pipeline scripts only; no Claude CLI) ollama=gemma4:e2b (christ gen + task_followup unless --no-followup)
[Worker001] claimed T-0113: Donaldson — 1_chronicles_1: add commentary JSON
[Worker001] models: backend=dispatch (local pipeline scripts only; no Claude CLI) ollama=gemma4:e2b (christ gen + task_followup unless --no-followup)
Reopened T-0113.
  pushed to origin
[Worker001] T-0113 no dispatch rule — reopened.
Reopened T-0113.
  pushed to origin
[Worker001] T-0117 no dispatch rule — reopened.
  push failed (non-fatal): Command '['git', 'push', 'origin', 'main']' returned non-zero exit status 1.
[Worker001] T-0113 no dispatch rule — reopened.
  push failed (non-fatal): Command '['git', 'push', 'origin', 'main']' returned non-zero exit status 1.
[Worker001] T-0113 no dispatch rule — reopened.
=== 2026-04-10T05:43:43Z start Worker001 ===
[Worker001] checking for pending tasks…
[Worker001] claimed T-0113: Donaldson — 1_chronicles_1: add commentary JSON
[Worker001] models: backend=dispatch (local pipeline scripts only; no Claude CLI) ollama=gemma4:e2b (christ gen + task_followup unless --no-followup)
=== 2026-04-10T05:43:44Z start Worker001 ===
[Worker001] checking for pending tasks…
[Worker001] claimed T-0113: Donaldson — 1_chronicles_1: add commentary JSON
[Worker001] models: backend=dispatch (local pipeline scripts only; no Claude CLI) ollama=gemma4:e2b (christ gen + task_followup unless --no-followup)
=== 2026-04-10T05:43:45Z start Worker001 ===
[Worker001] checking for pending tasks…
[Worker001] claimed T-0113: Donaldson — 1_chronicles_1: add commentary JSON
[Worker001] models: backend=dispatch (local pipeline scripts only; no Claude CLI) ollama=gemma4:e2b (christ gen + task_followup unless --no-followup)
=== 2026-04-10T05:43:46Z start Worker001 ===
[Worker001] checking for pending tasks…
Reopened T-0113.
[Worker001] claimed T-0117: Donaldson — 1_chronicles_10: add commentary JSON
[Worker001] models: backend=dispatch (local pipeline scripts only; no Claude CLI) ollama=gemma4:e2b (christ gen + task_followup unless --no-followup)
Reopened T-0113.
Reopened T-0113.
  push failed (non-fatal): Command '['git', 'push', 'origin', 'main']' returned non-zero exit status 1.
[Worker001] T-0113 no dispatch rule — reopened.
  push failed (non-fatal): Command '['git', 'push', 'origin', 'main']' returned non-zero exit status 1.
[Worker001] T-0113 no dispatch rule — reopened.
Reopened T-0117.
  push failed (non-fatal): Command '['git', 'push', 'origin', 'main']' returned non-zero exit status 1.
[Worker001] T-0113 no dispatch rule — reopened.
  push failed (non-fatal): Command '['git', 'push', 'origin', 'main']' returned non-zero exit status 1.
[Worker001] T-0117 no dispatch rule — reopened.
=== 2026-04-10T05:44:12Z start Worker001 ===
[Worker001] checking for pending tasks…
[Worker001] claimed T-0113: Donaldson — 1_chronicles_1: add commentary JSON
[Worker001] models: backend=dispatch (local pipeline scripts only; no Claude CLI) ollama=gemma4:e2b (christ gen + task_followup unless --no-followup)
Reopened T-0113.
=== 2026-04-10T05:44:14Z start Worker001 ===
[Worker001] checking for pending tasks…
=== 2026-04-10T05:44:15Z start Worker001 ===
[Worker001] checking for pending tasks…
[Worker001] claimed T-0113: Donaldson — 1_chronicles_1: add commentary JSON
[Worker001] models: backend=dispatch (local pipeline scripts only; no Claude CLI) ollama=gemma4:e2b (christ gen + task_followup unless --no-followup)
  push failed (non-fatal): Command '['git', 'push', 'origin', 'main']' returned non-zero exit status 1.
[Worker001] T-0113 no dispatch rule — reopened.
[Worker001] claimed T-0117: Donaldson — 1_chronicles_10: add commentary JSON
[Worker001] models: backend=dispatch (local pipeline scripts only; no Claude CLI) ollama=gemma4:e2b (christ gen + task_followup unless --no-followup)
Reopened T-0113.
Reopened T-0117.
=== 2026-04-10T05:44:16Z start Worker001 ===
[Worker001] checking for pending tasks…
[Worker001] claimed T-0113: Donaldson — 1_chronicles_1: add commentary JSON
[Worker001] models: backend=dispatch (local pipeline scripts only; no Claude CLI) ollama=gemma4:e2b (christ gen + task_followup unless --no-followup)
Reopened T-0113.
  push failed (non-fatal): Command '['git', 'push', 'origin', 'main']' returned non-zero exit status 1.
[Worker001] T-0113 no dispatch rule — reopened.
  push failed (non-fatal): Command '['git', 'push', 'origin', 'main']' returned non-zero exit status 1.
[Worker001] T-0117 no dispatch rule — reopened.
  push failed (non-fatal): Command '['git', 'push', 'origin', 'main']' returned non-zero exit status 1.
[Worker001] T-0113 no dispatch rule — reopened.
=== 2026-04-10T05:44:40Z start Worker001 ===
[Worker001] checking for pending tasks…
[Worker001] claimed T-0113: Donaldson — 1_chronicles_1: add commentary JSON
[Worker001] models: backend=dispatch (local pipeline scripts only; no Claude CLI) ollama=gemma4:e2b (christ gen + task_followup unless --no-followup)
Reopened T-0113.
=== 2026-04-10T05:44:43Z start Worker001 ===
[Worker001] checking for pending tasks…
[Worker001] claimed T-0113: Donaldson — 1_chronicles_1: add commentary JSON
[Worker001] models: backend=dispatch (local pipeline scripts only; no Claude CLI) ollama=gemma4:e2b (christ gen + task_followup unless --no-followup)
  push failed (non-fatal): Command '['git', 'push', 'origin', 'main']' returned non-zero exit status 1.
[Worker001] T-0113 no dispatch rule — reopened.
Reopened T-0113.
=== 2026-04-10T05:44:46Z start Worker001 ===
[Worker001] checking for pending tasks…
=== 2026-04-10T05:44:46Z start Worker001 ===
[Worker001] checking for pending tasks…
[Worker001] claimed T-0113: Donaldson — 1_chronicles_1: add commentary JSON
[Worker001] models: backend=dispatch (local pipeline scripts only; no Claude CLI) ollama=gemma4:e2b (christ gen + task_followup unless --no-followup)
  push failed (non-fatal): Command '['git', 'push', 'origin', 'main']' returned non-zero exit status 1.
[Worker001] T-0113 no dispatch rule — reopened.
[Worker001] claimed T-0117: Donaldson — 1_chronicles_10: add commentary JSON
[Worker001] models: backend=dispatch (local pipeline scripts only; no Claude CLI) ollama=gemma4:e2b (christ gen + task_followup unless --no-followup)
Reopened T-0117.
Reopened T-0113.
  push failed (non-fatal): Command '['git', 'push', 'origin', 'main']' returned non-zero exit status 1.
[Worker001] T-0113 no dispatch rule — reopened.
  push failed (non-fatal): Command '['git', 'push', 'origin', 'main']' returned non-zero exit status 1.
[Worker001] T-0117 no dispatch rule — reopened.
=== 2026-04-10T05:45:08Z start Worker001 ===
[Worker001] checking for pending tasks…
[Worker001] claimed T-0113: Donaldson — 1_chronicles_1: add commentary JSON
[Worker001] models: backend=dispatch (local pipeline scripts only; no Claude CLI) ollama=gemma4:e2b (christ gen + task_followup unless --no-followup)
Reopened T-0113.
=== 2026-04-10T05:45:11Z start Worker001 ===
[Worker001] checking for pending tasks…
[Worker001] claimed T-0113: Donaldson — 1_chronicles_1: add commentary JSON
[Worker001] models: backend=dispatch (local pipeline scripts only; no Claude CLI) ollama=gemma4:e2b (christ gen + task_followup unless --no-followup)
  push failed (non-fatal): Command '['git', 'push', 'origin', 'main']' returned non-zero exit status 1.
[Worker001] T-0113 no dispatch rule — reopened.
Reopened T-0113.
=== 2026-04-10T05:45:14Z start Worker001 ===
[Worker001] checking for pending tasks…
  push failed (non-fatal): Command '['git', 'push', 'origin', 'main']' returned non-zero exit status 1.
[Worker001] T-0113 no dispatch rule — reopened.
=== 2026-04-10T05:45:15Z start Worker001 ===
[Worker001] checking for pending tasks…
[Worker001] claimed T-0113: Donaldson — 1_chronicles_1: add commentary JSON
[Worker001] models: backend=dispatch (local pipeline scripts only; no Claude CLI) ollama=gemma4:e2b (christ gen + task_followup unless --no-followup)
Reopened T-0113.
[Worker001] claimed T-0113: Donaldson — 1_chronicles_1: add commentary JSON
[Worker001] models: backend=dispatch (local pipeline scripts only; no Claude CLI) ollama=gemma4:e2b (christ gen + task_followup unless --no-followup)
  push failed (non-fatal): Command '['git', 'push', 'origin', 'main']' returned non-zero exit status 1.
[Worker001] T-0113 no dispatch rule — reopened.
Reopened T-0113.
  [ledger] pushed to origin
  pushed to origin
[Worker001] T-0113 no dispatch rule — reopened.
=== 2026-04-10T05:45:39Z start Worker001 ===
[Worker001] checking for pending tasks…
[Worker001] claimed T-0113: Donaldson — 1_chronicles_1: add commentary JSON
[Worker001] models: backend=dispatch (local pipeline scripts only; no Claude CLI) ollama=gemma4:e2b (christ gen + task_followup unless --no-followup)
Reopened T-0113.
=== 2026-04-10T05:45:41Z start Worker001 ===
[Worker001] checking for pending tasks…
[Worker001] claimed T-0113: Donaldson — 1_chronicles_1: add commentary JSON
[Worker001] models: backend=dispatch (local pipeline scripts only; no Claude CLI) ollama=gemma4:e2b (christ gen + task_followup unless --no-followup)
Reopened T-0113.
  push failed (non-fatal): Command '['git', 'push', 'origin', 'main']' returned non-zero exit status 1.
[Worker001] T-0113 no dispatch rule — reopened.
=== 2026-04-10T05:45:44Z start Worker001 ===
[Worker001] checking for pending tasks…
  push failed (non-fatal): Command '['git', 'push', 'origin', 'main']' returned non-zero exit status 1.
[Worker001] T-0113 no dispatch rule — reopened.
[Worker001] claimed T-0113: Donaldson — 1_chronicles_1: add commentary JSON
[Worker001] models: backend=dispatch (local pipeline scripts only; no Claude CLI) ollama=gemma4:e2b (christ gen + task_followup unless --no-followup)
Reopened T-0113.
=== 2026-04-10T05:45:45Z start Worker001 ===
[Worker001] checking for pending tasks…
[Worker001] claimed T-0113: Donaldson — 1_chronicles_1: add commentary JSON
[Worker001] models: backend=dispatch (local pipeline scripts only; no Claude CLI) ollama=gemma4:e2b (christ gen + task_followup unless --no-followup)
Reopened T-0113.
  push failed (non-fatal): Command '['git', 'push', 'origin', 'main']' returned non-zero exit status 1.
[Worker001] T-0113 no dispatch rule — reopened.
  push failed (non-fatal): Command '['git', 'push', 'origin', 'main']' returned non-zero exit status 1.
[Worker001] T-0113 no dispatch rule — reopened.
=== 2026-04-10T05:46:10Z start Worker001 ===
[Worker001] checking for pending tasks…
=== 2026-04-10T05:46:11Z start Worker001 ===
[Worker001] checking for pending tasks…
=== 2026-04-10T05:46:14Z start Worker001 ===
[Worker001] checking for pending tasks…
[Worker001] claimed T-0113: Donaldson — 1_chronicles_1: add commentary JSON
[Worker001] models: backend=dispatch (local pipeline scripts only; no Claude CLI) ollama=gemma4:e2b (christ gen + task_followup unless --no-followup)
[Worker001] claimed T-0113: Donaldson — 1_chronicles_1: add commentary JSON
[Worker001] models: backend=dispatch (local pipeline scripts only; no Claude CLI) ollama=gemma4:e2b (christ gen + task_followup unless --no-followup)
[Worker001] claimed T-0113: Donaldson — 1_chronicles_1: add commentary JSON
[Worker001] models: backend=dispatch (local pipeline scripts only; no Claude CLI) ollama=gemma4:e2b (christ gen + task_followup unless --no-followup)
Reopened T-0113.
Reopened T-0113.
=== 2026-04-10T05:46:15Z start Worker001 ===
[Worker001] checking for pending tasks…
Reopened T-0113.
  pushed to origin
[Worker001] T-0113 no dispatch rule — reopened.
  push failed (non-fatal): Command '['git', 'push', 'origin', 'main']' returned non-zero exit status 1.
[Worker001] T-0113 no dispatch rule — reopened.
  push failed (non-fatal): Command '['git', 'push', 'origin', 'main']' returned non-zero exit status 1.
[Worker001] T-0113 no dispatch rule — reopened.
[Worker001] claimed T-0113: Donaldson — 1_chronicles_1: add commentary JSON
[Worker001] models: backend=dispatch (local pipeline scripts only; no Claude CLI) ollama=gemma4:e2b (christ gen + task_followup unless --no-followup)
Reopened T-0113.
  pushed to origin
[Worker001] T-0113 no dispatch rule — reopened.
=== 2026-04-10T05:46:37Z start Worker001 ===
[Worker001] checking for pending tasks…
=== 2026-04-10T05:46:39Z start Worker001 ===
[Worker001] checking for pending tasks…
[Worker001] claimed T-0113: Donaldson — 1_chronicles_1: add commentary JSON
[Worker001] models: backend=dispatch (local pipeline scripts only; no Claude CLI) ollama=gemma4:e2b (christ gen + task_followup unless --no-followup)
Reopened T-0113.
[Worker001] claimed T-0113: Donaldson — 1_chronicles_1: add commentary JSON
[Worker001] models: backend=dispatch (local pipeline scripts only; no Claude CLI) ollama=gemma4:e2b (christ gen + task_followup unless --no-followup)
  pushed to origin
[Worker001] T-0113 no dispatch rule — reopened.
=== 2026-04-10T05:46:44Z start Worker001 ===
[Worker001] checking for pending tasks…
=== 2026-04-10T05:46:44Z start Worker001 ===
Reopened T-0113.
[Worker001] checking for pending tasks…
[Worker001] claimed T-0113: Donaldson — 1_chronicles_1: add commentary JSON
[Worker001] models: backend=dispatch (local pipeline scripts only; no Claude CLI) ollama=gemma4:e2b (christ gen + task_followup unless --no-followup)
[Worker001] claimed T-0117: Donaldson — 1_chronicles_10: add commentary JSON
[Worker001] models: backend=dispatch (local pipeline scripts only; no Claude CLI) ollama=gemma4:e2b (christ gen + task_followup unless --no-followup)
Reopened T-0113.
Reopened T-0117.
  push failed (non-fatal): Command '['git', 'push', 'origin', 'main']' returned non-zero exit status 1.
[Worker001] T-0113 no dispatch rule — reopened.
  push failed (non-fatal): Command '['git', 'push', 'origin', 'main']' returned non-zero exit status 1.
[Worker001] T-0117 no dispatch rule — reopened.
  push failed (non-fatal): Command '['git', 'push', 'origin', 'main']' returned non-zero exit status 1.
[Worker001] T-0113 no dispatch rule — reopened.
=== 2026-04-10T05:47:08Z start Worker001 ===
[Worker001] checking for pending tasks…
[Worker001] claimed T-0117: Donaldson — 1_chronicles_10: add commentary JSON
[Worker001] models: backend=dispatch (local pipeline scripts only; no Claude CLI) ollama=gemma4:e2b (christ gen + task_followup unless --no-followup)
=== 2026-04-10T05:47:09Z start Worker001 ===
[Worker001] checking for pending tasks…
[Worker001] claimed T-0117: Donaldson — 1_chronicles_10: add commentary JSON
[Worker001] models: backend=dispatch (local pipeline scripts only; no Claude CLI) ollama=gemma4:e2b (christ gen + task_followup unless --no-followup)
Reopened T-0117.
Reopened T-0117.
  push failed (non-fatal): Command '['git', 'push', 'origin', 'main']' returned non-zero exit status 1.
[Worker001] T-0117 no dispatch rule — reopened.
=== 2026-04-10T05:47:13Z start Worker001 ===
[Worker001] checking for pending tasks…
  pushed to origin
[Worker001] T-0117 no dispatch rule — reopened.
=== 2026-04-10T05:47:14Z start Worker001 ===
[Worker001] checking for pending tasks…
[Worker001] claimed T-0113: Donaldson — 1_chronicles_1: add commentary JSON
[Worker001] models: backend=dispatch (local pipeline scripts only; no Claude CLI) ollama=gemma4:e2b (christ gen + task_followup unless --no-followup)
Reopened T-0113.
[Worker001] claimed T-0113: Donaldson — 1_chronicles_1: add commentary JSON
[Worker001] models: backend=dispatch (local pipeline scripts only; no Claude CLI) ollama=gemma4:e2b (christ gen + task_followup unless --no-followup)
  push failed (non-fatal): Command '['git', 'push', 'origin', 'main']' returned non-zero exit status 1.
[Worker001] T-0113 no dispatch rule — reopened.
Reopened T-0113.
  [ledger] pushed to origin
  pushed to origin
[Worker001] T-0113 no dispatch rule — reopened.
=== 2026-04-10T05:47:35Z start Worker001 ===
[Worker001] checking for pending tasks…
[Worker001] claimed T-0113: Donaldson — 1_chronicles_1: add commentary JSON
[Worker001] models: backend=dispatch (local pipeline scripts only; no Claude CLI) ollama=gemma4:e2b (christ gen + task_followup unless --no-followup)
Reopened T-0113.
=== 2026-04-10T05:47:38Z start Worker001 ===
[Worker001] checking for pending tasks…
[Worker001] claimed T-0113: Donaldson — 1_chronicles_1: add commentary JSON
[Worker001] models: backend=dispatch (local pipeline scripts only; no Claude CLI) ollama=gemma4:e2b (christ gen + task_followup unless --no-followup)
Reopened T-0113.
  push failed (non-fatal): Command '['git', 'push', 'origin', 'main']' returned non-zero exit status 1.
[Worker001] T-0113 no dispatch rule — reopened.
=== 2026-04-10T05:47:41Z start Worker001 ===
[Worker001] checking for pending tasks…
  push failed (non-fatal): Command '['git', 'push', 'origin', 'main']' returned non-zero exit status 1.
[Worker001] T-0113 no dispatch rule — reopened.
[Worker001] claimed T-0113: Donaldson — 1_chronicles_1: add commentary JSON
[Worker001] models: backend=dispatch (local pipeline scripts only; no Claude CLI) ollama=gemma4:e2b (christ gen + task_followup unless --no-followup)
Reopened T-0113.
=== 2026-04-10T05:47:43Z start Worker001 ===
[Worker001] checking for pending tasks…
[Worker001] claimed T-0113: Donaldson — 1_chronicles_1: add commentary JSON
[Worker001] models: backend=dispatch (local pipeline scripts only; no Claude CLI) ollama=gemma4:e2b (christ gen + task_followup unless --no-followup)
Reopened T-0113.
  push failed (non-fatal): Command '['git', 'push', 'origin', 'main']' returned non-zero exit status 1.
[Worker001] T-0113 no dispatch rule — reopened.
  push failed (non-fatal): Command '['git', 'push', 'origin', 'main']' returned non-zero exit status 1.
[Worker001] T-0113 no dispatch rule — reopened.
=== 2026-04-10T05:48:05Z start Worker001 ===
[Worker001] checking for pending tasks…
[Worker001] claimed T-0113: Donaldson — 1_chronicles_1: add commentary JSON
[Worker001] models: backend=dispatch (local pipeline scripts only; no Claude CLI) ollama=gemma4:e2b (christ gen + task_followup unless --no-followup)
=== 2026-04-10T05:48:08Z start Worker001 ===
[Worker001] checking for pending tasks…
=== 2026-04-10T05:48:11Z start Worker001 ===
[Worker001] checking for pending tasks…
[Worker001] claimed T-0113: Donaldson — 1_chronicles_1: add commentary JSON
[Worker001] models: backend=dispatch (local pipeline scripts only; no Claude CLI) ollama=gemma4:e2b (christ gen + task_followup unless --no-followup)
=== 2026-04-10T05:48:11Z start Worker001 ===
Reopened T-0113.
  [ledger] pushed to origin
[Worker001] checking for pending tasks…
Reopened T-0113.
[Worker001] claimed T-0113: Donaldson — 1_chronicles_1: add commentary JSON
[Worker001] models: backend=dispatch (local pipeline scripts only; no Claude CLI) ollama=gemma4:e2b (christ gen + task_followup unless --no-followup)
[Worker001] claimed T-0113: Donaldson — 1_chronicles_1: add commentary JSON
[Worker001] models: backend=dispatch (local pipeline scripts only; no Claude CLI) ollama=gemma4:e2b (christ gen + task_followup unless --no-followup)
Reopened T-0113.
Reopened T-0113.
  pushed to origin
[Worker001] T-0113 no dispatch rule — reopened.
  pushed to origin
[Worker001] T-0113 no dispatch rule — reopened.
  push failed (non-fatal): Command '['git', 'push', 'origin', 'main']' returned non-zero exit status 1.
[Worker001] T-0113 no dispatch rule — reopened.
  push failed (non-fatal): Command '['git', 'push', 'origin', 'main']' returned non-zero exit status 1.
[Worker001] T-0113 no dispatch rule — reopened.
=== 2026-04-10T05:48:35Z start Worker001 ===
[Worker001] checking for pending tasks…
[Worker001] claimed T-0113: Donaldson — 1_chronicles_1: add commentary JSON
[Worker001] models: backend=dispatch (local pipeline scripts only; no Claude CLI) ollama=gemma4:e2b (christ gen + task_followup unless --no-followup)
Reopened T-0113.
=== 2026-04-10T05:48:36Z start Worker001 ===
[Worker001] checking for pending tasks…
  push failed (non-fatal): Command '['git', 'push', 'origin', 'main']' returned non-zero exit status 1.
[Worker001] T-0113 no dispatch rule — reopened.
=== 2026-04-10T05:48:40Z start Worker001 ===
[Worker001] checking for pending tasks…
[Worker001] claimed T-0113: Donaldson — 1_chronicles_1: add commentary JSON
[Worker001] models: backend=dispatch (local pipeline scripts only; no Claude CLI) ollama=gemma4:e2b (christ gen + task_followup unless --no-followup)
[Worker001] claimed T-0113: Donaldson — 1_chronicles_1: add commentary JSON
[Worker001] models: backend=dispatch (local pipeline scripts only; no Claude CLI) ollama=gemma4:e2b (christ gen + task_followup unless --no-followup)
Reopened T-0113.
=== 2026-04-10T05:48:40Z start Worker001 ===
[Worker001] checking for pending tasks…
  pushed to origin
[Worker001] T-0113 no dispatch rule — reopened.
Reopened T-0113.
[Worker001] claimed T-0113: Donaldson — 1_chronicles_1: add commentary JSON
[Worker001] models: backend=dispatch (local pipeline scripts only; no Claude CLI) ollama=gemma4:e2b (christ gen + task_followup unless --no-followup)
  pushed to origin
[Worker001] T-0113 no dispatch rule — reopened.
Reopened T-0113.
  pushed to origin
[Worker001] T-0113 no dispatch rule — reopened.
=== 2026-04-10T05:49:03Z start Worker001 ===
[Worker001] checking for pending tasks…
[Worker001] claimed T-0113: Donaldson — 1_chronicles_1: add commentary JSON
[Worker001] models: backend=dispatch (local pipeline scripts only; no Claude CLI) ollama=gemma4:e2b (christ gen + task_followup unless --no-followup)
Reopened T-0113.
=== 2026-04-10T05:49:06Z start Worker001 ===
[Worker001] checking for pending tasks…
[Worker001] claimed T-0117: Donaldson — 1_chronicles_10: add commentary JSON
[Worker001] models: backend=dispatch (local pipeline scripts only; no Claude CLI) ollama=gemma4:e2b (christ gen + task_followup unless --no-followup)
  push failed (non-fatal): Command '['git', 'push', 'origin', 'main']' returned non-zero exit status 1.
[Worker001] T-0113 no dispatch rule — reopened.
Reopened T-0117.
=== 2026-04-10T05:49:10Z start Worker001 ===
[Worker001] checking for pending tasks…
=== 2026-04-10T05:49:10Z start Worker001 ===
[Worker001] checking for pending tasks…
[Worker001] claimed T-0113: Donaldson — 1_chronicles_1: add commentary JSON
[Worker001] models: backend=dispatch (local pipeline scripts only; no Claude CLI) ollama=gemma4:e2b (christ gen + task_followup unless --no-followup)
  pushed to origin
[Worker001] T-0117 no dispatch rule — reopened.
Reopened T-0113.
  push failed (non-fatal): Command '['git', 'push', 'origin', 'main']' returned non-zero exit status 1.
[Worker001] T-0113 no dispatch rule — reopened.
[Worker001] claimed T-0113: Donaldson — 1_chronicles_1: add commentary JSON
[Worker001] models: backend=dispatch (local pipeline scripts only; no Claude CLI) ollama=gemma4:e2b (christ gen + task_followup unless --no-followup)
Reopened T-0113.
  push failed (non-fatal): Command '['git', 'push', 'origin', 'main']' returned non-zero exit status 1.
[Worker001] T-0113 no dispatch rule — reopened.
=== 2026-04-10T05:49:33Z start Worker001 ===
[Worker001] checking for pending tasks…
=== 2026-04-10T05:49:36Z start Worker001 ===
[Worker001] checking for pending tasks…
[Worker001] claimed T-0113: Donaldson — 1_chronicles_1: add commentary JSON
[Worker001] models: backend=dispatch (local pipeline scripts only; no Claude CLI) ollama=gemma4:e2b (christ gen + task_followup unless --no-followup)
[Worker001] claimed T-0113: Donaldson — 1_chronicles_1: add commentary JSON
[Worker001] models: backend=dispatch (local pipeline scripts only; no Claude CLI) ollama=gemma4:e2b (christ gen + task_followup unless --no-followup)
Reopened T-0113.
Reopened T-0113.
=== 2026-04-10T05:49:38Z start Worker001 ===
[Worker001] checking for pending tasks…
  push failed (non-fatal): Command '['git', 'push', 'origin', 'main']' returned non-zero exit status 1.
[Worker001] T-0113 no dispatch rule — reopened.
  push failed (non-fatal): Command '['git', 'push', 'origin', 'main']' returned non-zero exit status 1.
[Worker001] T-0113 no dispatch rule — reopened.
=== 2026-04-10T05:49:40Z start Worker001 ===
[Worker001] checking for pending tasks…
[Worker001] claimed T-0113: Donaldson — 1_chronicles_1: add commentary JSON
[Worker001] models: backend=dispatch (local pipeline scripts only; no Claude CLI) ollama=gemma4:e2b (christ gen + task_followup unless --no-followup)
[Worker001] claimed T-0113: Donaldson — 1_chronicles_1: add commentary JSON
[Worker001] models: backend=dispatch (local pipeline scripts only; no Claude CLI) ollama=gemma4:e2b (christ gen + task_followup unless --no-followup)
Reopened T-0113.
Reopened T-0113.
  [ledger] pushed to origin
  push failed (non-fatal): Command '['git', 'push', 'origin', 'main']' returned non-zero exit status 1.
[Worker001] T-0113 no dispatch rule — reopened.
  pushed to origin
[Worker001] T-0113 no dispatch rule — reopened.
=== 2026-04-10T05:50:01Z start Worker001 ===
[Worker001] checking for pending tasks…
[Worker001] claimed T-0113: Donaldson — 1_chronicles_1: add commentary JSON
[Worker001] models: backend=dispatch (local pipeline scripts only; no Claude CLI) ollama=gemma4:e2b (christ gen + task_followup unless --no-followup)
Reopened T-0113.
  push failed (non-fatal): Command '['git', 'push', 'origin', 'main']' returned non-zero exit status 1.
[Worker001] T-0113 no dispatch rule — reopened.
=== 2026-04-10T05:50:07Z start Worker001 ===
[Worker001] checking for pending tasks…
[Worker001] claimed T-0113: Donaldson — 1_chronicles_1: add commentary JSON
[Worker001] models: backend=dispatch (local pipeline scripts only; no Claude CLI) ollama=gemma4:e2b (christ gen + task_followup unless --no-followup)
Reopened T-0113.
=== 2026-04-10T05:50:09Z start Worker001 ===
[Worker001] checking for pending tasks…
[Worker001] claimed T-0113: Donaldson — 1_chronicles_1: add commentary JSON
[Worker001] models: backend=dispatch (local pipeline scripts only; no Claude CLI) ollama=gemma4:e2b (christ gen + task_followup unless --no-followup)
=== 2026-04-10T05:50:10Z start Worker001 ===
[Worker001] checking for pending tasks…
  push failed (non-fatal): Command '['git', 'push', 'origin', 'main']' returned non-zero exit status 1.
[Worker001] T-0113 no dispatch rule — reopened.
[Worker001] claimed T-0117: Donaldson — 1_chronicles_10: add commentary JSON
[Worker001] models: backend=dispatch (local pipeline scripts only; no Claude CLI) ollama=gemma4:e2b (christ gen + task_followup unless --no-followup)
Reopened T-0117.
Reopened T-0113.
  push failed (non-fatal): Command '['git', 'push', 'origin', 'main']' returned non-zero exit status 1.
[Worker001] T-0117 no dispatch rule — reopened.
  pushed to origin
[Worker001] T-0113 no dispatch rule — reopened.
=== 2026-04-10T05:50:30Z start Worker001 ===
[Worker001] checking for pending tasks…
[Worker001] claimed T-0113: Donaldson — 1_chronicles_1: add commentary JSON
[Worker001] models: backend=dispatch (local pipeline scripts only; no Claude CLI) ollama=gemma4:e2b (christ gen + task_followup unless --no-followup)
=== 2026-04-10T05:50:35Z start Worker001 ===
[Worker001] checking for pending tasks…
[Worker001] claimed T-0113: Donaldson — 1_chronicles_1: add commentary JSON
[Worker001] models: backend=dispatch (local pipeline scripts only; no Claude CLI) ollama=gemma4:e2b (christ gen + task_followup unless --no-followup)
Reopened T-0113.
Reopened T-0113.
  [ledger] pushed to origin
=== 2026-04-10T05:50:37Z start Worker001 ===
[Worker001] checking for pending tasks…
  pushed to origin
[Worker001] T-0113 no dispatch rule — reopened.
  push failed (non-fatal): Command '['git', 'push', 'origin', 'main']' returned non-zero exit status 1.
[Worker001] T-0113 no dispatch rule — reopened.
[Worker001] claimed T-0113: Donaldson — 1_chronicles_1: add commentary JSON
[Worker001] models: backend=dispatch (local pipeline scripts only; no Claude CLI) ollama=gemma4:e2b (christ gen + task_followup unless --no-followup)
Reopened T-0113.
=== 2026-04-10T05:50:39Z start Worker001 ===
[Worker001] checking for pending tasks…
  push failed (non-fatal): Command '['git', 'push', 'origin', 'main']' returned non-zero exit status 1.
[Worker001] T-0113 no dispatch rule — reopened.
[Worker001] claimed T-0113: Donaldson — 1_chronicles_1: add commentary JSON
[Worker001] models: backend=dispatch (local pipeline scripts only; no Claude CLI) ollama=gemma4:e2b (christ gen + task_followup unless --no-followup)
Reopened T-0113.
  pushed to origin
[Worker001] T-0113 no dispatch rule — reopened.
=== 2026-04-10T05:50:59Z start Worker001 ===
[Worker001] checking for pending tasks…
[Worker001] claimed T-0113: Donaldson — 1_chronicles_1: add commentary JSON
[Worker001] models: backend=dispatch (local pipeline scripts only; no Claude CLI) ollama=gemma4:e2b (christ gen + task_followup unless --no-followup)
Reopened T-0113.
  pushed to origin
[Worker001] T-0113 no dispatch rule — reopened.
=== 2026-04-10T05:51:04Z start Worker001 ===
[Worker001] checking for pending tasks…
=== 2026-04-10T05:51:07Z start Worker001 ===
[Worker001] checking for pending tasks…
[Worker001] claimed T-0113: Donaldson — 1_chronicles_1: add commentary JSON
[Worker001] models: backend=dispatch (local pipeline scripts only; no Claude CLI) ollama=gemma4:e2b (christ gen + task_followup unless --no-followup)
=== 2026-04-10T05:51:09Z start Worker001 ===
[Worker001] checking for pending tasks…
Reopened T-0113.
[Worker001] claimed T-0113: Donaldson — 1_chronicles_1: add commentary JSON
[Worker001] models: backend=dispatch (local pipeline scripts only; no Claude CLI) ollama=gemma4:e2b (christ gen + task_followup unless --no-followup)
[Worker001] claimed T-0113: Donaldson — 1_chronicles_1: add commentary JSON
[Worker001] models: backend=dispatch (local pipeline scripts only; no Claude CLI) ollama=gemma4:e2b (christ gen + task_followup unless --no-followup)
  pushed to origin
[Worker001] T-0113 no dispatch rule — reopened.
Reopened T-0113.
  [ledger] pushed to origin
Reopened T-0113.
  pushed to origin
[Worker001] T-0113 no dispatch rule — reopened.
  pushed to origin
[Worker001] T-0113 no dispatch rule — reopened.
=== 2026-04-10T05:51:29Z start Worker001 ===
[Worker001] checking for pending tasks…
[Worker001] claimed T-0113: Donaldson — 1_chronicles_1: add commentary JSON
[Worker001] models: backend=dispatch (local pipeline scripts only; no Claude CLI) ollama=gemma4:e2b (christ gen + task_followup unless --no-followup)
Reopened T-0113.
  push failed (non-fatal): Command '['git', 'push', 'origin', 'main']' returned non-zero exit status 1.
[Worker001] T-0113 no dispatch rule — reopened.
=== 2026-04-10T05:51:34Z start Worker001 ===
[Worker001] checking for pending tasks…
[Worker001] claimed T-0113: Donaldson — 1_chronicles_1: add commentary JSON
[Worker001] models: backend=dispatch (local pipeline scripts only; no Claude CLI) ollama=gemma4:e2b (christ gen + task_followup unless --no-followup)
Reopened T-0113.
  push failed (non-fatal): Command '['git', 'push', 'origin', 'main']' returned non-zero exit status 1.
[Worker001] T-0113 no dispatch rule — reopened.
=== 2026-04-10T05:51:37Z start Worker001 ===
[Worker001] checking for pending tasks…
[Worker001] claimed T-0113: Donaldson — 1_chronicles_1: add commentary JSON
[Worker001] models: backend=dispatch (local pipeline scripts only; no Claude CLI) ollama=gemma4:e2b (christ gen + task_followup unless --no-followup)
=== 2026-04-10T05:51:38Z start Worker001 ===
[Worker001] checking for pending tasks…
Reopened T-0113.
[Worker001] claimed T-0117: Donaldson — 1_chronicles_10: add commentary JSON
[Worker001] models: backend=dispatch (local pipeline scripts only; no Claude CLI) ollama=gemma4:e2b (christ gen + task_followup unless --no-followup)
Reopened T-0117.
  push failed (non-fatal): Command '['git', 'push', 'origin', 'main']' returned non-zero exit status 1.
[Worker001] T-0113 no dispatch rule — reopened.
  push failed (non-fatal): Command '['git', 'push', 'origin', 'main']' returned non-zero exit status 1.
[Worker001] T-0117 no dispatch rule — reopened.
=== 2026-04-10T05:51:59Z start Worker001 ===
[Worker001] checking for pending tasks…
[Worker001] claimed T-0113: Donaldson — 1_chronicles_1: add commentary JSON
[Worker001] models: backend=dispatch (local pipeline scripts only; no Claude CLI) ollama=gemma4:e2b (christ gen + task_followup unless --no-followup)
Reopened T-0113.
=== 2026-04-10T05:52:01Z start Worker001 ===
[Worker001] checking for pending tasks…
[Worker001] claimed T-0113: Donaldson — 1_chronicles_1: add commentary JSON
[Worker001] models: backend=dispatch (local pipeline scripts only; no Claude CLI) ollama=gemma4:e2b (christ gen + task_followup unless --no-followup)
Reopened T-0113.
  pushed to origin
[Worker001] T-0113 no dispatch rule — reopened.
  push failed (non-fatal): Command '['git', 'push', 'origin', 'main']' returned non-zero exit status 1.
[Worker001] T-0113 no dispatch rule — reopened.
=== 2026-04-10T05:52:06Z start Worker001 ===
[Worker001] checking for pending tasks…
[Worker001] claimed T-0113: Donaldson — 1_chronicles_1: add commentary JSON
[Worker001] models: backend=dispatch (local pipeline scripts only; no Claude CLI) ollama=gemma4:e2b (christ gen + task_followup unless --no-followup)
=== 2026-04-10T05:52:07Z start Worker001 ===
[Worker001] checking for pending tasks…
Reopened T-0113.
[Worker001] claimed T-0113: Donaldson — 1_chronicles_1: add commentary JSON
[Worker001] models: backend=dispatch (local pipeline scripts only; no Claude CLI) ollama=gemma4:e2b (christ gen + task_followup unless --no-followup)
  push failed (non-fatal): Command '['git', 'push', 'origin', 'main']' returned non-zero exit status 1.
[Worker001] T-0113 no dispatch rule — reopened.
Reopened T-0113.
  [ledger] pushed to origin
  pushed to origin
[Worker001] T-0113 no dispatch rule — reopened.
=== 2026-04-10T05:52:29Z start Worker001 ===
[Worker001] checking for pending tasks…
=== 2026-04-10T05:52:29Z start Worker001 ===
[Worker001] checking for pending tasks…
[Worker001] claimed T-0113: Donaldson — 1_chronicles_1: add commentary JSON
[Worker001] models: backend=dispatch (local pipeline scripts only; no Claude CLI) ollama=gemma4:e2b (christ gen + task_followup unless --no-followup)
[Worker001] claimed T-0117: Donaldson — 1_chronicles_10: add commentary JSON
[Worker001] models: backend=dispatch (local pipeline scripts only; no Claude CLI) ollama=gemma4:e2b (christ gen + task_followup unless --no-followup)
Reopened T-0113.
Reopened T-0117.
  push failed (non-fatal): Command '['git', 'push', 'origin', 'main']' returned non-zero exit status 1.
[Worker001] T-0113 no dispatch rule — reopened.
  push failed (non-fatal): Command '['git', 'push', 'origin', 'main']' returned non-zero exit status 1.
[Worker001] T-0117 no dispatch rule — reopened.
=== 2026-04-10T05:52:37Z start Worker001 ===
[Worker001] checking for pending tasks…
=== 2026-04-10T05:52:37Z start Worker001 ===
[Worker001] checking for pending tasks…
[Worker001] claimed T-0113: Donaldson — 1_chronicles_1: add commentary JSON
[Worker001] models: backend=dispatch (local pipeline scripts only; no Claude CLI) ollama=gemma4:e2b (christ gen + task_followup unless --no-followup)
[Worker001] claimed T-0117: Donaldson — 1_chronicles_10: add commentary JSON
[Worker001] models: backend=dispatch (local pipeline scripts only; no Claude CLI) ollama=gemma4:e2b (christ gen + task_followup unless --no-followup)
Reopened T-0113.
Reopened T-0117.
  push failed (non-fatal): Command '['git', 'push', 'origin', 'main']' returned non-zero exit status 1.
[Worker001] T-0113 no dispatch rule — reopened.
  push failed (non-fatal): Command '['git', 'push', 'origin', 'main']' returned non-zero exit status 1.
[Worker001] T-0117 no dispatch rule — reopened.
=== 2026-04-10T05:52:54Z start Worker001 ===
[Worker001] checking for pending tasks…
[Worker001] claimed T-0113: Donaldson — 1_chronicles_1: add commentary JSON
[Worker001] models: backend=dispatch (local pipeline scripts only; no Claude CLI) ollama=gemma4:e2b (christ gen + task_followup unless --no-followup)
=== 2026-04-10T05:52:58Z start Worker001 ===
[Worker001] checking for pending tasks…
[Worker001] claimed T-0113: Donaldson — 1_chronicles_1: add commentary JSON
[Worker001] models: backend=dispatch (local pipeline scripts only; no Claude CLI) ollama=gemma4:e2b (christ gen + task_followup unless --no-followup)
Reopened T-0113.
Reopened T-0113.
  [ledger] pushed to origin
  push failed (non-fatal): Command '['git', 'push', 'origin', 'main']' returned non-zero exit status 1.
[Worker001] T-0113 no dispatch rule — reopened.
  pushed to origin
[Worker001] T-0113 no dispatch rule — reopened.
=== 2026-04-10T05:53:06Z start Worker001 ===
=== 2026-04-10T05:53:06Z start Worker001 ===
[Worker001] checking for pending tasks…
[Worker001] checking for pending tasks…
[Worker001] claimed T-0113: Donaldson — 1_chronicles_1: add commentary JSON
[Worker001] models: backend=dispatch (local pipeline scripts only; no Claude CLI) ollama=gemma4:e2b (christ gen + task_followup unless --no-followup)
Reopened T-0113.
[Worker001] claimed T-0113: Donaldson — 1_chronicles_1: add commentary JSON
[Worker001] models: backend=dispatch (local pipeline scripts only; no Claude CLI) ollama=gemma4:e2b (christ gen + task_followup unless --no-followup)
  push failed (non-fatal): Command '['git', 'push', 'origin', 'main']' returned non-zero exit status 1.
[Worker001] T-0113 no dispatch rule — reopened.
Reopened T-0113.
  [ledger] pushed to origin
  pushed to origin
[Worker001] T-0113 no dispatch rule — reopened.
=== 2026-04-10T05:53:23Z start Worker001 ===
[Worker001] checking for pending tasks…
[Worker001] claimed T-0113: Donaldson — 1_chronicles_1: add commentary JSON
[Worker001] models: backend=dispatch (local pipeline scripts only; no Claude CLI) ollama=gemma4:e2b (christ gen + task_followup unless --no-followup)
Reopened T-0113.
  push failed (non-fatal): Command '['git', 'push', 'origin', 'main']' returned non-zero exit status 1.
[Worker001] T-0113 no dispatch rule — reopened.
=== 2026-04-10T05:53:28Z start Worker001 ===
[Worker001] checking for pending tasks…
[Worker001] claimed T-0113: Donaldson — 1_chronicles_1: add commentary JSON
[Worker001] models: backend=dispatch (local pipeline scripts only; no Claude CLI) ollama=gemma4:e2b (christ gen + task_followup unless --no-followup)
=== 2026-04-10T05:53:31Z start Worker001 ===
[Worker001] checking for pending tasks…
Reopened T-0113.
[Worker001] claimed T-0113: Donaldson — 1_chronicles_1: add commentary JSON
[Worker001] models: backend=dispatch (local pipeline scripts only; no Claude CLI) ollama=gemma4:e2b (christ gen + task_followup unless --no-followup)
  pushed to origin
[Worker001] T-0113 no dispatch rule — reopened.
Reopened T-0113.
=== 2026-04-10T05:53:36Z start Worker001 ===
[Worker001] checking for pending tasks…
[Worker001] claimed T-0113: Donaldson — 1_chronicles_1: add commentary JSON
[Worker001] models: backend=dispatch (local pipeline scripts only; no Claude CLI) ollama=gemma4:e2b (christ gen + task_followup unless --no-followup)
  pushed to origin
[Worker001] T-0113 no dispatch rule — reopened.
Reopened T-0113.
  push failed (non-fatal): Command '['git', 'push', 'origin', 'main']' returned non-zero exit status 1.
[Worker001] T-0113 no dispatch rule — reopened.
=== 2026-04-10T05:53:52Z start Worker001 ===
[Worker001] checking for pending tasks…
[Worker001] claimed T-0113: Donaldson — 1_chronicles_1: add commentary JSON
[Worker001] models: backend=dispatch (local pipeline scripts only; no Claude CLI) ollama=gemma4:e2b (christ gen + task_followup unless --no-followup)
Reopened T-0113.
  pushed to origin
[Worker001] T-0113 no dispatch rule — reopened.
=== 2026-04-10T05:53:58Z start Worker001 ===
[Worker001] checking for pending tasks…
[Worker001] claimed T-0113: Donaldson — 1_chronicles_1: add commentary JSON
[Worker001] models: backend=dispatch (local pipeline scripts only; no Claude CLI) ollama=gemma4:e2b (christ gen + task_followup unless --no-followup)
=== 2026-04-10T05:54:01Z start Worker001 ===
[Worker001] checking for pending tasks…
Reopened T-0113.
  [ledger] pushed to origin
[Worker001] claimed T-0113: Donaldson — 1_chronicles_1: add commentary JSON
[Worker001] models: backend=dispatch (local pipeline scripts only; no Claude CLI) ollama=gemma4:e2b (christ gen + task_followup unless --no-followup)
  pushed to origin
[Worker001] T-0113 no dispatch rule — reopened.
Reopened T-0113.
=== 2026-04-10T05:54:05Z start Worker001 ===
[Worker001] checking for pending tasks…
[Worker001] claimed T-0113: Donaldson — 1_chronicles_1: add commentary JSON
[Worker001] models: backend=dispatch (local pipeline scripts only; no Claude CLI) ollama=gemma4:e2b (christ gen + task_followup unless --no-followup)
Reopened T-0113.
  pushed to origin
[Worker001] T-0113 no dispatch rule — reopened.
  push failed (non-fatal): Command '['git', 'push', 'origin', 'main']' returned non-zero exit status 1.
[Worker001] T-0113 no dispatch rule — reopened.
=== 2026-04-10T05:54:23Z start Worker001 ===
[Worker001] checking for pending tasks…
=== 2026-04-10T05:54:26Z start Worker001 ===
[Worker001] checking for pending tasks…
[Worker001] claimed T-0113: Donaldson — 1_chronicles_1: add commentary JSON
[Worker001] models: backend=dispatch (local pipeline scripts only; no Claude CLI) ollama=gemma4:e2b (christ gen + task_followup unless --no-followup)
[Worker001] claimed T-0113: Donaldson — 1_chronicles_1: add commentary JSON
[Worker001] models: backend=dispatch (local pipeline scripts only; no Claude CLI) ollama=gemma4:e2b (christ gen + task_followup unless --no-followup)
Reopened T-0113.
Reopened T-0113.
  pushed to origin
[Worker001] T-0113 no dispatch rule — reopened.
  push failed (non-fatal): Command '['git', 'push', 'origin', 'main']' returned non-zero exit status 1.
[Worker001] T-0113 no dispatch rule — reopened.
=== 2026-04-10T05:54:31Z start Worker001 ===
[Worker001] checking for pending tasks…
[Worker001] claimed T-0113: Donaldson — 1_chronicles_1: add commentary JSON
[Worker001] models: backend=dispatch (local pipeline scripts only; no Claude CLI) ollama=gemma4:e2b (christ gen + task_followup unless --no-followup)
Reopened T-0113.
  push failed (non-fatal): Command '['git', 'push', 'origin', 'main']' returned non-zero exit status 1.
[Worker001] T-0113 no dispatch rule — reopened.
=== 2026-04-10T05:54:34Z start Worker001 ===
[Worker001] checking for pending tasks…
[Worker001] claimed T-0113: Donaldson — 1_chronicles_1: add commentary JSON
[Worker001] models: backend=dispatch (local pipeline scripts only; no Claude CLI) ollama=gemma4:e2b (christ gen + task_followup unless --no-followup)
Reopened T-0113.
  push failed (non-fatal): Command '['git', 'push', 'origin', 'main']' returned non-zero exit status 1.
[Worker001] T-0113 no dispatch rule — reopened.
=== 2026-04-10T05:54:51Z start Worker001 ===
[Worker001] checking for pending tasks…
[Worker001] claimed T-0113: Donaldson — 1_chronicles_1: add commentary JSON
[Worker001] models: backend=dispatch (local pipeline scripts only; no Claude CLI) ollama=gemma4:e2b (christ gen + task_followup unless --no-followup)
=== 2026-04-10T05:54:56Z start Worker001 ===
[Worker001] checking for pending tasks…
[Worker001] claimed T-0113: Donaldson — 1_chronicles_1: add commentary JSON
[Worker001] models: backend=dispatch (local pipeline scripts only; no Claude CLI) ollama=gemma4:e2b (christ gen + task_followup unless --no-followup)
Reopened T-0113.
  [ledger] pushed to origin
Reopened T-0113.
  [ledger] pushed to origin
  pushed to origin
[Worker001] T-0113 no dispatch rule — reopened.
  pushed to origin
[Worker001] T-0113 no dispatch rule — reopened.
=== 2026-04-10T05:55:00Z start Worker001 ===
[Worker001] checking for pending tasks…
[Worker001] claimed T-0113: Donaldson — 1_chronicles_1: add commentary JSON
[Worker001] models: backend=dispatch (local pipeline scripts only; no Claude CLI) ollama=gemma4:e2b (christ gen + task_followup unless --no-followup)
Reopened T-0113.
  push failed (non-fatal): Command '['git', 'push', 'origin', 'main']' returned non-zero exit status 1.
[Worker001] T-0113 no dispatch rule — reopened.
=== 2026-04-10T05:55:04Z start Worker001 ===
[Worker001] checking for pending tasks…
[Worker001] claimed T-0113: Donaldson — 1_chronicles_1: add commentary JSON
[Worker001] models: backend=dispatch (local pipeline scripts only; no Claude CLI) ollama=gemma4:e2b (christ gen + task_followup unless --no-followup)
Reopened T-0113.
  push failed (non-fatal): Command '['git', 'push', 'origin', 'main']' returned non-zero exit status 1.
[Worker001] T-0113 no dispatch rule — reopened.
=== 2026-04-10T05:55:20Z start Worker001 ===
[Worker001] checking for pending tasks…
[Worker001] claimed T-0113: Donaldson — 1_chronicles_1: add commentary JSON
[Worker001] models: backend=dispatch (local pipeline scripts only; no Claude CLI) ollama=gemma4:e2b (christ gen + task_followup unless --no-followup)
Reopened T-0113.
  pushed to origin
[Worker001] T-0113 no dispatch rule — reopened.
=== 2026-04-10T05:55:25Z start Worker001 ===
[Worker001] checking for pending tasks…
[Worker001] claimed T-0113: Donaldson — 1_chronicles_1: add commentary JSON
[Worker001] models: backend=dispatch (local pipeline scripts only; no Claude CLI) ollama=gemma4:e2b (christ gen + task_followup unless --no-followup)
Reopened T-0113.
  push failed (non-fatal): Command '['git', 'push', 'origin', 'main']' returned non-zero exit status 1.
[Worker001] T-0113 no dispatch rule — reopened.
=== 2026-04-10T05:55:30Z start Worker001 ===
[Worker001] checking for pending tasks…
[Worker001] claimed T-0113: Donaldson — 1_chronicles_1: add commentary JSON
[Worker001] models: backend=dispatch (local pipeline scripts only; no Claude CLI) ollama=gemma4:e2b (christ gen + task_followup unless --no-followup)
Reopened T-0113.
  push failed (non-fatal): Command '['git', 'push', 'origin', 'main']' returned non-zero exit status 1.
[Worker001] T-0113 no dispatch rule — reopened.
=== 2026-04-10T05:55:33Z start Worker001 ===
[Worker001] checking for pending tasks…
[Worker001] claimed T-0113: Donaldson — 1_chronicles_1: add commentary JSON
[Worker001] models: backend=dispatch (local pipeline scripts only; no Claude CLI) ollama=gemma4:e2b (christ gen + task_followup unless --no-followup)
Reopened T-0113.
  pushed to origin
[Worker001] T-0113 no dispatch rule — reopened.
=== 2026-04-10T05:55:51Z start Worker001 ===
[Worker001] checking for pending tasks…
[Worker001] claimed T-0113: Donaldson — 1_chronicles_1: add commentary JSON
[Worker001] models: backend=dispatch (local pipeline scripts only; no Claude CLI) ollama=gemma4:e2b (christ gen + task_followup unless --no-followup)
Reopened T-0113.
=== 2026-04-10T05:55:55Z start Worker001 ===
[Worker001] checking for pending tasks…
  pushed to origin
[Worker001] T-0113 no dispatch rule — reopened.
[Worker001] claimed T-0113: Donaldson — 1_chronicles_1: add commentary JSON
[Worker001] models: backend=dispatch (local pipeline scripts only; no Claude CLI) ollama=gemma4:e2b (christ gen + task_followup unless --no-followup)
Reopened T-0113.
  push failed (non-fatal): Command '['git', 'push', 'origin', 'main']' returned non-zero exit status 1.
[Worker001] T-0113 no dispatch rule — reopened.
=== 2026-04-10T05:56:00Z start Worker001 ===
[Worker001] checking for pending tasks…
[Worker001] claimed T-0113: Donaldson — 1_chronicles_1: add commentary JSON
[Worker001] models: backend=dispatch (local pipeline scripts only; no Claude CLI) ollama=gemma4:e2b (christ gen + task_followup unless --no-followup)
=== 2026-04-10T05:56:00Z start Worker001 ===
[Worker001] checking for pending tasks…
Reopened T-0113.
[Worker001] claimed T-0113: Donaldson — 1_chronicles_1: add commentary JSON
[Worker001] models: backend=dispatch (local pipeline scripts only; no Claude CLI) ollama=gemma4:e2b (christ gen + task_followup unless --no-followup)
  push failed (non-fatal): Command '['git', 'push', 'origin', 'main']' returned non-zero exit status 1.
[Worker001] T-0113 no dispatch rule — reopened.
Reopened T-0113.
  push failed (non-fatal): Command '['git', 'push', 'origin', 'main']' returned non-zero exit status 1.
[Worker001] T-0113 no dispatch rule — reopened.
=== 2026-04-10T05:56:20Z start Worker001 ===
[Worker001] checking for pending tasks…
[Worker001] claimed T-0113: Donaldson — 1_chronicles_1: add commentary JSON
[Worker001] models: backend=dispatch (local pipeline scripts only; no Claude CLI) ollama=gemma4:e2b (christ gen + task_followup unless --no-followup)
Reopened T-0113.
  pushed to origin
[Worker001] T-0113 no dispatch rule — reopened.
=== 2026-04-10T05:56:26Z start Worker001 ===
[Worker001] checking for pending tasks…
=== 2026-04-10T05:56:28Z start Worker001 ===
[Worker001] checking for pending tasks…
[Worker001] claimed T-0113: Donaldson — 1_chronicles_1: add commentary JSON
[Worker001] models: backend=dispatch (local pipeline scripts only; no Claude CLI) ollama=gemma4:e2b (christ gen + task_followup unless --no-followup)
Reopened T-0113.
=== 2026-04-10T05:56:30Z start Worker001 ===
[Worker001] checking for pending tasks…
[Worker001] claimed T-0113: Donaldson — 1_chronicles_1: add commentary JSON
[Worker001] models: backend=dispatch (local pipeline scripts only; no Claude CLI) ollama=gemma4:e2b (christ gen + task_followup unless --no-followup)
Reopened T-0113.
  push failed (non-fatal): Command '['git', 'push', 'origin', 'main']' returned non-zero exit status 1.
[Worker001] T-0113 no dispatch rule — reopened.
  push failed (non-fatal): Command '['git', 'push', 'origin', 'main']' returned non-zero exit status 1.
[Worker001] T-0113 no dispatch rule — reopened.
[Worker001] claimed T-0113: Donaldson — 1_chronicles_1: add commentary JSON
[Worker001] models: backend=dispatch (local pipeline scripts only; no Claude CLI) ollama=gemma4:e2b (christ gen + task_followup unless --no-followup)
Reopened T-0113.
  pushed to origin
[Worker001] T-0113 no dispatch rule — reopened.
=== 2026-04-10T05:56:49Z start Worker001 ===
[Worker001] checking for pending tasks…
[Worker001] claimed T-0113: Donaldson — 1_chronicles_1: add commentary JSON
[Worker001] models: backend=dispatch (local pipeline scripts only; no Claude CLI) ollama=gemma4:e2b (christ gen + task_followup unless --no-followup)
Reopened T-0113.
  pushed to origin
[Worker001] T-0113 no dispatch rule — reopened.
=== 2026-04-10T05:56:54Z start Worker001 ===
[Worker001] checking for pending tasks…
[Worker001] claimed T-0113: Donaldson — 1_chronicles_1: add commentary JSON
[Worker001] models: backend=dispatch (local pipeline scripts only; no Claude CLI) ollama=gemma4:e2b (christ gen + task_followup unless --no-followup)
=== 2026-04-10T05:56:58Z start Worker001 ===
[Worker001] checking for pending tasks…
[Worker001] claimed T-0113: Donaldson — 1_chronicles_1: add commentary JSON
[Worker001] models: backend=dispatch (local pipeline scripts only; no Claude CLI) ollama=gemma4:e2b (christ gen + task_followup unless --no-followup)
Reopened T-0113.
=== 2026-04-10T05:56:59Z start Worker001 ===
[Worker001] checking for pending tasks…
Reopened T-0113.
  [ledger] pushed to origin
  push failed (non-fatal): Command '['git', 'push', 'origin', 'main']' returned non-zero exit status 1.
[Worker001] T-0113 no dispatch rule — reopened.
  pushed to origin
[Worker001] T-0113 no dispatch rule — reopened.
[Worker001] claimed T-0113: Donaldson — 1_chronicles_1: add commentary JSON
[Worker001] models: backend=dispatch (local pipeline scripts only; no Claude CLI) ollama=gemma4:e2b (christ gen + task_followup unless --no-followup)
Reopened T-0113.
  pushed to origin
[Worker001] T-0113 no dispatch rule — reopened.
=== 2026-04-10T05:57:19Z start Worker001 ===
[Worker001] checking for pending tasks…
[Worker001] claimed T-0117: Donaldson — 1_chronicles_10: add commentary JSON
[Worker001] models: backend=dispatch (local pipeline scripts only; no Claude CLI) ollama=gemma4:e2b (christ gen + task_followup unless --no-followup)
Reopened T-0117.
  push failed (non-fatal): Command '['git', 'push', 'origin', 'main']' returned non-zero exit status 1.
[Worker001] T-0117 no dispatch rule — reopened.
=== 2026-04-10T05:57:24Z start Worker001 ===
[Worker001] checking for pending tasks…
[Worker001] claimed T-0113: Donaldson — 1_chronicles_1: add commentary JSON
[Worker001] models: backend=dispatch (local pipeline scripts only; no Claude CLI) ollama=gemma4:e2b (christ gen + task_followup unless --no-followup)
Reopened T-0113.
  [ledger] pushed to origin
=== 2026-04-10T05:57:28Z start Worker001 ===
[Worker001] checking for pending tasks…
[Worker001] claimed T-0113: Donaldson — 1_chronicles_1: add commentary JSON
[Worker001] models: backend=dispatch (local pipeline scripts only; no Claude CLI) ollama=gemma4:e2b (christ gen + task_followup unless --no-followup)
  pushed to origin
[Worker001] T-0113 no dispatch rule — reopened.
=== 2026-04-10T05:57:29Z start Worker001 ===
[Worker001] checking for pending tasks…
Reopened T-0113.
[Worker001] claimed T-0113: Donaldson — 1_chronicles_1: add commentary JSON
[Worker001] models: backend=dispatch (local pipeline scripts only; no Claude CLI) ollama=gemma4:e2b (christ gen + task_followup unless --no-followup)
Reopened T-0113.
  push failed (non-fatal): Command '['git', 'push', 'origin', 'main']' returned non-zero exit status 1.
[Worker001] T-0113 no dispatch rule — reopened.
  push failed (non-fatal): Command '['git', 'push', 'origin', 'main']' returned non-zero exit status 1.
[Worker001] T-0113 no dispatch rule — reopened.
=== 2026-04-10T05:57:45Z start Worker001 ===
[Worker001] checking for pending tasks…
[Worker001] claimed T-0113: Donaldson — 1_chronicles_1: add commentary JSON
[Worker001] models: backend=dispatch (local pipeline scripts only; no Claude CLI) ollama=gemma4:e2b (christ gen + task_followup unless --no-followup)
Reopened T-0113.
  push failed (non-fatal): Command '['git', 'push', 'origin', 'main']' returned non-zero exit status 1.
[Worker001] T-0113 no dispatch rule — reopened.
=== 2026-04-10T05:57:55Z start Worker001 ===
[Worker001] checking for pending tasks…
[Worker001] claimed T-0113: Donaldson — 1_chronicles_1: add commentary JSON
[Worker001] models: backend=dispatch (local pipeline scripts only; no Claude CLI) ollama=gemma4:e2b (christ gen + task_followup unless --no-followup)
Reopened T-0113.
=== 2026-04-10T05:57:56Z start Worker001 ===
[Worker001] checking for pending tasks…
  push failed (non-fatal): Command '['git', 'push', 'origin', 'main']' returned non-zero exit status 1.
[Worker001] T-0113 no dispatch rule — reopened.
=== 2026-04-10T05:57:59Z start Worker001 ===
[Worker001] checking for pending tasks…
[Worker001] claimed T-0113: Donaldson — 1_chronicles_1: add commentary JSON
[Worker001] models: backend=dispatch (local pipeline scripts only; no Claude CLI) ollama=gemma4:e2b (christ gen + task_followup unless --no-followup)
[Worker001] claimed T-0113: Donaldson — 1_chronicles_1: add commentary JSON
[Worker001] models: backend=dispatch (local pipeline scripts only; no Claude CLI) ollama=gemma4:e2b (christ gen + task_followup unless --no-followup)
Reopened T-0113.
  push failed (non-fatal): Command '['git', 'push', 'origin', 'main']' returned non-zero exit status 1.
[Worker001] T-0113 no dispatch rule — reopened.
Reopened T-0113.
  pushed to origin
[Worker001] T-0113 no dispatch rule — reopened.
=== 2026-04-10T05:58:14Z start Worker001 ===
[Worker001] checking for pending tasks…
[Worker001] claimed T-0113: Donaldson — 1_chronicles_1: add commentary JSON
[Worker001] models: backend=dispatch (local pipeline scripts only; no Claude CLI) ollama=gemma4:e2b (christ gen + task_followup unless --no-followup)
Reopened T-0113.
  [ledger] pushed to origin
  pushed to origin
[Worker001] T-0113 no dispatch rule — reopened.
=== 2026-04-10T05:58:25Z start Worker001 ===
[Worker001] checking for pending tasks…
[Worker001] claimed T-0113: Donaldson — 1_chronicles_1: add commentary JSON
[Worker001] models: backend=dispatch (local pipeline scripts only; no Claude CLI) ollama=gemma4:e2b (christ gen + task_followup unless --no-followup)
Reopened T-0113.
=== 2026-04-10T05:58:27Z start Worker001 ===
[Worker001] checking for pending tasks…
[Worker001] claimed T-0113: Donaldson — 1_chronicles_1: add commentary JSON
[Worker001] models: backend=dispatch (local pipeline scripts only; no Claude CLI) ollama=gemma4:e2b (christ gen + task_followup unless --no-followup)
Reopened T-0113.
=== 2026-04-10T05:58:28Z start Worker001 ===
  push failed (non-fatal): Command '['git', 'push', 'origin', 'main']' returned non-zero exit status 1.
[Worker001] T-0113 no dispatch rule — reopened.
[Worker001] checking for pending tasks…
[Worker001] claimed T-0113: Donaldson — 1_chronicles_1: add commentary JSON
[Worker001] models: backend=dispatch (local pipeline scripts only; no Claude CLI) ollama=gemma4:e2b (christ gen + task_followup unless --no-followup)
Reopened T-0113.
  push failed (non-fatal): Command '['git', 'push', 'origin', 'main']' returned non-zero exit status 1.
[Worker001] T-0113 no dispatch rule — reopened.
  push failed (non-fatal): Command '['git', 'push', 'origin', 'main']' returned non-zero exit status 1.
[Worker001] T-0113 no dispatch rule — reopened.
=== 2026-04-10T05:58:43Z start Worker001 ===
[Worker001] checking for pending tasks…
[Worker001] claimed T-0113: Donaldson — 1_chronicles_1: add commentary JSON
[Worker001] models: backend=dispatch (local pipeline scripts only; no Claude CLI) ollama=gemma4:e2b (christ gen + task_followup unless --no-followup)
Reopened T-0113.
  push failed (non-fatal): Command '['git', 'push', 'origin', 'main']' returned non-zero exit status 1.
[Worker001] T-0113 no dispatch rule — reopened.
=== 2026-04-10T05:58:53Z start Worker001 ===
[Worker001] checking for pending tasks…
[Worker001] claimed T-0113: Donaldson — 1_chronicles_1: add commentary JSON
[Worker001] models: backend=dispatch (local pipeline scripts only; no Claude CLI) ollama=gemma4:e2b (christ gen + task_followup unless --no-followup)
Reopened T-0113.
=== 2026-04-10T05:58:56Z start Worker001 ===
  push failed (non-fatal): Command '['git', 'push', 'origin', 'main']' returned non-zero exit status 1.
[Worker001] T-0113 no dispatch rule — reopened.
[Worker001] checking for pending tasks…
[Worker001] claimed T-0113: Donaldson — 1_chronicles_1: add commentary JSON
[Worker001] models: backend=dispatch (local pipeline scripts only; no Claude CLI) ollama=gemma4:e2b (christ gen + task_followup unless --no-followup)
Reopened T-0113.
=== 2026-04-10T05:58:58Z start Worker001 ===
[Worker001] checking for pending tasks…
[Worker001] claimed T-0113: Donaldson — 1_chronicles_1: add commentary JSON
[Worker001] models: backend=dispatch (local pipeline scripts only; no Claude CLI) ollama=gemma4:e2b (christ gen + task_followup unless --no-followup)
Reopened T-0113.
  push failed (non-fatal): Command '['git', 'push', 'origin', 'main']' returned non-zero exit status 1.
[Worker001] T-0113 no dispatch rule — reopened.
  push failed (non-fatal): Command '['git', 'push', 'origin', 'main']' returned non-zero exit status 1.
[Worker001] T-0113 no dispatch rule — reopened.
=== 2026-04-10T05:59:12Z start Worker001 ===
[Worker001] checking for pending tasks…
[Worker001] claimed T-0113: Donaldson — 1_chronicles_1: add commentary JSON
[Worker001] models: backend=dispatch (local pipeline scripts only; no Claude CLI) ollama=gemma4:e2b (christ gen + task_followup unless --no-followup)
Reopened T-0113.
  push failed (non-fatal): Command '['git', 'push', 'origin', 'main']' returned non-zero exit status 1.
[Worker001] T-0113 no dispatch rule — reopened.
=== 2026-04-10T05:59:21Z start Worker001 ===
[Worker001] checking for pending tasks…
[Worker001] claimed T-0113: Donaldson — 1_chronicles_1: add commentary JSON
[Worker001] models: backend=dispatch (local pipeline scripts only; no Claude CLI) ollama=gemma4:e2b (christ gen + task_followup unless --no-followup)
Reopened T-0113.
=== 2026-04-10T05:59:26Z start Worker001 ===
[Worker001] checking for pending tasks…
  pushed to origin
[Worker001] T-0113 no dispatch rule — reopened.
[Worker001] claimed T-0113: Donaldson — 1_chronicles_1: add commentary JSON
[Worker001] models: backend=dispatch (local pipeline scripts only; no Claude CLI) ollama=gemma4:e2b (christ gen + task_followup unless --no-followup)
Reopened T-0113.
=== 2026-04-10T05:59:27Z start Worker001 ===
[Worker001] checking for pending tasks…
[Worker001] claimed T-0113: Donaldson — 1_chronicles_1: add commentary JSON
[Worker001] models: backend=dispatch (local pipeline scripts only; no Claude CLI) ollama=gemma4:e2b (christ gen + task_followup unless --no-followup)
Reopened T-0113.
  push failed (non-fatal): Command '['git', 'push', 'origin', 'main']' returned non-zero exit status 1.
[Worker001] T-0113 no dispatch rule — reopened.
  push failed (non-fatal): Command '['git', 'push', 'origin', 'main']' returned non-zero exit status 1.
[Worker001] T-0113 no dispatch rule — reopened.
=== 2026-04-10T05:59:41Z start Worker001 ===
[Worker001] checking for pending tasks…
[Worker001] claimed T-0113: Donaldson — 1_chronicles_1: add commentary JSON
[Worker001] models: backend=dispatch (local pipeline scripts only; no Claude CLI) ollama=gemma4:e2b (christ gen + task_followup unless --no-followup)
Reopened T-0113.
  pushed to origin
[Worker001] T-0113 no dispatch rule — reopened.
=== 2026-04-10T05:59:52Z start Worker001 ===
[Worker001] checking for pending tasks…
[Worker001] claimed T-0113: Donaldson — 1_chronicles_1: add commentary JSON
[Worker001] models: backend=dispatch (local pipeline scripts only; no Claude CLI) ollama=gemma4:e2b (christ gen + task_followup unless --no-followup)
Reopened T-0113.
=== 2026-04-10T05:59:55Z start Worker001 ===
[Worker001] checking for pending tasks…
  push failed (non-fatal): Command '['git', 'push', 'origin', 'main']' returned non-zero exit status 1.
[Worker001] T-0113 no dispatch rule — reopened.
[Worker001] claimed T-0113: Donaldson — 1_chronicles_1: add commentary JSON
[Worker001] models: backend=dispatch (local pipeline scripts only; no Claude CLI) ollama=gemma4:e2b (christ gen + task_followup unless --no-followup)
Reopened T-0113.
=== 2026-04-10T05:59:57Z start Worker001 ===
[Worker001] checking for pending tasks…
[Worker001] claimed T-0113: Donaldson — 1_chronicles_1: add commentary JSON
[Worker001] models: backend=dispatch (local pipeline scripts only; no Claude CLI) ollama=gemma4:e2b (christ gen + task_followup unless --no-followup)
Reopened T-0113.
  push failed (non-fatal): Command '['git', 'push', 'origin', 'main']' returned non-zero exit status 1.
[Worker001] T-0113 no dispatch rule — reopened.
  push failed (non-fatal): Command '['git', 'push', 'origin', 'main']' returned non-zero exit status 1.
[Worker001] T-0113 no dispatch rule — reopened.
=== 2026-04-10T06:00:11Z start Worker001 ===
[Worker001] checking for pending tasks…
[Worker001] claimed T-0113: Donaldson — 1_chronicles_1: add commentary JSON
[Worker001] models: backend=dispatch (local pipeline scripts only; no Claude CLI) ollama=gemma4:e2b (christ gen + task_followup unless --no-followup)
Reopened T-0113.
  push failed (non-fatal): Command '['git', 'push', 'origin', 'main']' returned non-zero exit status 1.
[Worker001] T-0113 no dispatch rule — reopened.
=== 2026-04-10T06:00:21Z start Worker001 ===
[Worker001] checking for pending tasks…
[Worker001] claimed T-0113: Donaldson — 1_chronicles_1: add commentary JSON
[Worker001] models: backend=dispatch (local pipeline scripts only; no Claude CLI) ollama=gemma4:e2b (christ gen + task_followup unless --no-followup)
Reopened T-0113.
  push failed (non-fatal): Command '['git', 'push', 'origin', 'main']' returned non-zero exit status 1.
[Worker001] T-0113 no dispatch rule — reopened.
=== 2026-04-10T06:00:28Z start Worker001 ===
[Worker001] checking for pending tasks…
=== 2026-04-10T06:00:28Z start Worker001 ===
[Worker001] checking for pending tasks…
[Worker001] claimed T-0113: Donaldson — 1_chronicles_1: add commentary JSON
[Worker001] models: backend=dispatch (local pipeline scripts only; no Claude CLI) ollama=gemma4:e2b (christ gen + task_followup unless --no-followup)
[Worker001] claimed T-0117: Donaldson — 1_chronicles_10: add commentary JSON
[Worker001] models: backend=dispatch (local pipeline scripts only; no Claude CLI) ollama=gemma4:e2b (christ gen + task_followup unless --no-followup)
Reopened T-0113.
Reopened T-0117.
  push failed (non-fatal): Command '['git', 'push', 'origin', 'main']' returned non-zero exit status 1.
[Worker001] T-0113 no dispatch rule — reopened.
  push failed (non-fatal): Command '['git', 'push', 'origin', 'main']' returned non-zero exit status 1.
[Worker001] T-0117 no dispatch rule — reopened.
=== 2026-04-10T06:00:40Z start Worker001 ===
[Worker001] checking for pending tasks…
[Worker001] claimed T-0113: Donaldson — 1_chronicles_1: add commentary JSON
[Worker001] models: backend=dispatch (local pipeline scripts only; no Claude CLI) ollama=gemma4:e2b (christ gen + task_followup unless --no-followup)
Reopened T-0113.
  [ledger] pushed to origin
  pushed to origin
[Worker001] T-0113 no dispatch rule — reopened.
=== 2026-04-10T06:00:53Z start Worker001 ===
[Worker001] checking for pending tasks…
[Worker001] claimed T-0113: Donaldson — 1_chronicles_1: add commentary JSON
[Worker001] models: backend=dispatch (local pipeline scripts only; no Claude CLI) ollama=gemma4:e2b (christ gen + task_followup unless --no-followup)
Reopened T-0113.
=== 2026-04-10T06:00:55Z start Worker001 ===
[Worker001] checking for pending tasks…
[Worker001] claimed T-0113: Donaldson — 1_chronicles_1: add commentary JSON
[Worker001] models: backend=dispatch (local pipeline scripts only; no Claude CLI) ollama=gemma4:e2b (christ gen + task_followup unless --no-followup)
Reopened T-0113.
  push failed (non-fatal): Command '['git', 'push', 'origin', 'main']' returned non-zero exit status 1.
[Worker001] T-0113 no dispatch rule — reopened.
  push failed (non-fatal): Command '['git', 'push', 'origin', 'main']' returned non-zero exit status 1.
[Worker001] T-0113 no dispatch rule — reopened.
=== 2026-04-10T06:00:59Z start Worker001 ===
[Worker001] checking for pending tasks…
[Worker001] claimed T-0113: Donaldson — 1_chronicles_1: add commentary JSON
[Worker001] models: backend=dispatch (local pipeline scripts only; no Claude CLI) ollama=gemma4:e2b (christ gen + task_followup unless --no-followup)
Reopened T-0113.
  push failed (non-fatal): Command '['git', 'push', 'origin', 'main']' returned non-zero exit status 1.
[Worker001] T-0113 no dispatch rule — reopened.
=== 2026-04-10T06:01:10Z start Worker001 ===
[Worker001] checking for pending tasks…
[Worker001] claimed T-0113: Donaldson — 1_chronicles_1: add commentary JSON
[Worker001] models: backend=dispatch (local pipeline scripts only; no Claude CLI) ollama=gemma4:e2b (christ gen + task_followup unless --no-followup)
Reopened T-0113.
  [ledger] pushed to origin
  pushed to origin
[Worker001] T-0113 no dispatch rule — reopened.
=== 2026-04-10T06:01:25Z start Worker001 ===
[Worker001] checking for pending tasks…
[Worker001] claimed T-0113: Donaldson — 1_chronicles_1: add commentary JSON
[Worker001] models: backend=dispatch (local pipeline scripts only; no Claude CLI) ollama=gemma4:e2b (christ gen + task_followup unless --no-followup)
Reopened T-0113.
=== 2026-04-10T06:01:26Z start Worker001 ===
[Worker001] checking for pending tasks…
  push failed (non-fatal): Command '['git', 'push', 'origin', 'main']' returned non-zero exit status 1.
[Worker001] T-0113 no dispatch rule — reopened.
=== 2026-04-10T06:01:30Z start Worker001 ===
[Worker001] checking for pending tasks…
[Worker001] claimed T-0113: Donaldson — 1_chronicles_1: add commentary JSON
[Worker001] models: backend=dispatch (local pipeline scripts only; no Claude CLI) ollama=gemma4:e2b (christ gen + task_followup unless --no-followup)
[Worker001] claimed T-0113: Donaldson — 1_chronicles_1: add commentary JSON
[Worker001] models: backend=dispatch (local pipeline scripts only; no Claude CLI) ollama=gemma4:e2b (christ gen + task_followup unless --no-followup)
Reopened T-0113.
  push failed (non-fatal): Command '['git', 'push', 'origin', 'main']' returned non-zero exit status 1.
[Worker001] T-0113 no dispatch rule — reopened.
Reopened T-0113.
  pushed to origin
[Worker001] T-0113 no dispatch rule — reopened.
=== 2026-04-10T06:01:41Z start Worker001 ===
[Worker001] checking for pending tasks…
[Worker001] claimed T-0113: Donaldson — 1_chronicles_1: add commentary JSON
[Worker001] models: backend=dispatch (local pipeline scripts only; no Claude CLI) ollama=gemma4:e2b (christ gen + task_followup unless --no-followup)
Reopened T-0113.
  push failed (non-fatal): Command '['git', 'push', 'origin', 'main']' returned non-zero exit status 1.
[Worker001] T-0113 no dispatch rule — reopened.
=== 2026-04-10T06:01:56Z start Worker001 ===
[Worker001] checking for pending tasks…
[Worker001] claimed T-0113: Donaldson — 1_chronicles_1: add commentary JSON
[Worker001] models: backend=dispatch (local pipeline scripts only; no Claude CLI) ollama=gemma4:e2b (christ gen + task_followup unless --no-followup)
=== 2026-04-10T06:01:57Z start Worker001 ===
[Worker001] checking for pending tasks…
[Worker001] claimed T-0113: Donaldson — 1_chronicles_1: add commentary JSON
[Worker001] models: backend=dispatch (local pipeline scripts only; no Claude CLI) ollama=gemma4:e2b (christ gen + task_followup unless --no-followup)
Reopened T-0113.
=== 2026-04-10T06:02:00Z start Worker001 ===
Reopened T-0113.
[Worker001] checking for pending tasks…
[Worker001] claimed T-0113: Donaldson — 1_chronicles_1: add commentary JSON
[Worker001] models: backend=dispatch (local pipeline scripts only; no Claude CLI) ollama=gemma4:e2b (christ gen + task_followup unless --no-followup)
  push failed (non-fatal): Command '['git', 'push', 'origin', 'main']' returned non-zero exit status 1.
[Worker001] T-0113 no dispatch rule — reopened.
  pushed to origin
[Worker001] T-0113 no dispatch rule — reopened.
Reopened T-0113.
  pushed to origin
[Worker001] T-0113 no dispatch rule — reopened.
=== 2026-04-10T06:02:11Z start Worker001 ===
[Worker001] checking for pending tasks…
[Worker001] claimed T-0113: Donaldson — 1_chronicles_1: add commentary JSON
[Worker001] models: backend=dispatch (local pipeline scripts only; no Claude CLI) ollama=gemma4:e2b (christ gen + task_followup unless --no-followup)
Reopened T-0113.
  pushed to origin
[Worker001] T-0113 no dispatch rule — reopened.
=== 2026-04-10T06:02:26Z start Worker001 ===
[Worker001] checking for pending tasks…
[Worker001] claimed T-0113: Donaldson — 1_chronicles_1: add commentary JSON
[Worker001] models: backend=dispatch (local pipeline scripts only; no Claude CLI) ollama=gemma4:e2b (christ gen + task_followup unless --no-followup)
Reopened T-0113.
=== 2026-04-10T06:02:30Z start Worker001 ===
[Worker001] checking for pending tasks…
  push failed (non-fatal): Command '['git', 'push', 'origin', 'main']' returned non-zero exit status 1.
[Worker001] T-0113 no dispatch rule — reopened.
[Worker001] claimed T-0113: Donaldson — 1_chronicles_1: add commentary JSON
[Worker001] models: backend=dispatch (local pipeline scripts only; no Claude CLI) ollama=gemma4:e2b (christ gen + task_followup unless --no-followup)
Reopened T-0113.
=== 2026-04-10T06:02:31Z start Worker001 ===
[Worker001] checking for pending tasks…
[Worker001] claimed T-0113: Donaldson — 1_chronicles_1: add commentary JSON
[Worker001] models: backend=dispatch (local pipeline scripts only; no Claude CLI) ollama=gemma4:e2b (christ gen + task_followup unless --no-followup)
  push failed (non-fatal): Command '['git', 'push', 'origin', 'main']' returned non-zero exit status 1.
[Worker001] T-0113 no dispatch rule — reopened.
Reopened T-0113.
  push failed (non-fatal): Command '['git', 'push', 'origin', 'main']' returned non-zero exit status 1.
[Worker001] T-0113 no dispatch rule — reopened.
=== 2026-04-10T06:02:41Z start Worker001 ===
[Worker001] checking for pending tasks…
[Worker001] claimed T-0113: Donaldson — 1_chronicles_1: add commentary JSON
[Worker001] models: backend=dispatch (local pipeline scripts only; no Claude CLI) ollama=gemma4:e2b (christ gen + task_followup unless --no-followup)
Reopened T-0113.
  pushed to origin
[Worker001] T-0113 no dispatch rule — reopened.
=== 2026-04-10T06:02:56Z start Worker001 ===
[Worker001] checking for pending tasks…
[Worker001] claimed T-0113: Donaldson — 1_chronicles_1: add commentary JSON
[Worker001] models: backend=dispatch (local pipeline scripts only; no Claude CLI) ollama=gemma4:e2b (christ gen + task_followup unless --no-followup)
=== 2026-04-10T06:03:01Z start Worker001 ===
[Worker001] checking for pending tasks…
[Worker001] claimed T-0113: Donaldson — 1_chronicles_1: add commentary JSON
[Worker001] models: backend=dispatch (local pipeline scripts only; no Claude CLI) ollama=gemma4:e2b (christ gen + task_followup unless --no-followup)
Reopened T-0113.
=== 2026-04-10T06:03:02Z start Worker001 ===
[Worker001] checking for pending tasks…
Reopened T-0113.
  [ledger] pushed to origin
[Worker001] claimed T-0113: Donaldson — 1_chronicles_1: add commentary JSON
[Worker001] models: backend=dispatch (local pipeline scripts only; no Claude CLI) ollama=gemma4:e2b (christ gen + task_followup unless --no-followup)
Reopened T-0113.
  pushed to origin
[Worker001] T-0113 no dispatch rule — reopened.
  push failed (non-fatal): Command '['git', 'push', 'origin', 'main']' returned non-zero exit status 1.
[Worker001] T-0113 no dispatch rule — reopened.
  push failed (non-fatal): Command '['git', 'push', 'origin', 'main']' returned non-zero exit status 1.
[Worker001] T-0113 no dispatch rule — reopened.
=== 2026-04-10T06:03:11Z start Worker001 ===
[Worker001] checking for pending tasks…
[Worker001] claimed T-0113: Donaldson — 1_chronicles_1: add commentary JSON
[Worker001] models: backend=dispatch (local pipeline scripts only; no Claude CLI) ollama=gemma4:e2b (christ gen + task_followup unless --no-followup)
Reopened T-0113.
  push failed (non-fatal): Command '['git', 'push', 'origin', 'main']' returned non-zero exit status 1.
[Worker001] T-0113 no dispatch rule — reopened.
=== 2026-04-10T06:03:25Z start Worker001 ===
[Worker001] checking for pending tasks…
[Worker001] claimed T-0113: Donaldson — 1_chronicles_1: add commentary JSON
[Worker001] models: backend=dispatch (local pipeline scripts only; no Claude CLI) ollama=gemma4:e2b (christ gen + task_followup unless --no-followup)
Reopened T-0113.
  push failed (non-fatal): Command '['git', 'push', 'origin', 'main']' returned non-zero exit status 1.
[Worker001] T-0113 no dispatch rule — reopened.
=== 2026-04-10T06:03:30Z start Worker001 ===
[Worker001] checking for pending tasks…
=== 2026-04-10T06:03:31Z start Worker001 ===
[Worker001] checking for pending tasks…
[Worker001] claimed T-0113: Donaldson — 1_chronicles_1: add commentary JSON
[Worker001] models: backend=dispatch (local pipeline scripts only; no Claude CLI) ollama=gemma4:e2b (christ gen + task_followup unless --no-followup)
Reopened T-0113.
[Worker001] claimed T-0113: Donaldson — 1_chronicles_1: add commentary JSON
[Worker001] models: backend=dispatch (local pipeline scripts only; no Claude CLI) ollama=gemma4:e2b (christ gen + task_followup unless --no-followup)
  push failed (non-fatal): Command '['git', 'push', 'origin', 'main']' returned non-zero exit status 1.
[Worker001] T-0113 no dispatch rule — reopened.
Reopened T-0113.
  [ledger] pushed to origin
  pushed to origin
[Worker001] T-0113 no dispatch rule — reopened.
=== 2026-04-10T06:03:40Z start Worker001 ===
[Worker001] checking for pending tasks…
[Worker001] claimed T-0113: Donaldson — 1_chronicles_1: add commentary JSON
[Worker001] models: backend=dispatch (local pipeline scripts only; no Claude CLI) ollama=gemma4:e2b (christ gen + task_followup unless --no-followup)
Reopened T-0113.
  push failed (non-fatal): Command '['git', 'push', 'origin', 'main']' returned non-zero exit status 1.
[Worker001] T-0113 no dispatch rule — reopened.
=== 2026-04-10T06:03:56Z start Worker001 ===
[Worker001] checking for pending tasks…
[Worker001] claimed T-0113: Donaldson — 1_chronicles_1: add commentary JSON
[Worker001] models: backend=dispatch (local pipeline scripts only; no Claude CLI) ollama=gemma4:e2b (christ gen + task_followup unless --no-followup)
Reopened T-0113.
  push failed (non-fatal): Command '['git', 'push', 'origin', 'main']' returned non-zero exit status 1.
[Worker001] T-0113 no dispatch rule — reopened.
=== 2026-04-10T06:04:00Z start Worker001 ===
[Worker001] checking for pending tasks…
=== 2026-04-10T06:04:00Z start Worker001 ===
[Worker001] checking for pending tasks…
[Worker001] claimed T-0113: Donaldson — 1_chronicles_1: add commentary JSON
[Worker001] models: backend=dispatch (local pipeline scripts only; no Claude CLI) ollama=gemma4:e2b (christ gen + task_followup unless --no-followup)
Reopened T-0113.
[Worker001] claimed T-0113: Donaldson — 1_chronicles_1: add commentary JSON
[Worker001] models: backend=dispatch (local pipeline scripts only; no Claude CLI) ollama=gemma4:e2b (christ gen + task_followup unless --no-followup)
  push failed (non-fatal): Command '['git', 'push', 'origin', 'main']' returned non-zero exit status 1.
[Worker001] T-0113 no dispatch rule — reopened.
Reopened T-0113.
  [ledger] pushed to origin
  pushed to origin
[Worker001] T-0113 no dispatch rule — reopened.
=== 2026-04-10T06:04:09Z start Worker001 ===
[Worker001] checking for pending tasks…
[Worker001] claimed T-0113: Donaldson — 1_chronicles_1: add commentary JSON
[Worker001] models: backend=dispatch (local pipeline scripts only; no Claude CLI) ollama=gemma4:e2b (christ gen + task_followup unless --no-followup)
Reopened T-0113.
  push failed (non-fatal): Command '['git', 'push', 'origin', 'main']' returned non-zero exit status 1.
[Worker001] T-0113 no dispatch rule — reopened.
=== 2026-04-10T06:04:26Z start Worker001 ===
[Worker001] checking for pending tasks…
[Worker001] claimed T-0113: Donaldson — 1_chronicles_1: add commentary JSON
[Worker001] models: backend=dispatch (local pipeline scripts only; no Claude CLI) ollama=gemma4:e2b (christ gen + task_followup unless --no-followup)
=== 2026-04-10T06:04:30Z start Worker001 ===
[Worker001] checking for pending tasks…
=== 2026-04-10T06:04:30Z start Worker001 ===
[Worker001] checking for pending tasks…
[Worker001] claimed T-0117: Donaldson — 1_chronicles_10: add commentary JSON
[Worker001] models: backend=dispatch (local pipeline scripts only; no Claude CLI) ollama=gemma4:e2b (christ gen + task_followup unless --no-followup)
Reopened T-0117.
Reopened T-0113.
  [ledger] pushed to origin
[Worker001] claimed T-0113: Donaldson — 1_chronicles_1: add commentary JSON
[Worker001] models: backend=dispatch (local pipeline scripts only; no Claude CLI) ollama=gemma4:e2b (christ gen + task_followup unless --no-followup)
  push failed (non-fatal): Command '['git', 'push', 'origin', 'main']' returned non-zero exit status 1.
[Worker001] T-0117 no dispatch rule — reopened.
  pushed to origin
[Worker001] T-0113 no dispatch rule — reopened.
Reopened T-0113.
  [ledger] pushed to origin
  pushed to origin
[Worker001] T-0113 no dispatch rule — reopened.
=== 2026-04-10T06:04:39Z start Worker001 ===
[Worker001] checking for pending tasks…
[Worker001] claimed T-0113: Donaldson — 1_chronicles_1: add commentary JSON
[Worker001] models: backend=dispatch (local pipeline scripts only; no Claude CLI) ollama=gemma4:e2b (christ gen + task_followup unless --no-followup)
Reopened T-0113.
  push failed (non-fatal): Command '['git', 'push', 'origin', 'main']' returned non-zero exit status 1.
[Worker001] T-0113 no dispatch rule — reopened.
=== 2026-04-10T06:04:56Z start Worker001 ===
[Worker001] checking for pending tasks…
[Worker001] claimed T-0113: Donaldson — 1_chronicles_1: add commentary JSON
[Worker001] models: backend=dispatch (local pipeline scripts only; no Claude CLI) ollama=gemma4:e2b (christ gen + task_followup unless --no-followup)
=== 2026-04-10T06:04:58Z start Worker001 ===
[Worker001] checking for pending tasks…
Reopened T-0113.
=== 2026-04-10T06:04:59Z start Worker001 ===
[Worker001] checking for pending tasks…
[Worker001] claimed T-0113: Donaldson — 1_chronicles_1: add commentary JSON
[Worker001] models: backend=dispatch (local pipeline scripts only; no Claude CLI) ollama=gemma4:e2b (christ gen + task_followup unless --no-followup)
Reopened T-0113.
  push failed (non-fatal): Command '['git', 'push', 'origin', 'main']' returned non-zero exit status 1.
[Worker001] T-0113 no dispatch rule — reopened.
[Worker001] claimed T-0113: Donaldson — 1_chronicles_1: add commentary JSON
[Worker001] models: backend=dispatch (local pipeline scripts only; no Claude CLI) ollama=gemma4:e2b (christ gen + task_followup unless --no-followup)
  push failed (non-fatal): Command '['git', 'push', 'origin', 'main']' returned non-zero exit status 1.
[Worker001] T-0113 no dispatch rule — reopened.
Reopened T-0113.
  pushed to origin
[Worker001] T-0113 no dispatch rule — reopened.
=== 2026-04-10T06:05:08Z start Worker001 ===
[Worker001] checking for pending tasks…
[Worker001] claimed T-0113: Donaldson — 1_chronicles_1: add commentary JSON
[Worker001] models: backend=dispatch (local pipeline scripts only; no Claude CLI) ollama=gemma4:e2b (christ gen + task_followup unless --no-followup)
Reopened T-0113.
  push failed (non-fatal): Command '['git', 'push', 'origin', 'main']' returned non-zero exit status 1.
[Worker001] T-0113 no dispatch rule — reopened.
=== 2026-04-10T06:05:27Z start Worker001 ===
[Worker001] checking for pending tasks…
=== 2026-04-10T06:05:28Z start Worker001 ===
[Worker001] checking for pending tasks…
[Worker001] claimed T-0113: Donaldson — 1_chronicles_1: add commentary JSON
[Worker001] models: backend=dispatch (local pipeline scripts only; no Claude CLI) ollama=gemma4:e2b (christ gen + task_followup unless --no-followup)
=== 2026-04-10T06:05:29Z start Worker001 ===
[Worker001] checking for pending tasks…
Reopened T-0113.
[Worker001] claimed T-0113: Donaldson — 1_chronicles_1: add commentary JSON
[Worker001] models: backend=dispatch (local pipeline scripts only; no Claude CLI) ollama=gemma4:e2b (christ gen + task_followup unless --no-followup)
Reopened T-0113.
[Worker001] claimed T-0113: Donaldson — 1_chronicles_1: add commentary JSON
[Worker001] models: backend=dispatch (local pipeline scripts only; no Claude CLI) ollama=gemma4:e2b (christ gen + task_followup unless --no-followup)
  push failed (non-fatal): Command '['git', 'push', 'origin', 'main']' returned non-zero exit status 1.
[Worker001] T-0113 no dispatch rule — reopened.
  push failed (non-fatal): Command '['git', 'push', 'origin', 'main']' returned non-zero exit status 1.
[Worker001] T-0113 no dispatch rule — reopened.
Reopened T-0113.
  pushed to origin
[Worker001] T-0113 no dispatch rule — reopened.
=== 2026-04-10T06:05:38Z start Worker001 ===
[Worker001] checking for pending tasks…
[Worker001] claimed T-0113: Donaldson — 1_chronicles_1: add commentary JSON
[Worker001] models: backend=dispatch (local pipeline scripts only; no Claude CLI) ollama=gemma4:e2b (christ gen + task_followup unless --no-followup)
Reopened T-0113.
  [ledger] pushed to origin
  pushed to origin
[Worker001] T-0113 no dispatch rule — reopened.
=== 2026-04-10T06:05:57Z start Worker001 ===
[Worker001] checking for pending tasks…
[Worker001] claimed T-0113: Donaldson — 1_chronicles_1: add commentary JSON
[Worker001] models: backend=dispatch (local pipeline scripts only; no Claude CLI) ollama=gemma4:e2b (christ gen + task_followup unless --no-followup)
Reopened T-0113.
=== 2026-04-10T06:05:58Z start Worker001 ===
[Worker001] checking for pending tasks…
=== 2026-04-10T06:05:59Z start Worker001 ===
[Worker001] checking for pending tasks…
[Worker001] claimed T-0117: Donaldson — 1_chronicles_10: add commentary JSON
[Worker001] models: backend=dispatch (local pipeline scripts only; no Claude CLI) ollama=gemma4:e2b (christ gen + task_followup unless --no-followup)
Reopened T-0117.
  push failed (non-fatal): Command '['git', 'push', 'origin', 'main']' returned non-zero exit status 1.
[Worker001] T-0113 no dispatch rule — reopened.
[Worker001] claimed T-0113: Donaldson — 1_chronicles_1: add commentary JSON
[Worker001] models: backend=dispatch (local pipeline scripts only; no Claude CLI) ollama=gemma4:e2b (christ gen + task_followup unless --no-followup)
  push failed (non-fatal): Command '['git', 'push', 'origin', 'main']' returned non-zero exit status 1.
[Worker001] T-0117 no dispatch rule — reopened.
Reopened T-0113.
  [ledger] pushed to origin
=== 2026-04-10T06:06:07Z start Worker001 ===
[Worker001] checking for pending tasks…
[Worker001] claimed T-0113: Donaldson — 1_chronicles_1: add commentary JSON
[Worker001] models: backend=dispatch (local pipeline scripts only; no Claude CLI) ollama=gemma4:e2b (christ gen + task_followup unless --no-followup)
  pushed to origin
[Worker001] T-0113 no dispatch rule — reopened.
Reopened T-0113.
  pushed to origin
[Worker001] T-0113 no dispatch rule — reopened.
=== 2026-04-10T06:06:24Z start Worker001 ===
[Worker001] checking for pending tasks…
[Worker001] claimed T-0113: Donaldson — 1_chronicles_1: add commentary JSON
[Worker001] models: backend=dispatch (local pipeline scripts only; no Claude CLI) ollama=gemma4:e2b (christ gen + task_followup unless --no-followup)
Reopened T-0113.
=== 2026-04-10T06:06:29Z start Worker001 ===
=== 2026-04-10T06:06:29Z start Worker001 ===
[Worker001] checking for pending tasks…
[Worker001] checking for pending tasks…
  pushed to origin
[Worker001] T-0113 no dispatch rule — reopened.
[Worker001] claimed T-0113: Donaldson — 1_chronicles_1: add commentary JSON
[Worker001] models: backend=dispatch (local pipeline scripts only; no Claude CLI) ollama=gemma4:e2b (christ gen + task_followup unless --no-followup)
Reopened T-0113.
  push failed (non-fatal): Command '['git', 'push', 'origin', 'main']' returned non-zero exit status 1.
[Worker001] T-0113 no dispatch rule — reopened.
[Worker001] claimed T-0113: Donaldson — 1_chronicles_1: add commentary JSON
[Worker001] models: backend=dispatch (local pipeline scripts only; no Claude CLI) ollama=gemma4:e2b (christ gen + task_followup unless --no-followup)
Reopened T-0113.
  [ledger] pushed to origin
=== 2026-04-10T06:06:36Z start Worker001 ===
[Worker001] checking for pending tasks…
[Worker001] claimed T-0113: Donaldson — 1_chronicles_1: add commentary JSON
[Worker001] models: backend=dispatch (local pipeline scripts only; no Claude CLI) ollama=gemma4:e2b (christ gen + task_followup unless --no-followup)
Reopened T-0113.
  pushed to origin
[Worker001] T-0113 no dispatch rule — reopened.
  push failed (non-fatal): Command '['git', 'push', 'origin', 'main']' returned non-zero exit status 1.
[Worker001] T-0113 no dispatch rule — reopened.
=== 2026-04-10T06:06:54Z start Worker001 ===
[Worker001] checking for pending tasks…
[Worker001] claimed T-0113: Donaldson — 1_chronicles_1: add commentary JSON
[Worker001] models: backend=dispatch (local pipeline scripts only; no Claude CLI) ollama=gemma4:e2b (christ gen + task_followup unless --no-followup)
=== 2026-04-10T06:06:54Z start Worker001 ===
[Worker001] checking for pending tasks…
Reopened T-0113.
[Worker001] claimed T-0117: Donaldson — 1_chronicles_10: add commentary JSON
[Worker001] models: backend=dispatch (local pipeline scripts only; no Claude CLI) ollama=gemma4:e2b (christ gen + task_followup unless --no-followup)
Reopened T-0117.
  pushed to origin
[Worker001] T-0113 no dispatch rule — reopened.
  push failed (non-fatal): Command '['git', 'push', 'origin', 'main']' returned non-zero exit status 1.
[Worker001] T-0117 no dispatch rule — reopened.
=== 2026-04-10T06:06:58Z start Worker001 ===
[Worker001] checking for pending tasks…
[Worker001] claimed T-0113: Donaldson — 1_chronicles_1: add commentary JSON
[Worker001] models: backend=dispatch (local pipeline scripts only; no Claude CLI) ollama=gemma4:e2b (christ gen + task_followup unless --no-followup)
Reopened T-0113.
  push failed (non-fatal): Command '['git', 'push', 'origin', 'main']' returned non-zero exit status 1.
[Worker001] T-0113 no dispatch rule — reopened.
=== 2026-04-10T06:07:06Z start Worker001 ===
[Worker001] checking for pending tasks…
[Worker001] claimed T-0113: Donaldson — 1_chronicles_1: add commentary JSON
[Worker001] models: backend=dispatch (local pipeline scripts only; no Claude CLI) ollama=gemma4:e2b (christ gen + task_followup unless --no-followup)
Reopened T-0113.
  push failed (non-fatal): Command '['git', 'push', 'origin', 'main']' returned non-zero exit status 1.
[Worker001] T-0113 no dispatch rule — reopened.
=== 2026-04-10T06:07:23Z start Worker001 ===
[Worker001] checking for pending tasks…
=== 2026-04-10T06:07:24Z start Worker001 ===
[Worker001] checking for pending tasks…
[Worker001] claimed T-0113: Donaldson — 1_chronicles_1: add commentary JSON
[Worker001] models: backend=dispatch (local pipeline scripts only; no Claude CLI) ollama=gemma4:e2b (christ gen + task_followup unless --no-followup)
Reopened T-0113.
[Worker001] claimed T-0113: Donaldson — 1_chronicles_1: add commentary JSON
[Worker001] models: backend=dispatch (local pipeline scripts only; no Claude CLI) ollama=gemma4:e2b (christ gen + task_followup unless --no-followup)
  push failed (non-fatal): Command '['git', 'push', 'origin', 'main']' returned non-zero exit status 1.
[Worker001] T-0113 no dispatch rule — reopened.
=== 2026-04-10T06:07:28Z start Worker001 ===
[Worker001] checking for pending tasks…
Reopened T-0113.
  [ledger] pushed to origin
[Worker001] claimed T-0113: Donaldson — 1_chronicles_1: add commentary JSON
[Worker001] models: backend=dispatch (local pipeline scripts only; no Claude CLI) ollama=gemma4:e2b (christ gen + task_followup unless --no-followup)
  push failed (non-fatal): Command '['git', 'push', 'origin', 'main']' returned non-zero exit status 1.
[Worker001] T-0113 no dispatch rule — reopened.
=== 2026-04-10T06:07:35Z start Worker001 ===
[Worker001] checking for pending tasks…
Reopened T-0113.
  [ledger] pushed to origin
[Worker001] claimed T-0113: Donaldson — 1_chronicles_1: add commentary JSON
[Worker001] models: backend=dispatch (local pipeline scripts only; no Claude CLI) ollama=gemma4:e2b (christ gen + task_followup unless --no-followup)
Reopened T-0113.
  pushed to origin
[Worker001] T-0113 no dispatch rule — reopened.
  pushed to origin
[Worker001] T-0113 no dispatch rule — reopened.
=== 2026-04-10T06:07:53Z start Worker001 ===
[Worker001] checking for pending tasks…
[Worker001] claimed T-0113: Donaldson — 1_chronicles_1: add commentary JSON
[Worker001] models: backend=dispatch (local pipeline scripts only; no Claude CLI) ollama=gemma4:e2b (christ gen + task_followup unless --no-followup)
Reopened T-0113.
=== 2026-04-10T06:07:55Z start Worker001 ===
[Worker001] checking for pending tasks…
  push failed (non-fatal): Command '['git', 'push', 'origin', 'main']' returned non-zero exit status 1.
[Worker001] T-0113 no dispatch rule — reopened.
=== 2026-04-10T06:07:58Z start Worker001 ===
[Worker001] checking for pending tasks…
[Worker001] claimed T-0113: Donaldson — 1_chronicles_1: add commentary JSON
[Worker001] models: backend=dispatch (local pipeline scripts only; no Claude CLI) ollama=gemma4:e2b (christ gen + task_followup unless --no-followup)
[Worker001] claimed T-0113: Donaldson — 1_chronicles_1: add commentary JSON
[Worker001] models: backend=dispatch (local pipeline scripts only; no Claude CLI) ollama=gemma4:e2b (christ gen + task_followup unless --no-followup)
Reopened T-0113.
Reopened T-0113.
  push failed (non-fatal): Command '['git', 'push', 'origin', 'main']' returned non-zero exit status 1.
[Worker001] T-0113 no dispatch rule — reopened.
  push failed (non-fatal): Command '['git', 'push', 'origin', 'main']' returned non-zero exit status 1.
[Worker001] T-0113 no dispatch rule — reopened.
=== 2026-04-10T06:08:04Z start Worker001 ===
[Worker001] checking for pending tasks…
[Worker001] claimed T-0113: Donaldson — 1_chronicles_1: add commentary JSON
[Worker001] models: backend=dispatch (local pipeline scripts only; no Claude CLI) ollama=gemma4:e2b (christ gen + task_followup unless --no-followup)
Reopened T-0113.
  pushed to origin
[Worker001] T-0113 no dispatch rule — reopened.
=== 2026-04-10T06:08:22Z start Worker001 ===
[Worker001] checking for pending tasks…
=== 2026-04-10T06:08:24Z start Worker001 ===
=== 2026-04-10T06:08:24Z start Worker001 ===
[Worker001] checking for pending tasks…
[Worker001] checking for pending tasks…
[Worker001] claimed T-0113: Donaldson — 1_chronicles_1: add commentary JSON
[Worker001] models: backend=dispatch (local pipeline scripts only; no Claude CLI) ollama=gemma4:e2b (christ gen + task_followup unless --no-followup)
[Worker001] claimed T-0113: Donaldson — 1_chronicles_1: add commentary JSON
[Worker001] models: backend=dispatch (local pipeline scripts only; no Claude CLI) ollama=gemma4:e2b (christ gen + task_followup unless --no-followup)
Reopened T-0113.
Reopened T-0113.
[Worker001] claimed T-0113: Donaldson — 1_chronicles_1: add commentary JSON
[Worker001] models: backend=dispatch (local pipeline scripts only; no Claude CLI) ollama=gemma4:e2b (christ gen + task_followup unless --no-followup)
  push failed (non-fatal): Command '['git', 'push', 'origin', 'main']' returned non-zero exit status 1.
[Worker001] T-0113 no dispatch rule — reopened.
  push failed (non-fatal): Command '['git', 'push', 'origin', 'main']' returned non-zero exit status 1.
[Worker001] T-0113 no dispatch rule — reopened.
Reopened T-0113.
  push failed (non-fatal): Command '['git', 'push', 'origin', 'main']' returned non-zero exit status 1.
[Worker001] T-0113 no dispatch rule — reopened.
=== 2026-04-10T06:08:33Z start Worker001 ===
[Worker001] checking for pending tasks…
[Worker001] claimed T-0113: Donaldson — 1_chronicles_1: add commentary JSON
[Worker001] models: backend=dispatch (local pipeline scripts only; no Claude CLI) ollama=gemma4:e2b (christ gen + task_followup unless --no-followup)
Reopened T-0113.
  push failed (non-fatal): Command '['git', 'push', 'origin', 'main']' returned non-zero exit status 1.
[Worker001] T-0113 no dispatch rule — reopened.
=== 2026-04-10T06:08:51Z start Worker001 ===
[Worker001] checking for pending tasks…
[Worker001] claimed T-0113: Donaldson — 1_chronicles_1: add commentary JSON
[Worker001] models: backend=dispatch (local pipeline scripts only; no Claude CLI) ollama=gemma4:e2b (christ gen + task_followup unless --no-followup)
Reopened T-0113.
=== 2026-04-10T06:08:53Z start Worker001 ===
[Worker001] checking for pending tasks…
[Worker001] claimed T-0113: Donaldson — 1_chronicles_1: add commentary JSON
[Worker001] models: backend=dispatch (local pipeline scripts only; no Claude CLI) ollama=gemma4:e2b (christ gen + task_followup unless --no-followup)
Reopened T-0113.
=== 2026-04-10T06:08:55Z start Worker001 ===
[Worker001] checking for pending tasks…
  pushed to origin
[Worker001] T-0113 no dispatch rule — reopened.
[Worker001] claimed T-0113: Donaldson — 1_chronicles_1: add commentary JSON
[Worker001] models: backend=dispatch (local pipeline scripts only; no Claude CLI) ollama=gemma4:e2b (christ gen + task_followup unless --no-followup)
Reopened T-0113.
  push failed (non-fatal): Command '['git', 'push', 'origin', 'main']' returned non-zero exit status 1.
[Worker001] T-0113 no dispatch rule — reopened.
  push failed (non-fatal): Command '['git', 'push', 'origin', 'main']' returned non-zero exit status 1.
[Worker001] T-0113 no dispatch rule — reopened.
=== 2026-04-10T06:09:03Z start Worker001 ===
[Worker001] checking for pending tasks…
[Worker001] claimed T-0113: Donaldson — 1_chronicles_1: add commentary JSON
[Worker001] models: backend=dispatch (local pipeline scripts only; no Claude CLI) ollama=gemma4:e2b (christ gen + task_followup unless --no-followup)
Reopened T-0113.
  push failed (non-fatal): Command '['git', 'push', 'origin', 'main']' returned non-zero exit status 1.
[Worker001] T-0113 no dispatch rule — reopened.
=== 2026-04-10T06:09:20Z start Worker001 ===
[Worker001] checking for pending tasks…
[Worker001] claimed T-0113: Donaldson — 1_chronicles_1: add commentary JSON
[Worker001] models: backend=dispatch (local pipeline scripts only; no Claude CLI) ollama=gemma4:e2b (christ gen + task_followup unless --no-followup)
=== 2026-04-10T06:09:22Z start Worker001 ===
[Worker001] checking for pending tasks…
=== 2026-04-10T06:09:23Z start Worker001 ===
[Worker001] checking for pending tasks…
[Worker001] claimed T-0113: Donaldson — 1_chronicles_1: add commentary JSON
[Worker001] models: backend=dispatch (local pipeline scripts only; no Claude CLI) ollama=gemma4:e2b (christ gen + task_followup unless --no-followup)
Reopened T-0113.
Reopened T-0113.
[Worker001] claimed T-0113: Donaldson — 1_chronicles_1: add commentary JSON
[Worker001] models: backend=dispatch (local pipeline scripts only; no Claude CLI) ollama=gemma4:e2b (christ gen + task_followup unless --no-followup)
  push failed (non-fatal): Command '['git', 'push', 'origin', 'main']' returned non-zero exit status 1.
[Worker001] T-0113 no dispatch rule — reopened.
  push failed (non-fatal): Command '['git', 'push', 'origin', 'main']' returned non-zero exit status 1.
[Worker001] T-0113 no dispatch rule — reopened.
Reopened T-0113.
  pushed to origin
[Worker001] T-0113 no dispatch rule — reopened.
=== 2026-04-10T06:09:32Z start Worker001 ===
[Worker001] checking for pending tasks…
[Worker001] claimed T-0113: Donaldson — 1_chronicles_1: add commentary JSON
[Worker001] models: backend=dispatch (local pipeline scripts only; no Claude CLI) ollama=gemma4:e2b (christ gen + task_followup unless --no-followup)
Reopened T-0113.
  [ledger] pushed to origin
  pushed to origin
[Worker001] T-0113 no dispatch rule — reopened.
=== 2026-04-10T06:09:51Z start Worker001 ===
[Worker001] checking for pending tasks…
[Worker001] claimed T-0113: Donaldson — 1_chronicles_1: add commentary JSON
[Worker001] models: backend=dispatch (local pipeline scripts only; no Claude CLI) ollama=gemma4:e2b (christ gen + task_followup unless --no-followup)
Reopened T-0113.
=== 2026-04-10T06:09:53Z start Worker001 ===
[Worker001] checking for pending tasks…
=== 2026-04-10T06:09:54Z start Worker001 ===
  pushed to origin
[Worker001] T-0113 no dispatch rule — reopened.
[Worker001] checking for pending tasks…
[Worker001] claimed T-0113: Donaldson — 1_chronicles_1: add commentary JSON
[Worker001] models: backend=dispatch (local pipeline scripts only; no Claude CLI) ollama=gemma4:e2b (christ gen + task_followup unless --no-followup)
Reopened T-0113.
[Worker001] claimed T-0113: Donaldson — 1_chronicles_1: add commentary JSON
[Worker001] models: backend=dispatch (local pipeline scripts only; no Claude CLI) ollama=gemma4:e2b (christ gen + task_followup unless --no-followup)
  push failed (non-fatal): Command '['git', 'push', 'origin', 'main']' returned non-zero exit status 1.
[Worker001] T-0113 no dispatch rule — reopened.
Reopened T-0113.
  [ledger] pushed to origin
=== 2026-04-10T06:10:01Z start Worker001 ===
[Worker001] checking for pending tasks…
  pushed to origin
[Worker001] T-0113 no dispatch rule — reopened.
[Worker001] claimed T-0113: Donaldson — 1_chronicles_1: add commentary JSON
[Worker001] models: backend=dispatch (local pipeline scripts only; no Claude CLI) ollama=gemma4:e2b (christ gen + task_followup unless --no-followup)
Reopened T-0113.
  push failed (non-fatal): Command '['git', 'push', 'origin', 'main']' returned non-zero exit status 1.
[Worker001] T-0113 no dispatch rule — reopened.
=== 2026-04-10T06:10:22Z start Worker001 ===
[Worker001] checking for pending tasks…
[Worker001] claimed T-0113: Donaldson — 1_chronicles_1: add commentary JSON
[Worker001] models: backend=dispatch (local pipeline scripts only; no Claude CLI) ollama=gemma4:e2b (christ gen + task_followup unless --no-followup)
Reopened T-0113.
=== 2026-04-10T06:10:22Z start Worker001 ===
[Worker001] checking for pending tasks…
[Worker001] claimed T-0113: Donaldson — 1_chronicles_1: add commentary JSON
[Worker001] models: backend=dispatch (local pipeline scripts only; no Claude CLI) ollama=gemma4:e2b (christ gen + task_followup unless --no-followup)
=== 2026-04-10T06:10:23Z start Worker001 ===
Reopened T-0113.
[Worker001] checking for pending tasks…
[Worker001] claimed T-0113: Donaldson — 1_chronicles_1: add commentary JSON
[Worker001] models: backend=dispatch (local pipeline scripts only; no Claude CLI) ollama=gemma4:e2b (christ gen + task_followup unless --no-followup)
Reopened T-0113.
  pushed to origin
[Worker001] T-0113 no dispatch rule — reopened.
  push failed (non-fatal): Command '['git', 'push', 'origin', 'main']' returned non-zero exit status 1.
[Worker001] T-0113 no dispatch rule — reopened.
  push failed (non-fatal): Command '['git', 'push', 'origin', 'main']' returned non-zero exit status 1.
[Worker001] T-0113 no dispatch rule — reopened.
=== 2026-04-10T06:10:30Z start Worker001 ===
[Worker001] checking for pending tasks…
[Worker001] claimed T-0113: Donaldson — 1_chronicles_1: add commentary JSON
[Worker001] models: backend=dispatch (local pipeline scripts only; no Claude CLI) ollama=gemma4:e2b (christ gen + task_followup unless --no-followup)
Reopened T-0113.
  push failed (non-fatal): Command '['git', 'push', 'origin', 'main']' returned non-zero exit status 1.
[Worker001] T-0113 no dispatch rule — reopened.
=== 2026-04-10T06:10:51Z start Worker001 ===
[Worker001] checking for pending tasks…
[Worker001] claimed T-0113: Donaldson — 1_chronicles_1: add commentary JSON
[Worker001] models: backend=dispatch (local pipeline scripts only; no Claude CLI) ollama=gemma4:e2b (christ gen + task_followup unless --no-followup)
=== 2026-04-10T06:10:53Z start Worker001 ===
[Worker001] checking for pending tasks…
=== 2026-04-10T06:10:53Z start Worker001 ===
[Worker001] checking for pending tasks…
[Worker001] claimed T-0113: Donaldson — 1_chronicles_1: add commentary JSON
[Worker001] models: backend=dispatch (local pipeline scripts only; no Claude CLI) ollama=gemma4:e2b (christ gen + task_followup unless --no-followup)
Reopened T-0113.
Reopened T-0113.
  push failed (non-fatal): Command '['git', 'push', 'origin', 'main']' returned non-zero exit status 1.
[Worker001] T-0113 no dispatch rule — reopened.
[Worker001] claimed T-0117: Donaldson — 1_chronicles_10: add commentary JSON
[Worker001] models: backend=dispatch (local pipeline scripts only; no Claude CLI) ollama=gemma4:e2b (christ gen + task_followup unless --no-followup)
Reopened T-0117.
  push failed (non-fatal): Command '['git', 'push', 'origin', 'main']' returned non-zero exit status 1.
[Worker001] T-0113 no dispatch rule — reopened.
  pushed to origin
[Worker001] T-0117 no dispatch rule — reopened.
=== 2026-04-10T06:11:00Z start Worker001 ===
[Worker001] checking for pending tasks…
[Worker001] claimed T-0113: Donaldson — 1_chronicles_1: add commentary JSON
[Worker001] models: backend=dispatch (local pipeline scripts only; no Claude CLI) ollama=gemma4:e2b (christ gen + task_followup unless --no-followup)
Reopened T-0113.
  push failed (non-fatal): Command '['git', 'push', 'origin', 'main']' returned non-zero exit status 1.
[Worker001] T-0113 no dispatch rule — reopened.
=== 2026-04-10T06:11:20Z start Worker001 ===
[Worker001] checking for pending tasks…
[Worker001] claimed T-0113: Donaldson — 1_chronicles_1: add commentary JSON
[Worker001] models: backend=dispatch (local pipeline scripts only; no Claude CLI) ollama=gemma4:e2b (christ gen + task_followup unless --no-followup)
Reopened T-0113.
=== 2026-04-10T06:11:22Z start Worker001 ===
[Worker001] checking for pending tasks…
[Worker001] claimed T-0113: Donaldson — 1_chronicles_1: add commentary JSON
[Worker001] models: backend=dispatch (local pipeline scripts only; no Claude CLI) ollama=gemma4:e2b (christ gen + task_followup unless --no-followup)
=== 2026-04-10T06:11:23Z start Worker001 ===
[Worker001] checking for pending tasks…
  push failed (non-fatal): Command '['git', 'push', 'origin', 'main']' returned non-zero exit status 1.
[Worker001] T-0113 no dispatch rule — reopened.
[Worker001] claimed T-0113: Donaldson — 1_chronicles_1: add commentary JSON
[Worker001] models: backend=dispatch (local pipeline scripts only; no Claude CLI) ollama=gemma4:e2b (christ gen + task_followup unless --no-followup)
Reopened T-0113.
Reopened T-0113.
  push failed (non-fatal): Command '['git', 'push', 'origin', 'main']' returned non-zero exit status 1.
[Worker001] T-0113 no dispatch rule — reopened.
  pushed to origin
[Worker001] T-0113 no dispatch rule — reopened.
=== 2026-04-10T06:11:29Z start Worker001 ===
[Worker001] checking for pending tasks…
[Worker001] claimed T-0113: Donaldson — 1_chronicles_1: add commentary JSON
[Worker001] models: backend=dispatch (local pipeline scripts only; no Claude CLI) ollama=gemma4:e2b (christ gen + task_followup unless --no-followup)
Reopened T-0113.
  push failed (non-fatal): Command '['git', 'push', 'origin', 'main']' returned non-zero exit status 1.
[Worker001] T-0113 no dispatch rule — reopened.
=== 2026-04-10T06:11:48Z start Worker001 ===
[Worker001] checking for pending tasks…
[Worker001] claimed T-0113: Donaldson — 1_chronicles_1: add commentary JSON
[Worker001] models: backend=dispatch (local pipeline scripts only; no Claude CLI) ollama=gemma4:e2b (christ gen + task_followup unless --no-followup)
=== 2026-04-10T06:11:51Z start Worker001 ===
[Worker001] checking for pending tasks…
[Worker001] claimed T-0113: Donaldson — 1_chronicles_1: add commentary JSON
[Worker001] models: backend=dispatch (local pipeline scripts only; no Claude CLI) ollama=gemma4:e2b (christ gen + task_followup unless --no-followup)
Reopened T-0113.
Reopened T-0113.
=== 2026-04-10T06:11:52Z start Worker001 ===
[Worker001] checking for pending tasks…
[Worker001] claimed T-0113: Donaldson — 1_chronicles_1: add commentary JSON
[Worker001] models: backend=dispatch (local pipeline scripts only; no Claude CLI) ollama=gemma4:e2b (christ gen + task_followup unless --no-followup)
Reopened T-0113.
  pushed to origin
[Worker001] T-0113 no dispatch rule — reopened.
  push failed (non-fatal): Command '['git', 'push', 'origin', 'main']' returned non-zero exit status 1.
[Worker001] T-0113 no dispatch rule — reopened.
  push failed (non-fatal): Command '['git', 'push', 'origin', 'main']' returned non-zero exit status 1.
[Worker001] T-0113 no dispatch rule — reopened.
=== 2026-04-10T06:11:59Z start Worker001 ===
[Worker001] checking for pending tasks…
[Worker001] claimed T-0113: Donaldson — 1_chronicles_1: add commentary JSON
[Worker001] models: backend=dispatch (local pipeline scripts only; no Claude CLI) ollama=gemma4:e2b (christ gen + task_followup unless --no-followup)
Reopened T-0113.
  [ledger] pushed to origin
  pushed to origin
[Worker001] T-0113 no dispatch rule — reopened.
=== 2026-04-10T06:12:19Z start Worker001 ===
[Worker001] checking for pending tasks…
[Worker001] claimed T-0113: Donaldson — 1_chronicles_1: add commentary JSON
[Worker001] models: backend=dispatch (local pipeline scripts only; no Claude CLI) ollama=gemma4:e2b (christ gen + task_followup unless --no-followup)
Reopened T-0113.
=== 2026-04-10T06:12:22Z start Worker001 ===
=== 2026-04-10T06:12:22Z start Worker001 ===
[Worker001] checking for pending tasks…
[Worker001] checking for pending tasks…
  push failed (non-fatal): Command '['git', 'push', 'origin', 'main']' returned non-zero exit status 1.
[Worker001] T-0113 no dispatch rule — reopened.
[Worker001] claimed T-0113: Donaldson — 1_chronicles_1: add commentary JSON
[Worker001] models: backend=dispatch (local pipeline scripts only; no Claude CLI) ollama=gemma4:e2b (christ gen + task_followup unless --no-followup)
[Worker001] claimed T-0113: Donaldson — 1_chronicles_1: add commentary JSON
[Worker001] models: backend=dispatch (local pipeline scripts only; no Claude CLI) ollama=gemma4:e2b (christ gen + task_followup unless --no-followup)
Reopened T-0113.
Reopened T-0113.
  push failed (non-fatal): Command '['git', 'push', 'origin', 'main']' returned non-zero exit status 1.
[Worker001] T-0113 no dispatch rule — reopened.
  push failed (non-fatal): Command '['git', 'push', 'origin', 'main']' returned non-zero exit status 1.
[Worker001] T-0113 no dispatch rule — reopened.
=== 2026-04-10T06:12:28Z start Worker001 ===
[Worker001] checking for pending tasks…
[Worker001] claimed T-0113: Donaldson — 1_chronicles_1: add commentary JSON
[Worker001] models: backend=dispatch (local pipeline scripts only; no Claude CLI) ollama=gemma4:e2b (christ gen + task_followup unless --no-followup)
Reopened T-0113.
  push failed (non-fatal): Command '['git', 'push', 'origin', 'main']' returned non-zero exit status 1.
[Worker001] T-0113 no dispatch rule — reopened.
=== 2026-04-10T06:12:48Z start Worker001 ===
[Worker001] checking for pending tasks…
[Worker001] claimed T-0113: Donaldson — 1_chronicles_1: add commentary JSON
[Worker001] models: backend=dispatch (local pipeline scripts only; no Claude CLI) ollama=gemma4:e2b (christ gen + task_followup unless --no-followup)
Reopened T-0113.
=== 2026-04-10T06:12:49Z start Worker001 ===
[Worker001] checking for pending tasks…
[Worker001] claimed T-0113: Donaldson — 1_chronicles_1: add commentary JSON
[Worker001] models: backend=dispatch (local pipeline scripts only; no Claude CLI) ollama=gemma4:e2b (christ gen + task_followup unless --no-followup)
Reopened T-0113.
  push failed (non-fatal): Command '['git', 'push', 'origin', 'main']' returned non-zero exit status 1.
[Worker001] T-0113 no dispatch rule — reopened.
  push failed (non-fatal): Command '['git', 'push', 'origin', 'main']' returned non-zero exit status 1.
[Worker001] T-0113 no dispatch rule — reopened.
=== 2026-04-10T06:12:53Z start Worker001 ===
[Worker001] checking for pending tasks…
[Worker001] claimed T-0113: Donaldson — 1_chronicles_1: add commentary JSON
[Worker001] models: backend=dispatch (local pipeline scripts only; no Claude CLI) ollama=gemma4:e2b (christ gen + task_followup unless --no-followup)
Reopened T-0113.
  push failed (non-fatal): Command '['git', 'push', 'origin', 'main']' returned non-zero exit status 1.
[Worker001] T-0113 no dispatch rule — reopened.
=== 2026-04-10T06:12:57Z start Worker001 ===
[Worker001] checking for pending tasks…
[Worker001] claimed T-0113: Donaldson — 1_chronicles_1: add commentary JSON
[Worker001] models: backend=dispatch (local pipeline scripts only; no Claude CLI) ollama=gemma4:e2b (christ gen + task_followup unless --no-followup)
Reopened T-0113.
  pushed to origin
[Worker001] T-0113 no dispatch rule — reopened.
=== 2026-04-10T06:13:18Z start Worker001 ===
[Worker001] checking for pending tasks…
[Worker001] claimed T-0113: Donaldson — 1_chronicles_1: add commentary JSON
[Worker001] models: backend=dispatch (local pipeline scripts only; no Claude CLI) ollama=gemma4:e2b (christ gen + task_followup unless --no-followup)
=== 2026-04-10T06:13:18Z start Worker001 ===
[Worker001] checking for pending tasks…
Reopened T-0113.
[Worker001] claimed T-0113: Donaldson — 1_chronicles_1: add commentary JSON
[Worker001] models: backend=dispatch (local pipeline scripts only; no Claude CLI) ollama=gemma4:e2b (christ gen + task_followup unless --no-followup)
Reopened T-0113.
  push failed (non-fatal): Command '['git', 'push', 'origin', 'main']' returned non-zero exit status 1.
[Worker001] T-0113 no dispatch rule — reopened.
  push failed (non-fatal): Command '['git', 'push', 'origin', 'main']' returned non-zero exit status 1.
[Worker001] T-0113 no dispatch rule — reopened.
=== 2026-04-10T06:13:22Z start Worker001 ===
[Worker001] checking for pending tasks…
[Worker001] claimed T-0113: Donaldson — 1_chronicles_1: add commentary JSON
[Worker001] models: backend=dispatch (local pipeline scripts only; no Claude CLI) ollama=gemma4:e2b (christ gen + task_followup unless --no-followup)
Reopened T-0113.
  push failed (non-fatal): Command '['git', 'push', 'origin', 'main']' returned non-zero exit status 1.
[Worker001] T-0113 no dispatch rule — reopened.
=== 2026-04-10T06:13:26Z start Worker001 ===
[Worker001] checking for pending tasks…
[Worker001] claimed T-0113: Donaldson — 1_chronicles_1: add commentary JSON
[Worker001] models: backend=dispatch (local pipeline scripts only; no Claude CLI) ollama=gemma4:e2b (christ gen + task_followup unless --no-followup)
Reopened T-0113.
  [ledger] pushed to origin
  pushed to origin
[Worker001] T-0113 no dispatch rule — reopened.
=== 2026-04-10T06:13:46Z start Worker001 ===
[Worker001] checking for pending tasks…
[Worker001] claimed T-0113: Donaldson — 1_chronicles_1: add commentary JSON
[Worker001] models: backend=dispatch (local pipeline scripts only; no Claude CLI) ollama=gemma4:e2b (christ gen + task_followup unless --no-followup)
Reopened T-0113.
=== 2026-04-10T06:13:47Z start Worker001 ===
[Worker001] checking for pending tasks…
[Worker001] claimed T-0113: Donaldson — 1_chronicles_1: add commentary JSON
[Worker001] models: backend=dispatch (local pipeline scripts only; no Claude CLI) ollama=gemma4:e2b (christ gen + task_followup unless --no-followup)
Reopened T-0113.
  push failed (non-fatal): Command '['git', 'push', 'origin', 'main']' returned non-zero exit status 1.
[Worker001] T-0113 no dispatch rule — reopened.
  push failed (non-fatal): Command '['git', 'push', 'origin', 'main']' returned non-zero exit status 1.
[Worker001] T-0113 no dispatch rule — reopened.
=== 2026-04-10T06:13:52Z start Worker001 ===
[Worker001] checking for pending tasks…
[Worker001] claimed T-0113: Donaldson — 1_chronicles_1: add commentary JSON
[Worker001] models: backend=dispatch (local pipeline scripts only; no Claude CLI) ollama=gemma4:e2b (christ gen + task_followup unless --no-followup)
Reopened T-0113.
  push failed (non-fatal): Command '['git', 'push', 'origin', 'main']' returned non-zero exit status 1.
[Worker001] T-0113 no dispatch rule — reopened.
=== 2026-04-10T06:13:56Z start Worker001 ===
[Worker001] checking for pending tasks…
[Worker001] claimed T-0113: Donaldson — 1_chronicles_1: add commentary JSON
[Worker001] models: backend=dispatch (local pipeline scripts only; no Claude CLI) ollama=gemma4:e2b (christ gen + task_followup unless --no-followup)
Reopened T-0113.
  [ledger] pushed to origin
  pushed to origin
[Worker001] T-0113 no dispatch rule — reopened.
=== 2026-04-10T06:14:17Z start Worker001 ===
[Worker001] checking for pending tasks…
[Worker001] claimed T-0113: Donaldson — 1_chronicles_1: add commentary JSON
[Worker001] models: backend=dispatch (local pipeline scripts only; no Claude CLI) ollama=gemma4:e2b (christ gen + task_followup unless --no-followup)
Reopened T-0113.
=== 2026-04-10T06:14:18Z start Worker001 ===
[Worker001] checking for pending tasks…
[Worker001] claimed T-0113: Donaldson — 1_chronicles_1: add commentary JSON
[Worker001] models: backend=dispatch (local pipeline scripts only; no Claude CLI) ollama=gemma4:e2b (christ gen + task_followup unless --no-followup)
Reopened T-0113.
  push failed (non-fatal): Command '['git', 'push', 'origin', 'main']' returned non-zero exit status 1.
[Worker001] T-0113 no dispatch rule — reopened.
=== 2026-04-10T06:14:21Z start Worker001 ===
[Worker001] checking for pending tasks…
  push failed (non-fatal): Command '['git', 'push', 'origin', 'main']' returned non-zero exit status 1.
[Worker001] T-0113 no dispatch rule — reopened.
[Worker001] claimed T-0113: Donaldson — 1_chronicles_1: add commentary JSON
[Worker001] models: backend=dispatch (local pipeline scripts only; no Claude CLI) ollama=gemma4:e2b (christ gen + task_followup unless --no-followup)
=== 2026-04-10T06:14:25Z start Worker001 ===
[Worker001] checking for pending tasks…
[Worker001] claimed T-0113: Donaldson — 1_chronicles_1: add commentary JSON
[Worker001] models: backend=dispatch (local pipeline scripts only; no Claude CLI) ollama=gemma4:e2b (christ gen + task_followup unless --no-followup)
Reopened T-0113.
Reopened T-0113.
  [ledger] pushed to origin
  push failed (non-fatal): Command '['git', 'push', 'origin', 'main']' returned non-zero exit status 1.
[Worker001] T-0113 no dispatch rule — reopened.
  pushed to origin
[Worker001] T-0113 no dispatch rule — reopened.
=== 2026-04-10T06:14:46Z start Worker001 ===
[Worker001] checking for pending tasks…
[Worker001] claimed T-0113: Donaldson — 1_chronicles_1: add commentary JSON
[Worker001] models: backend=dispatch (local pipeline scripts only; no Claude CLI) ollama=gemma4:e2b (christ gen + task_followup unless --no-followup)
Reopened T-0113.
=== 2026-04-10T06:14:48Z start Worker001 ===
[Worker001] checking for pending tasks…
[Worker001] claimed T-0113: Donaldson — 1_chronicles_1: add commentary JSON
[Worker001] models: backend=dispatch (local pipeline scripts only; no Claude CLI) ollama=gemma4:e2b (christ gen + task_followup unless --no-followup)
  push failed (non-fatal): Command '['git', 'push', 'origin', 'main']' returned non-zero exit status 1.
[Worker001] T-0113 no dispatch rule — reopened.
=== 2026-04-10T06:14:51Z start Worker001 ===
[Worker001] checking for pending tasks…
Reopened T-0113.
=== 2026-04-10T06:14:52Z start Worker001 ===
[Worker001] checking for pending tasks…
[Worker001] claimed T-0113: Donaldson — 1_chronicles_1: add commentary JSON
[Worker001] models: backend=dispatch (local pipeline scripts only; no Claude CLI) ollama=gemma4:e2b (christ gen + task_followup unless --no-followup)
[Worker001] claimed T-0117: Donaldson — 1_chronicles_10: add commentary JSON
[Worker001] models: backend=dispatch (local pipeline scripts only; no Claude CLI) ollama=gemma4:e2b (christ gen + task_followup unless --no-followup)
Reopened T-0113.
  push failed (non-fatal): Command '['git', 'push', 'origin', 'main']' returned non-zero exit status 1.
[Worker001] T-0113 no dispatch rule — reopened.
  push failed (non-fatal): Command '['git', 'push', 'origin', 'main']' returned non-zero exit status 1.
[Worker001] T-0113 no dispatch rule — reopened.
Reopened T-0117.
  pushed to origin
[Worker001] T-0117 no dispatch rule — reopened.
=== 2026-04-10T06:15:17Z start Worker001 ===
[Worker001] checking for pending tasks…
[Worker001] claimed T-0113: Donaldson — 1_chronicles_1: add commentary JSON
[Worker001] models: backend=dispatch (local pipeline scripts only; no Claude CLI) ollama=gemma4:e2b (christ gen + task_followup unless --no-followup)
=== 2026-04-10T06:15:17Z start Worker001 ===
[Worker001] checking for pending tasks…
Reopened T-0113.
[Worker001] claimed T-0117: Donaldson — 1_chronicles_10: add commentary JSON
[Worker001] models: backend=dispatch (local pipeline scripts only; no Claude CLI) ollama=gemma4:e2b (christ gen + task_followup unless --no-followup)
=== 2026-04-10T06:15:18Z start Worker001 ===
[Worker001] checking for pending tasks…
[Worker001] claimed T-0113: Donaldson — 1_chronicles_1: add commentary JSON
[Worker001] models: backend=dispatch (local pipeline scripts only; no Claude CLI) ollama=gemma4:e2b (christ gen + task_followup unless --no-followup)
Reopened T-0113.
  push failed (non-fatal): Command '['git', 'push', 'origin', 'main']' returned non-zero exit status 1.
[Worker001] T-0113 no dispatch rule — reopened.
=== 2026-04-10T06:15:22Z start Worker001 ===
Reopened T-0117.
[Worker001] checking for pending tasks…
  push failed (non-fatal): Command '['git', 'push', 'origin', 'main']' returned non-zero exit status 1.
[Worker001] T-0113 no dispatch rule — reopened.
  pushed to origin
[Worker001] T-0117 no dispatch rule — reopened.
[Worker001] claimed T-0113: Donaldson — 1_chronicles_1: add commentary JSON
[Worker001] models: backend=dispatch (local pipeline scripts only; no Claude CLI) ollama=gemma4:e2b (christ gen + task_followup unless --no-followup)
Reopened T-0113.
  [ledger] pushed to origin
  pushed to origin
[Worker001] T-0113 no dispatch rule — reopened.
=== 2026-04-10T06:15:46Z start Worker001 ===
[Worker001] checking for pending tasks…
[Worker001] claimed T-0113: Donaldson — 1_chronicles_1: add commentary JSON
[Worker001] models: backend=dispatch (local pipeline scripts only; no Claude CLI) ollama=gemma4:e2b (christ gen + task_followup unless --no-followup)
=== 2026-04-10T06:15:47Z start Worker001 ===
[Worker001] checking for pending tasks…
[Worker001] claimed T-0113: Donaldson — 1_chronicles_1: add commentary JSON
[Worker001] models: backend=dispatch (local pipeline scripts only; no Claude CLI) ollama=gemma4:e2b (christ gen + task_followup unless --no-followup)
Reopened T-0113.
=== 2026-04-10T06:15:48Z start Worker001 ===
[Worker001] checking for pending tasks…
Reopened T-0113.
  push failed (non-fatal): Command '['git', 'push', 'origin', 'main']' returned non-zero exit status 1.
[Worker001] T-0113 no dispatch rule — reopened.
=== 2026-04-10T06:15:51Z start Worker001 ===
[Worker001] checking for pending tasks…
[Worker001] claimed T-0113: Donaldson — 1_chronicles_1: add commentary JSON
[Worker001] models: backend=dispatch (local pipeline scripts only; no Claude CLI) ollama=gemma4:e2b (christ gen + task_followup unless --no-followup)
[Worker001] claimed T-0113: Donaldson — 1_chronicles_1: add commentary JSON
[Worker001] models: backend=dispatch (local pipeline scripts only; no Claude CLI) ollama=gemma4:e2b (christ gen + task_followup unless --no-followup)
Reopened T-0113.
Reopened T-0113.
  push failed (non-fatal): Command '['git', 'push', 'origin', 'main']' returned non-zero exit status 1.
[Worker001] T-0113 no dispatch rule — reopened.
  push failed (non-fatal): Command '['git', 'push', 'origin', 'main']' returned non-zero exit status 1.
[Worker001] T-0113 no dispatch rule — reopened.
  push failed (non-fatal): Command '['git', 'push', 'origin', 'main']' returned non-zero exit status 1.
[Worker001] T-0113 no dispatch rule — reopened.
=== 2026-04-10T06:16:16Z start Worker001 ===
=== 2026-04-10T06:16:17Z start Worker001 ===
[Worker001] checking for pending tasks…
[Worker001] checking for pending tasks…
[Worker001] claimed T-0113: Donaldson — 1_chronicles_1: add commentary JSON
[Worker001] models: backend=dispatch (local pipeline scripts only; no Claude CLI) ollama=gemma4:e2b (christ gen + task_followup unless --no-followup)
[Worker001] claimed T-0113: Donaldson — 1_chronicles_1: add commentary JSON
[Worker001] models: backend=dispatch (local pipeline scripts only; no Claude CLI) ollama=gemma4:e2b (christ gen + task_followup unless --no-followup)
Reopened T-0113.
Reopened T-0113.
=== 2026-04-10T06:16:18Z start Worker001 ===
[Worker001] checking for pending tasks…
[Worker001] claimed T-0113: Donaldson — 1_chronicles_1: add commentary JSON
[Worker001] models: backend=dispatch (local pipeline scripts only; no Claude CLI) ollama=gemma4:e2b (christ gen + task_followup unless --no-followup)
Reopened T-0113.
  pushed to origin
[Worker001] T-0113 no dispatch rule — reopened.
  push failed (non-fatal): Command '['git', 'push', 'origin', 'main']' returned non-zero exit status 1.
[Worker001] T-0113 no dispatch rule — reopened.
=== 2026-04-10T06:16:21Z start Worker001 ===
[Worker001] checking for pending tasks…
[Worker001] claimed T-0113: Donaldson — 1_chronicles_1: add commentary JSON
[Worker001] models: backend=dispatch (local pipeline scripts only; no Claude CLI) ollama=gemma4:e2b (christ gen + task_followup unless --no-followup)
  push failed (non-fatal): Command '['git', 'push', 'origin', 'main']' returned non-zero exit status 1.
[Worker001] T-0113 no dispatch rule — reopened.
Reopened T-0113.
  push failed (non-fatal): Command '['git', 'push', 'origin', 'main']' returned non-zero exit status 1.
[Worker001] T-0113 no dispatch rule — reopened.
=== 2026-04-10T06:16:44Z start Worker001 ===
[Worker001] checking for pending tasks…
[Worker001] claimed T-0113: Donaldson — 1_chronicles_1: add commentary JSON
[Worker001] models: backend=dispatch (local pipeline scripts only; no Claude CLI) ollama=gemma4:e2b (christ gen + task_followup unless --no-followup)
Reopened T-0113.
=== 2026-04-10T06:16:46Z start Worker001 ===
[Worker001] checking for pending tasks…
=== 2026-04-10T06:16:47Z start Worker001 ===
[Worker001] checking for pending tasks…
  push failed (non-fatal): Command '['git', 'push', 'origin', 'main']' returned non-zero exit status 1.
[Worker001] T-0113 no dispatch rule — reopened.
=== 2026-04-10T06:16:48Z start Worker001 ===
[Worker001] checking for pending tasks…
[Worker001] claimed T-0113: Donaldson — 1_chronicles_1: add commentary JSON
[Worker001] models: backend=dispatch (local pipeline scripts only; no Claude CLI) ollama=gemma4:e2b (christ gen + task_followup unless --no-followup)
[Worker001] claimed T-0113: Donaldson — 1_chronicles_1: add commentary JSON
[Worker001] models: backend=dispatch (local pipeline scripts only; no Claude CLI) ollama=gemma4:e2b (christ gen + task_followup unless --no-followup)
Reopened T-0113.
[Worker001] claimed T-0113: Donaldson — 1_chronicles_1: add commentary JSON
[Worker001] models: backend=dispatch (local pipeline scripts only; no Claude CLI) ollama=gemma4:e2b (christ gen + task_followup unless --no-followup)
  push failed (non-fatal): Command '['git', 'push', 'origin', 'main']' returned non-zero exit status 1.
[Worker001] T-0113 no dispatch rule — reopened.
Reopened T-0113.
Reopened T-0113.
  pushed to origin
[Worker001] T-0113 no dispatch rule — reopened.
  push failed (non-fatal): Command '['git', 'push', 'origin', 'main']' returned non-zero exit status 1.
[Worker001] T-0113 no dispatch rule — reopened.
=== 2026-04-10T06:17:13Z start Worker001 ===
[Worker001] checking for pending tasks…
[Worker001] claimed T-0113: Donaldson — 1_chronicles_1: add commentary JSON
[Worker001] models: backend=dispatch (local pipeline scripts only; no Claude CLI) ollama=gemma4:e2b (christ gen + task_followup unless --no-followup)
Reopened T-0113.
=== 2026-04-10T06:17:15Z start Worker001 ===
[Worker001] checking for pending tasks…
  pushed to origin
[Worker001] T-0113 no dispatch rule — reopened.
=== 2026-04-10T06:17:17Z start Worker001 ===
[Worker001] checking for pending tasks…
[Worker001] claimed T-0113: Donaldson — 1_chronicles_1: add commentary JSON
[Worker001] models: backend=dispatch (local pipeline scripts only; no Claude CLI) ollama=gemma4:e2b (christ gen + task_followup unless --no-followup)
=== 2026-04-10T06:17:19Z start Worker001 ===
[Worker001] checking for pending tasks…
[Worker001] claimed T-0113: Donaldson — 1_chronicles_1: add commentary JSON
[Worker001] models: backend=dispatch (local pipeline scripts only; no Claude CLI) ollama=gemma4:e2b (christ gen + task_followup unless --no-followup)
Reopened T-0113.
Reopened T-0113.
  [ledger] pushed to origin
[Worker001] claimed T-0113: Donaldson — 1_chronicles_1: add commentary JSON
[Worker001] models: backend=dispatch (local pipeline scripts only; no Claude CLI) ollama=gemma4:e2b (christ gen + task_followup unless --no-followup)
  push failed (non-fatal): Command '['git', 'push', 'origin', 'main']' returned non-zero exit status 1.
[Worker001] T-0113 no dispatch rule — reopened.
  pushed to origin
[Worker001] T-0113 no dispatch rule — reopened.
Reopened T-0113.
  [ledger] pushed to origin
  pushed to origin
[Worker001] T-0113 no dispatch rule — reopened.
=== 2026-04-10T06:17:44Z start Worker001 ===
[Worker001] checking for pending tasks…
[Worker001] claimed T-0113: Donaldson — 1_chronicles_1: add commentary JSON
[Worker001] models: backend=dispatch (local pipeline scripts only; no Claude CLI) ollama=gemma4:e2b (christ gen + task_followup unless --no-followup)
Reopened T-0113.
=== 2026-04-10T06:17:45Z start Worker001 ===
[Worker001] checking for pending tasks…
[Worker001] claimed T-0113: Donaldson — 1_chronicles_1: add commentary JSON
[Worker001] models: backend=dispatch (local pipeline scripts only; no Claude CLI) ollama=gemma4:e2b (christ gen + task_followup unless --no-followup)
Reopened T-0113.
=== 2026-04-10T06:17:48Z start Worker001 ===
[Worker001] checking for pending tasks…
  push failed (non-fatal): Command '['git', 'push', 'origin', 'main']' returned non-zero exit status 1.
[Worker001] T-0113 no dispatch rule — reopened.
[Worker001] claimed T-0113: Donaldson — 1_chronicles_1: add commentary JSON
[Worker001] models: backend=dispatch (local pipeline scripts only; no Claude CLI) ollama=gemma4:e2b (christ gen + task_followup unless --no-followup)
=== 2026-04-10T06:17:49Z start Worker001 ===
[Worker001] checking for pending tasks…
  push failed (non-fatal): Command '['git', 'push', 'origin', 'main']' returned non-zero exit status 1.
[Worker001] T-0113 no dispatch rule — reopened.
[Worker001] claimed T-0113: Donaldson — 1_chronicles_1: add commentary JSON
[Worker001] models: backend=dispatch (local pipeline scripts only; no Claude CLI) ollama=gemma4:e2b (christ gen + task_followup unless --no-followup)
Reopened T-0113.
Reopened T-0113.
  push failed (non-fatal): Command '['git', 'push', 'origin', 'main']' returned non-zero exit status 1.
[Worker001] T-0113 no dispatch rule — reopened.
  pushed to origin
[Worker001] T-0113 no dispatch rule — reopened.
=== 2026-04-10T06:18:11Z start Worker001 ===
[Worker001] checking for pending tasks…
[Worker001] claimed T-0113: Donaldson — 1_chronicles_1: add commentary JSON
[Worker001] models: backend=dispatch (local pipeline scripts only; no Claude CLI) ollama=gemma4:e2b (christ gen + task_followup unless --no-followup)
Reopened T-0113.
  pushed to origin
[Worker001] T-0113 no dispatch rule — reopened.
=== 2026-04-10T06:18:17Z start Worker001 ===
[Worker001] checking for pending tasks…
=== 2026-04-10T06:18:18Z start Worker001 ===
[Worker001] checking for pending tasks…
[Worker001] claimed T-0113: Donaldson — 1_chronicles_1: add commentary JSON
[Worker001] models: backend=dispatch (local pipeline scripts only; no Claude CLI) ollama=gemma4:e2b (christ gen + task_followup unless --no-followup)
=== 2026-04-10T06:18:19Z start Worker001 ===
[Worker001] checking for pending tasks…
Reopened T-0113.
[Worker001] claimed T-0117: Donaldson — 1_chronicles_10: add commentary JSON
[Worker001] models: backend=dispatch (local pipeline scripts only; no Claude CLI) ollama=gemma4:e2b (christ gen + task_followup unless --no-followup)
Reopened T-0117.
[Worker001] claimed T-0113: Donaldson — 1_chronicles_1: add commentary JSON
[Worker001] models: backend=dispatch (local pipeline scripts only; no Claude CLI) ollama=gemma4:e2b (christ gen + task_followup unless --no-followup)
  push failed (non-fatal): Command '['git', 'push', 'origin', 'main']' returned non-zero exit status 1.
[Worker001] T-0113 no dispatch rule — reopened.
  push failed (non-fatal): Command '['git', 'push', 'origin', 'main']' returned non-zero exit status 1.
[Worker001] T-0117 no dispatch rule — reopened.
Reopened T-0113.
  push failed (non-fatal): Command '['git', 'push', 'origin', 'main']' returned non-zero exit status 1.
[Worker001] T-0113 no dispatch rule — reopened.
=== 2026-04-10T06:18:43Z start Worker001 ===
[Worker001] checking for pending tasks…
[Worker001] claimed T-0113: Donaldson — 1_chronicles_1: add commentary JSON
[Worker001] models: backend=dispatch (local pipeline scripts only; no Claude CLI) ollama=gemma4:e2b (christ gen + task_followup unless --no-followup)
Reopened T-0113.
  push failed (non-fatal): Command '['git', 'push', 'origin', 'main']' returned non-zero exit status 1.
[Worker001] T-0113 no dispatch rule — reopened.
=== 2026-04-10T06:18:48Z start Worker001 ===
[Worker001] checking for pending tasks…
=== 2026-04-10T06:18:49Z start Worker001 ===
[Worker001] checking for pending tasks…
=== 2026-04-10T06:18:49Z start Worker001 ===
[Worker001] checking for pending tasks…
[Worker001] claimed T-0113: Donaldson — 1_chronicles_1: add commentary JSON
[Worker001] models: backend=dispatch (local pipeline scripts only; no Claude CLI) ollama=gemma4:e2b (christ gen + task_followup unless --no-followup)
[Worker001] claimed T-0113: Donaldson — 1_chronicles_1: add commentary JSON
[Worker001] models: backend=dispatch (local pipeline scripts only; no Claude CLI) ollama=gemma4:e2b (christ gen + task_followup unless --no-followup)
Reopened T-0113.
[Worker001] claimed T-0113: Donaldson — 1_chronicles_1: add commentary JSON
[Worker001] models: backend=dispatch (local pipeline scripts only; no Claude CLI) ollama=gemma4:e2b (christ gen + task_followup unless --no-followup)
  push failed (non-fatal): Command '['git', 'push', 'origin', 'main']' returned non-zero exit status 1.
[Worker001] T-0113 no dispatch rule — reopened.
Reopened T-0113.
Reopened T-0113.
  [ledger] pushed to origin
  pushed to origin
[Worker001] T-0113 no dispatch rule — reopened.
  push failed (non-fatal): Command '['git', 'push', 'origin', 'main']' returned non-zero exit status 1.
[Worker001] T-0113 no dispatch rule — reopened.
=== 2026-04-10T06:19:13Z start Worker001 ===
[Worker001] checking for pending tasks…
[Worker001] claimed T-0113: Donaldson — 1_chronicles_1: add commentary JSON
[Worker001] models: backend=dispatch (local pipeline scripts only; no Claude CLI) ollama=gemma4:e2b (christ gen + task_followup unless --no-followup)
Reopened T-0113.
=== 2026-04-10T06:19:15Z start Worker001 ===
[Worker001] checking for pending tasks…
[Worker001] claimed T-0113: Donaldson — 1_chronicles_1: add commentary JSON
[Worker001] models: backend=dispatch (local pipeline scripts only; no Claude CLI) ollama=gemma4:e2b (christ gen + task_followup unless --no-followup)
Reopened T-0113.
  push failed (non-fatal): Command '['git', 'push', 'origin', 'main']' returned non-zero exit status 1.
[Worker001] T-0113 no dispatch rule — reopened.
=== 2026-04-10T06:19:18Z start Worker001 ===
[Worker001] checking for pending tasks…
  push failed (non-fatal): Command '['git', 'push', 'origin', 'main']' returned non-zero exit status 1.
[Worker001] T-0113 no dispatch rule — reopened.
[Worker001] claimed T-0113: Donaldson — 1_chronicles_1: add commentary JSON
[Worker001] models: backend=dispatch (local pipeline scripts only; no Claude CLI) ollama=gemma4:e2b (christ gen + task_followup unless --no-followup)
Reopened T-0113.
=== 2026-04-10T06:19:20Z start Worker001 ===
[Worker001] checking for pending tasks…
[Worker001] claimed T-0113: Donaldson — 1_chronicles_1: add commentary JSON
[Worker001] models: backend=dispatch (local pipeline scripts only; no Claude CLI) ollama=gemma4:e2b (christ gen + task_followup unless --no-followup)
Reopened T-0113.
  pushed to origin
[Worker001] T-0113 no dispatch rule — reopened.
  push failed (non-fatal): Command '['git', 'push', 'origin', 'main']' returned non-zero exit status 1.
[Worker001] T-0113 no dispatch rule — reopened.
=== 2026-04-10T06:19:43Z start Worker001 ===
[Worker001] checking for pending tasks…
[Worker001] claimed T-0113: Donaldson — 1_chronicles_1: add commentary JSON
[Worker001] models: backend=dispatch (local pipeline scripts only; no Claude CLI) ollama=gemma4:e2b (christ gen + task_followup unless --no-followup)
=== 2026-04-10T06:19:44Z start Worker001 ===
Reopened T-0113.
[Worker001] checking for pending tasks…
[Worker001] claimed T-0113: Donaldson — 1_chronicles_1: add commentary JSON
[Worker001] models: backend=dispatch (local pipeline scripts only; no Claude CLI) ollama=gemma4:e2b (christ gen + task_followup unless --no-followup)
Reopened T-0113.
  pushed to origin
[Worker001] T-0113 no dispatch rule — reopened.
  push failed (non-fatal): Command '['git', 'push', 'origin', 'main']' returned non-zero exit status 1.
[Worker001] T-0113 no dispatch rule — reopened.
=== 2026-04-10T06:19:48Z start Worker001 ===
[Worker001] checking for pending tasks…
[Worker001] claimed T-0113: Donaldson — 1_chronicles_1: add commentary JSON
[Worker001] models: backend=dispatch (local pipeline scripts only; no Claude CLI) ollama=gemma4:e2b (christ gen + task_followup unless --no-followup)
Reopened T-0113.
=== 2026-04-10T06:19:50Z start Worker001 ===
[Worker001] checking for pending tasks…
[Worker001] claimed T-0113: Donaldson — 1_chronicles_1: add commentary JSON
[Worker001] models: backend=dispatch (local pipeline scripts only; no Claude CLI) ollama=gemma4:e2b (christ gen + task_followup unless --no-followup)
  push failed (non-fatal): Command '['git', 'push', 'origin', 'main']' returned non-zero exit status 1.
[Worker001] T-0113 no dispatch rule — reopened.
Reopened T-0113.
  push failed (non-fatal): Command '['git', 'push', 'origin', 'main']' returned non-zero exit status 1.
[Worker001] T-0113 no dispatch rule — reopened.
=== 2026-04-10T06:20:15Z start Worker001 ===
[Worker001] checking for pending tasks…
=== 2026-04-10T06:20:15Z start Worker001 ===
[Worker001] checking for pending tasks…
[Worker001] claimed T-0113: Donaldson — 1_chronicles_1: add commentary JSON
[Worker001] models: backend=dispatch (local pipeline scripts only; no Claude CLI) ollama=gemma4:e2b (christ gen + task_followup unless --no-followup)
[Worker001] claimed T-0117: Donaldson — 1_chronicles_10: add commentary JSON
[Worker001] models: backend=dispatch (local pipeline scripts only; no Claude CLI) ollama=gemma4:e2b (christ gen + task_followup unless --no-followup)
Reopened T-0113.
Reopened T-0117.
=== 2026-04-10T06:20:18Z start Worker001 ===
[Worker001] checking for pending tasks…
  push failed (non-fatal): Command '['git', 'push', 'origin', 'main']' returned non-zero exit status 1.
[Worker001] T-0113 no dispatch rule — reopened.
  push failed (non-fatal): Command '['git', 'push', 'origin', 'main']' returned non-zero exit status 1.
[Worker001] T-0117 no dispatch rule — reopened.
=== 2026-04-10T06:20:20Z start Worker001 ===
[Worker001] checking for pending tasks…
[Worker001] claimed T-0113: Donaldson — 1_chronicles_1: add commentary JSON
[Worker001] models: backend=dispatch (local pipeline scripts only; no Claude CLI) ollama=gemma4:e2b (christ gen + task_followup unless --no-followup)
Reopened T-0113.
[Worker001] claimed T-0113: Donaldson — 1_chronicles_1: add commentary JSON
[Worker001] models: backend=dispatch (local pipeline scripts only; no Claude CLI) ollama=gemma4:e2b (christ gen + task_followup unless --no-followup)
  push failed (non-fatal): Command '['git', 'push', 'origin', 'main']' returned non-zero exit status 1.
[Worker001] T-0113 no dispatch rule — reopened.
Reopened T-0113.
  pushed to origin
[Worker001] T-0113 no dispatch rule — reopened.
=== 2026-04-10T06:20:44Z start Worker001 ===
=== 2026-04-10T06:20:44Z start Worker001 ===
[Worker001] checking for pending tasks…
[Worker001] checking for pending tasks…
[Worker001] claimed T-0113: Donaldson — 1_chronicles_1: add commentary JSON
[Worker001] models: backend=dispatch (local pipeline scripts only; no Claude CLI) ollama=gemma4:e2b (christ gen + task_followup unless --no-followup)
[Worker001] claimed T-0113: Donaldson — 1_chronicles_1: add commentary JSON
[Worker001] models: backend=dispatch (local pipeline scripts only; no Claude CLI) ollama=gemma4:e2b (christ gen + task_followup unless --no-followup)
Reopened T-0113.
Reopened T-0113.
  pushed to origin
[Worker001] T-0113 no dispatch rule — reopened.
  push failed (non-fatal): Command '['git', 'push', 'origin', 'main']' returned non-zero exit status 1.
[Worker001] T-0113 no dispatch rule — reopened.
=== 2026-04-10T06:20:49Z start Worker001 ===
[Worker001] checking for pending tasks…
[Worker001] claimed T-0113: Donaldson — 1_chronicles_1: add commentary JSON
[Worker001] models: backend=dispatch (local pipeline scripts only; no Claude CLI) ollama=gemma4:e2b (christ gen + task_followup unless --no-followup)
=== 2026-04-10T06:20:49Z start Worker001 ===
Reopened T-0113.
[Worker001] checking for pending tasks…
  push failed (non-fatal): Command '['git', 'push', 'origin', 'main']' returned non-zero exit status 1.
[Worker001] T-0113 no dispatch rule — reopened.
[Worker001] claimed T-0113: Donaldson — 1_chronicles_1: add commentary JSON
[Worker001] models: backend=dispatch (local pipeline scripts only; no Claude CLI) ollama=gemma4:e2b (christ gen + task_followup unless --no-followup)
Reopened T-0113.
  pushed to origin
[Worker001] T-0113 no dispatch rule — reopened.
=== 2026-04-10T06:21:11Z start Worker001 ===
[Worker001] checking for pending tasks…
[Worker001] claimed T-0113: Donaldson — 1_chronicles_1: add commentary JSON
[Worker001] models: backend=dispatch (local pipeline scripts only; no Claude CLI) ollama=gemma4:e2b (christ gen + task_followup unless --no-followup)
Reopened T-0113.
  push failed (non-fatal): Command '['git', 'push', 'origin', 'main']' returned non-zero exit status 1.
[Worker001] T-0113 no dispatch rule — reopened.
=== 2026-04-10T06:21:16Z start Worker001 ===
[Worker001] checking for pending tasks…
[Worker001] claimed T-0113: Donaldson — 1_chronicles_1: add commentary JSON
[Worker001] models: backend=dispatch (local pipeline scripts only; no Claude CLI) ollama=gemma4:e2b (christ gen + task_followup unless --no-followup)
Reopened T-0113.
=== 2026-04-10T06:21:19Z start Worker001 ===
[Worker001] checking for pending tasks…
  push failed (non-fatal): Command '['git', 'push', 'origin', 'main']' returned non-zero exit status 1.
[Worker001] T-0113 no dispatch rule — reopened.
[Worker001] claimed T-0113: Donaldson — 1_chronicles_1: add commentary JSON
[Worker001] models: backend=dispatch (local pipeline scripts only; no Claude CLI) ollama=gemma4:e2b (christ gen + task_followup unless --no-followup)
=== 2026-04-10T06:21:19Z start Worker001 ===
[Worker001] checking for pending tasks…
Reopened T-0113.
[Worker001] claimed T-0113: Donaldson — 1_chronicles_1: add commentary JSON
[Worker001] models: backend=dispatch (local pipeline scripts only; no Claude CLI) ollama=gemma4:e2b (christ gen + task_followup unless --no-followup)
Reopened T-0113.
  push failed (non-fatal): Command '['git', 'push', 'origin', 'main']' returned non-zero exit status 1.
[Worker001] T-0113 no dispatch rule — reopened.
  push failed (non-fatal): Command '['git', 'push', 'origin', 'main']' returned non-zero exit status 1.
[Worker001] T-0113 no dispatch rule — reopened.
=== 2026-04-10T06:21:41Z start Worker001 ===
[Worker001] checking for pending tasks…
[Worker001] claimed T-0113: Donaldson — 1_chronicles_1: add commentary JSON
[Worker001] models: backend=dispatch (local pipeline scripts only; no Claude CLI) ollama=gemma4:e2b (christ gen + task_followup unless --no-followup)
=== 2026-04-10T06:21:45Z start Worker001 ===
[Worker001] checking for pending tasks…
[Worker001] claimed T-0113: Donaldson — 1_chronicles_1: add commentary JSON
[Worker001] models: backend=dispatch (local pipeline scripts only; no Claude CLI) ollama=gemma4:e2b (christ gen + task_followup unless --no-followup)
Reopened T-0113.
=== 2026-04-10T06:21:47Z start Worker001 ===
[Worker001] checking for pending tasks…
[Worker001] claimed T-0113: Donaldson — 1_chronicles_1: add commentary JSON
[Worker001] models: backend=dispatch (local pipeline scripts only; no Claude CLI) ollama=gemma4:e2b (christ gen + task_followup unless --no-followup)
Reopened T-0113.
  [ledger] pushed to origin
Reopened T-0113.
  push failed (non-fatal): Command '['git', 'push', 'origin', 'main']' returned non-zero exit status 1.
[Worker001] T-0113 no dispatch rule — reopened.
=== 2026-04-10T06:21:49Z start Worker001 ===
[Worker001] checking for pending tasks…
  pushed to origin
[Worker001] T-0113 no dispatch rule — reopened.
[Worker001] claimed T-0113: Donaldson — 1_chronicles_1: add commentary JSON
[Worker001] models: backend=dispatch (local pipeline scripts only; no Claude CLI) ollama=gemma4:e2b (christ gen + task_followup unless --no-followup)
  push failed (non-fatal): Command '['git', 'push', 'origin', 'main']' returned non-zero exit status 1.
[Worker001] T-0113 no dispatch rule — reopened.
Reopened T-0113.
  [ledger] pushed to origin
  pushed to origin
[Worker001] T-0113 no dispatch rule — reopened.
=== 2026-04-10T06:22:11Z start Worker001 ===
[Worker001] checking for pending tasks…
[Worker001] claimed T-0113: Donaldson — 1_chronicles_1: add commentary JSON
[Worker001] models: backend=dispatch (local pipeline scripts only; no Claude CLI) ollama=gemma4:e2b (christ gen + task_followup unless --no-followup)
Reopened T-0113.
=== 2026-04-10T06:22:15Z start Worker001 ===
[Worker001] checking for pending tasks…
[Worker001] claimed T-0113: Donaldson — 1_chronicles_1: add commentary JSON
[Worker001] models: backend=dispatch (local pipeline scripts only; no Claude CLI) ollama=gemma4:e2b (christ gen + task_followup unless --no-followup)
Reopened T-0113.
  pushed to origin
[Worker001] T-0113 no dispatch rule — reopened.
=== 2026-04-10T06:22:16Z start Worker001 ===
[Worker001] checking for pending tasks…
[Worker001] claimed T-0113: Donaldson — 1_chronicles_1: add commentary JSON
[Worker001] models: backend=dispatch (local pipeline scripts only; no Claude CLI) ollama=gemma4:e2b (christ gen + task_followup unless --no-followup)
Reopened T-0113.
=== 2026-04-10T06:22:18Z start Worker001 ===
[Worker001] checking for pending tasks…
[Worker001] claimed T-0113: Donaldson — 1_chronicles_1: add commentary JSON
[Worker001] models: backend=dispatch (local pipeline scripts only; no Claude CLI) ollama=gemma4:e2b (christ gen + task_followup unless --no-followup)
Reopened T-0113.
  push failed (non-fatal): Command '['git', 'push', 'origin', 'main']' returned non-zero exit status 1.
[Worker001] T-0113 no dispatch rule — reopened.
  push failed (non-fatal): Command '['git', 'push', 'origin', 'main']' returned non-zero exit status 1.
[Worker001] T-0113 no dispatch rule — reopened.
  pushed to origin
[Worker001] T-0113 no dispatch rule — reopened.
=== 2026-04-10T06:22:42Z start Worker001 ===
[Worker001] checking for pending tasks…
[Worker001] claimed T-0113: Donaldson — 1_chronicles_1: add commentary JSON
[Worker001] models: backend=dispatch (local pipeline scripts only; no Claude CLI) ollama=gemma4:e2b (christ gen + task_followup unless --no-followup)
Reopened T-0113.
=== 2026-04-10T06:22:44Z start Worker001 ===
[Worker001] checking for pending tasks…
[Worker001] claimed T-0113: Donaldson — 1_chronicles_1: add commentary JSON
[Worker001] models: backend=dispatch (local pipeline scripts only; no Claude CLI) ollama=gemma4:e2b (christ gen + task_followup unless --no-followup)
Reopened T-0113.
  push failed (non-fatal): Command '['git', 'push', 'origin', 'main']' returned non-zero exit status 1.
[Worker001] T-0113 no dispatch rule — reopened.
=== 2026-04-10T06:22:47Z start Worker001 ===
[Worker001] checking for pending tasks…
[Worker001] claimed T-0113: Donaldson — 1_chronicles_1: add commentary JSON
[Worker001] models: backend=dispatch (local pipeline scripts only; no Claude CLI) ollama=gemma4:e2b (christ gen + task_followup unless --no-followup)
Reopened T-0113.
  push failed (non-fatal): Command '['git', 'push', 'origin', 'main']' returned non-zero exit status 1.
[Worker001] T-0113 no dispatch rule — reopened.
=== 2026-04-10T06:22:48Z start Worker001 ===
[Worker001] checking for pending tasks…
[Worker001] claimed T-0113: Donaldson — 1_chronicles_1: add commentary JSON
[Worker001] models: backend=dispatch (local pipeline scripts only; no Claude CLI) ollama=gemma4:e2b (christ gen + task_followup unless --no-followup)
Reopened T-0113.
  push failed (non-fatal): Command '['git', 'push', 'origin', 'main']' returned non-zero exit status 1.
[Worker001] T-0113 no dispatch rule — reopened.
  push failed (non-fatal): Command '['git', 'push', 'origin', 'main']' returned non-zero exit status 1.
[Worker001] T-0113 no dispatch rule — reopened.
=== 2026-04-10T06:23:13Z start Worker001 ===
[Worker001] checking for pending tasks…
[Worker001] claimed T-0113: Donaldson — 1_chronicles_1: add commentary JSON
[Worker001] models: backend=dispatch (local pipeline scripts only; no Claude CLI) ollama=gemma4:e2b (christ gen + task_followup unless --no-followup)
Reopened T-0113.
=== 2026-04-10T06:23:15Z start Worker001 ===
[Worker001] checking for pending tasks…
[Worker001] claimed T-0113: Donaldson — 1_chronicles_1: add commentary JSON
[Worker001] models: backend=dispatch (local pipeline scripts only; no Claude CLI) ollama=gemma4:e2b (christ gen + task_followup unless --no-followup)
=== 2026-04-10T06:23:16Z start Worker001 ===
[Worker001] checking for pending tasks…
[Worker001] claimed T-0117: Donaldson — 1_chronicles_10: add commentary JSON
[Worker001] models: backend=dispatch (local pipeline scripts only; no Claude CLI) ollama=gemma4:e2b (christ gen + task_followup unless --no-followup)
  pushed to origin
[Worker001] T-0113 no dispatch rule — reopened.
Reopened T-0113.
Reopened T-0117.
=== 2026-04-10T06:23:18Z start Worker001 ===
[Worker001] checking for pending tasks…
[Worker001] claimed T-0113: Donaldson — 1_chronicles_1: add commentary JSON
[Worker001] models: backend=dispatch (local pipeline scripts only; no Claude CLI) ollama=gemma4:e2b (christ gen + task_followup unless --no-followup)
Reopened T-0113.
  push failed (non-fatal): Command '['git', 'push', 'origin', 'main']' returned non-zero exit status 1.
[Worker001] T-0113 no dispatch rule — reopened.
  push failed (non-fatal): Command '['git', 'push', 'origin', 'main']' returned non-zero exit status 1.
[Worker001] T-0117 no dispatch rule — reopened.
  push failed (non-fatal): Command '['git', 'push', 'origin', 'main']' returned non-zero exit status 1.
[Worker001] T-0113 no dispatch rule — reopened.
=== 2026-04-10T06:23:43Z start Worker001 ===
[Worker001] checking for pending tasks…
[Worker001] claimed T-0113: Donaldson — 1_chronicles_1: add commentary JSON
[Worker001] models: backend=dispatch (local pipeline scripts only; no Claude CLI) ollama=gemma4:e2b (christ gen + task_followup unless --no-followup)
Reopened T-0113.
=== 2026-04-10T06:23:45Z start Worker001 ===
[Worker001] checking for pending tasks…
[Worker001] claimed T-0113: Donaldson — 1_chronicles_1: add commentary JSON
[Worker001] models: backend=dispatch (local pipeline scripts only; no Claude CLI) ollama=gemma4:e2b (christ gen + task_followup unless --no-followup)
Reopened T-0113.
  push failed (non-fatal): Command '['git', 'push', 'origin', 'main']' returned non-zero exit status 1.
[Worker001] T-0113 no dispatch rule — reopened.
=== 2026-04-10T06:23:47Z start Worker001 ===
[Worker001] checking for pending tasks…
[Worker001] claimed T-0113: Donaldson — 1_chronicles_1: add commentary JSON
[Worker001] models: backend=dispatch (local pipeline scripts only; no Claude CLI) ollama=gemma4:e2b (christ gen + task_followup unless --no-followup)
Reopened T-0113.
=== 2026-04-10T06:23:48Z start Worker001 ===
[Worker001] checking for pending tasks…
  pushed to origin
[Worker001] T-0113 no dispatch rule — reopened.
[Worker001] claimed T-0113: Donaldson — 1_chronicles_1: add commentary JSON
[Worker001] models: backend=dispatch (local pipeline scripts only; no Claude CLI) ollama=gemma4:e2b (christ gen + task_followup unless --no-followup)
Reopened T-0113.
  push failed (non-fatal): Command '['git', 'push', 'origin', 'main']' returned non-zero exit status 1.
[Worker001] T-0113 no dispatch rule — reopened.
  push failed (non-fatal): Command '['git', 'push', 'origin', 'main']' returned non-zero exit status 1.
[Worker001] T-0113 no dispatch rule — reopened.
=== 2026-04-10T06:24:12Z start Worker001 ===
[Worker001] checking for pending tasks…
[Worker001] claimed T-0113: Donaldson — 1_chronicles_1: add commentary JSON
[Worker001] models: backend=dispatch (local pipeline scripts only; no Claude CLI) ollama=gemma4:e2b (christ gen + task_followup unless --no-followup)
Reopened T-0113.
=== 2026-04-10T06:24:14Z start Worker001 ===
[Worker001] checking for pending tasks…
  push failed (non-fatal): Command '['git', 'push', 'origin', 'main']' returned non-zero exit status 1.
[Worker001] T-0113 no dispatch rule — reopened.
[Worker001] claimed T-0113: Donaldson — 1_chronicles_1: add commentary JSON
[Worker001] models: backend=dispatch (local pipeline scripts only; no Claude CLI) ollama=gemma4:e2b (christ gen + task_followup unless --no-followup)
=== 2026-04-10T06:24:18Z start Worker001 ===
[Worker001] checking for pending tasks…
[Worker001] claimed T-0113: Donaldson — 1_chronicles_1: add commentary JSON
[Worker001] models: backend=dispatch (local pipeline scripts only; no Claude CLI) ollama=gemma4:e2b (christ gen + task_followup unless --no-followup)
=== 2026-04-10T06:24:19Z start Worker001 ===
Reopened T-0113.
[Worker001] checking for pending tasks…
[Worker001] claimed T-0113: Donaldson — 1_chronicles_1: add commentary JSON
[Worker001] models: backend=dispatch (local pipeline scripts only; no Claude CLI) ollama=gemma4:e2b (christ gen + task_followup unless --no-followup)
  push failed (non-fatal): Command '['git', 'push', 'origin', 'main']' returned non-zero exit status 1.
[Worker001] T-0113 no dispatch rule — reopened.
Reopened T-0113.
  [ledger] pushed to origin
Reopened T-0113.
  pushed to origin
[Worker001] T-0113 no dispatch rule — reopened.
  pushed to origin
[Worker001] T-0113 no dispatch rule — reopened.
=== 2026-04-10T06:24:44Z start Worker001 ===
[Worker001] checking for pending tasks…
[Worker001] claimed T-0113: Donaldson — 1_chronicles_1: add commentary JSON
[Worker001] models: backend=dispatch (local pipeline scripts only; no Claude CLI) ollama=gemma4:e2b (christ gen + task_followup unless --no-followup)
=== 2026-04-10T06:24:44Z start Worker001 ===
[Worker001] checking for pending tasks…
Reopened T-0113.
=== 2026-04-10T06:24:45Z start Worker001 ===
[Worker001] checking for pending tasks…
[Worker001] claimed T-0113: Donaldson — 1_chronicles_1: add commentary JSON
[Worker001] models: backend=dispatch (local pipeline scripts only; no Claude CLI) ollama=gemma4:e2b (christ gen + task_followup unless --no-followup)
[Worker001] claimed T-0117: Donaldson — 1_chronicles_10: add commentary JSON
[Worker001] models: backend=dispatch (local pipeline scripts only; no Claude CLI) ollama=gemma4:e2b (christ gen + task_followup unless --no-followup)
Reopened T-0113.
Reopened T-0117.
  push failed (non-fatal): Command '['git', 'push', 'origin', 'main']' returned non-zero exit status 1.
[Worker001] T-0113 no dispatch rule — reopened.
=== 2026-04-10T06:24:49Z start Worker001 ===
[Worker001] checking for pending tasks…
  push failed (non-fatal): Command '['git', 'push', 'origin', 'main']' returned non-zero exit status 1.
[Worker001] T-0113 no dispatch rule — reopened.
[Worker001] claimed T-0113: Donaldson — 1_chronicles_1: add commentary JSON
[Worker001] models: backend=dispatch (local pipeline scripts only; no Claude CLI) ollama=gemma4:e2b (christ gen + task_followup unless --no-followup)
  push failed (non-fatal): Command '['git', 'push', 'origin', 'main']' returned non-zero exit status 1.
[Worker001] T-0117 no dispatch rule — reopened.
Reopened T-0113.
  pushed to origin
[Worker001] T-0113 no dispatch rule — reopened.
=== 2026-04-10T06:25:14Z start Worker001 ===
[Worker001] checking for pending tasks…
=== 2026-04-10T06:25:15Z start Worker001 ===
[Worker001] checking for pending tasks…
[Worker001] claimed T-0113: Donaldson — 1_chronicles_1: add commentary JSON
[Worker001] models: backend=dispatch (local pipeline scripts only; no Claude CLI) ollama=gemma4:e2b (christ gen + task_followup unless --no-followup)
=== 2026-04-10T06:25:16Z start Worker001 ===
[Worker001] checking for pending tasks…
[Worker001] claimed T-0113: Donaldson — 1_chronicles_1: add commentary JSON
[Worker001] models: backend=dispatch (local pipeline scripts only; no Claude CLI) ollama=gemma4:e2b (christ gen + task_followup unless --no-followup)
Reopened T-0113.
[Worker001] claimed T-0113: Donaldson — 1_chronicles_1: add commentary JSON
[Worker001] models: backend=dispatch (local pipeline scripts only; no Claude CLI) ollama=gemma4:e2b (christ gen + task_followup unless --no-followup)
=== 2026-04-10T06:25:19Z start Worker001 ===
[Worker001] checking for pending tasks…
Reopened T-0113.
  push failed (non-fatal): Command '['git', 'push', 'origin', 'main']' returned non-zero exit status 1.
[Worker001] T-0113 no dispatch rule — reopened.
Reopened T-0113.
  push failed (non-fatal): Command '['git', 'push', 'origin', 'main']' returned non-zero exit status 1.
[Worker001] T-0113 no dispatch rule — reopened.
[Worker001] claimed T-0113: Donaldson — 1_chronicles_1: add commentary JSON
[Worker001] models: backend=dispatch (local pipeline scripts only; no Claude CLI) ollama=gemma4:e2b (christ gen + task_followup unless --no-followup)
  push failed (non-fatal): Command '['git', 'push', 'origin', 'main']' returned non-zero exit status 1.
[Worker001] T-0113 no dispatch rule — reopened.
Reopened T-0113.
  [ledger] pushed to origin
  pushed to origin
[Worker001] T-0113 no dispatch rule — reopened.
=== 2026-04-10T06:25:44Z start Worker001 ===
[Worker001] checking for pending tasks…
[Worker001] claimed T-0113: Donaldson — 1_chronicles_1: add commentary JSON
[Worker001] models: backend=dispatch (local pipeline scripts only; no Claude CLI) ollama=gemma4:e2b (christ gen + task_followup unless --no-followup)
Reopened T-0113.
=== 2026-04-10T06:25:46Z start Worker001 ===
[Worker001] checking for pending tasks…
[Worker001] claimed T-0113: Donaldson — 1_chronicles_1: add commentary JSON
[Worker001] models: backend=dispatch (local pipeline scripts only; no Claude CLI) ollama=gemma4:e2b (christ gen + task_followup unless --no-followup)
Reopened T-0113.
  push failed (non-fatal): Command '['git', 'push', 'origin', 'main']' returned non-zero exit status 1.
[Worker001] T-0113 no dispatch rule — reopened.
=== 2026-04-10T06:25:49Z start Worker001 ===
[Worker001] checking for pending tasks…
[Worker001] claimed T-0113: Donaldson — 1_chronicles_1: add commentary JSON
[Worker001] models: backend=dispatch (local pipeline scripts only; no Claude CLI) ollama=gemma4:e2b (christ gen + task_followup unless --no-followup)
=== 2026-04-10T06:25:50Z start Worker001 ===
Reopened T-0113.
[Worker001] checking for pending tasks…
  push failed (non-fatal): Command '['git', 'push', 'origin', 'main']' returned non-zero exit status 1.
[Worker001] T-0113 no dispatch rule — reopened.
[Worker001] claimed T-0113: Donaldson — 1_chronicles_1: add commentary JSON
[Worker001] models: backend=dispatch (local pipeline scripts only; no Claude CLI) ollama=gemma4:e2b (christ gen + task_followup unless --no-followup)
  push failed (non-fatal): Command '['git', 'push', 'origin', 'main']' returned non-zero exit status 1.
[Worker001] T-0113 no dispatch rule — reopened.
Reopened T-0113.
  pushed to origin
[Worker001] T-0113 no dispatch rule — reopened.
=== 2026-04-10T06:26:15Z start Worker001 ===
[Worker001] checking for pending tasks…
[Worker001] claimed T-0113: Donaldson — 1_chronicles_1: add commentary JSON
[Worker001] models: backend=dispatch (local pipeline scripts only; no Claude CLI) ollama=gemma4:e2b (christ gen + task_followup unless --no-followup)
Reopened T-0113.
=== 2026-04-10T06:26:17Z start Worker001 ===
[Worker001] checking for pending tasks…
[Worker001] claimed T-0113: Donaldson — 1_chronicles_1: add commentary JSON
[Worker001] models: backend=dispatch (local pipeline scripts only; no Claude CLI) ollama=gemma4:e2b (christ gen + task_followup unless --no-followup)
Reopened T-0113.
  push failed (non-fatal): Command '['git', 'push', 'origin', 'main']' returned non-zero exit status 1.
[Worker001] T-0113 no dispatch rule — reopened.
=== 2026-04-10T06:26:19Z start Worker001 ===
[Worker001] checking for pending tasks…
[Worker001] claimed T-0113: Donaldson — 1_chronicles_1: add commentary JSON
[Worker001] models: backend=dispatch (local pipeline scripts only; no Claude CLI) ollama=gemma4:e2b (christ gen + task_followup unless --no-followup)
=== 2026-04-10T06:26:20Z start Worker001 ===
[Worker001] checking for pending tasks…
  push failed (non-fatal): Command '['git', 'push', 'origin', 'main']' returned non-zero exit status 1.
[Worker001] T-0113 no dispatch rule — reopened.
Reopened T-0113.
[Worker001] claimed T-0117: Donaldson — 1_chronicles_10: add commentary JSON
[Worker001] models: backend=dispatch (local pipeline scripts only; no Claude CLI) ollama=gemma4:e2b (christ gen + task_followup unless --no-followup)
Reopened T-0117.
  push failed (non-fatal): Command '['git', 'push', 'origin', 'main']' returned non-zero exit status 1.
[Worker001] T-0113 no dispatch rule — reopened.
  push failed (non-fatal): Command '['git', 'push', 'origin', 'main']' returned non-zero exit status 1.
[Worker001] T-0117 no dispatch rule — reopened.
=== 2026-04-10T06:26:46Z start Worker001 ===
[Worker001] checking for pending tasks…
[Worker001] claimed T-0113: Donaldson — 1_chronicles_1: add commentary JSON
[Worker001] models: backend=dispatch (local pipeline scripts only; no Claude CLI) ollama=gemma4:e2b (christ gen + task_followup unless --no-followup)
Reopened T-0113.
=== 2026-04-10T06:26:48Z start Worker001 ===
[Worker001] checking for pending tasks…
[Worker001] claimed T-0113: Donaldson — 1_chronicles_1: add commentary JSON
[Worker001] models: backend=dispatch (local pipeline scripts only; no Claude CLI) ollama=gemma4:e2b (christ gen + task_followup unless --no-followup)
Reopened T-0113.
=== 2026-04-10T06:26:49Z start Worker001 ===
[Worker001] checking for pending tasks…
  push failed (non-fatal): Command '['git', 'push', 'origin', 'main']' returned non-zero exit status 1.
[Worker001] T-0113 no dispatch rule — reopened.
[Worker001] claimed T-0113: Donaldson — 1_chronicles_1: add commentary JSON
[Worker001] models: backend=dispatch (local pipeline scripts only; no Claude CLI) ollama=gemma4:e2b (christ gen + task_followup unless --no-followup)
Reopened T-0113.
=== 2026-04-10T06:26:51Z start Worker001 ===
[Worker001] checking for pending tasks…
[Worker001] claimed T-0113: Donaldson — 1_chronicles_1: add commentary JSON
[Worker001] models: backend=dispatch (local pipeline scripts only; no Claude CLI) ollama=gemma4:e2b (christ gen + task_followup unless --no-followup)
Reopened T-0113.
  push failed (non-fatal): Command '['git', 'push', 'origin', 'main']' returned non-zero exit status 1.
[Worker001] T-0113 no dispatch rule — reopened.
  push failed (non-fatal): Command '['git', 'push', 'origin', 'main']' returned non-zero exit status 1.
[Worker001] T-0113 no dispatch rule — reopened.
  push failed (non-fatal): Command '['git', 'push', 'origin', 'main']' returned non-zero exit status 1.
[Worker001] T-0113 no dispatch rule — reopened.
=== 2026-04-10T06:27:15Z start Worker001 ===
[Worker001] checking for pending tasks…
[Worker001] claimed T-0113: Donaldson — 1_chronicles_1: add commentary JSON
[Worker001] models: backend=dispatch (local pipeline scripts only; no Claude CLI) ollama=gemma4:e2b (christ gen + task_followup unless --no-followup)
=== 2026-04-10T06:27:19Z start Worker001 ===
[Worker001] checking for pending tasks…
=== 2026-04-10T06:27:21Z start Worker001 ===
[Worker001] checking for pending tasks…
=== 2026-04-10T06:27:21Z start Worker001 ===
[Worker001] checking for pending tasks…
[Worker001] claimed T-0113: Donaldson — 1_chronicles_1: add commentary JSON
[Worker001] models: backend=dispatch (local pipeline scripts only; no Claude CLI) ollama=gemma4:e2b (christ gen + task_followup unless --no-followup)
[Worker001] claimed T-0117: Donaldson — 1_chronicles_10: add commentary JSON
[Worker001] models: backend=dispatch (local pipeline scripts only; no Claude CLI) ollama=gemma4:e2b (christ gen + task_followup unless --no-followup)
Reopened T-0113.
  [ledger] pushed to origin
Reopened T-0113.
Reopened T-0117.
[Worker001] claimed T-0113: Donaldson — 1_chronicles_1: add commentary JSON
[Worker001] models: backend=dispatch (local pipeline scripts only; no Claude CLI) ollama=gemma4:e2b (christ gen + task_followup unless --no-followup)
  pushed to origin
[Worker001] T-0113 no dispatch rule — reopened.
  pushed to origin
[Worker001] T-0113 no dispatch rule — reopened.
  push failed (non-fatal): Command '['git', 'push', 'origin', 'main']' returned non-zero exit status 1.
[Worker001] T-0117 no dispatch rule — reopened.
Reopened T-0113.
  push failed (non-fatal): Command '['git', 'push', 'origin', 'main']' returned non-zero exit status 1.
[Worker001] T-0113 no dispatch rule — reopened.
=== 2026-04-10T06:27:45Z start Worker001 ===
[Worker001] checking for pending tasks…
=== 2026-04-10T06:27:47Z start Worker001 ===
[Worker001] checking for pending tasks…
[Worker001] claimed T-0113: Donaldson — 1_chronicles_1: add commentary JSON
[Worker001] models: backend=dispatch (local pipeline scripts only; no Claude CLI) ollama=gemma4:e2b (christ gen + task_followup unless --no-followup)
Reopened T-0113.
[Worker001] claimed T-0113: Donaldson — 1_chronicles_1: add commentary JSON
[Worker001] models: backend=dispatch (local pipeline scripts only; no Claude CLI) ollama=gemma4:e2b (christ gen + task_followup unless --no-followup)
  push failed (non-fatal): Command '['git', 'push', 'origin', 'main']' returned non-zero exit status 1.
[Worker001] T-0113 no dispatch rule — reopened.
=== 2026-04-10T06:27:51Z start Worker001 ===
[Worker001] checking for pending tasks…
[Worker001] claimed T-0113: Donaldson — 1_chronicles_1: add commentary JSON
[Worker001] models: backend=dispatch (local pipeline scripts only; no Claude CLI) ollama=gemma4:e2b (christ gen + task_followup unless --no-followup)
Reopened T-0113.
Reopened T-0113.
=== 2026-04-10T06:27:52Z start Worker001 ===
[Worker001] checking for pending tasks…
  pushed to origin
[Worker001] T-0113 no dispatch rule — reopened.
  push failed (non-fatal): Command '['git', 'push', 'origin', 'main']' returned non-zero exit status 1.
[Worker001] T-0113 no dispatch rule — reopened.
[Worker001] claimed T-0113: Donaldson — 1_chronicles_1: add commentary JSON
[Worker001] models: backend=dispatch (local pipeline scripts only; no Claude CLI) ollama=gemma4:e2b (christ gen + task_followup unless --no-followup)
Reopened T-0113.
  pushed to origin
[Worker001] T-0113 no dispatch rule — reopened.
=== 2026-04-10T06:28:15Z start Worker001 ===
[Worker001] checking for pending tasks…
[Worker001] claimed T-0113: Donaldson — 1_chronicles_1: add commentary JSON
[Worker001] models: backend=dispatch (local pipeline scripts only; no Claude CLI) ollama=gemma4:e2b (christ gen + task_followup unless --no-followup)
Reopened T-0113.
=== 2026-04-10T06:28:16Z start Worker001 ===
[Worker001] checking for pending tasks…
=== 2026-04-10T06:28:17Z start Worker001 ===
[Worker001] claimed T-0113: Donaldson — 1_chronicles_1: add commentary JSON
[Worker001] models: backend=dispatch (local pipeline scripts only; no Claude CLI) ollama=gemma4:e2b (christ gen + task_followup unless --no-followup)
[Worker001] checking for pending tasks…
Reopened T-0113.
[Worker001] claimed T-0117: Donaldson — 1_chronicles_10: add commentary JSON
[Worker001] models: backend=dispatch (local pipeline scripts only; no Claude CLI) ollama=gemma4:e2b (christ gen + task_followup unless --no-followup)
Reopened T-0117.
  push failed (non-fatal): Command '['git', 'push', 'origin', 'main']' returned non-zero exit status 1.
[Worker001] T-0113 no dispatch rule — reopened.
  push failed (non-fatal): Command '['git', 'push', 'origin', 'main']' returned non-zero exit status 1.
[Worker001] T-0113 no dispatch rule — reopened.
  pushed to origin
[Worker001] T-0117 no dispatch rule — reopened.
=== 2026-04-10T06:28:21Z start Worker001 ===
[Worker001] checking for pending tasks…
[Worker001] claimed T-0113: Donaldson — 1_chronicles_1: add commentary JSON
[Worker001] models: backend=dispatch (local pipeline scripts only; no Claude CLI) ollama=gemma4:e2b (christ gen + task_followup unless --no-followup)
Reopened T-0113.
  push failed (non-fatal): Command '['git', 'push', 'origin', 'main']' returned non-zero exit status 1.
[Worker001] T-0113 no dispatch rule — reopened.
=== 2026-04-10T06:28:47Z start Worker001 ===
[Worker001] checking for pending tasks…
=== 2026-04-10T06:28:47Z start Worker001 ===
[Worker001] checking for pending tasks…
[Worker001] claimed T-0113: Donaldson — 1_chronicles_1: add commentary JSON
[Worker001] models: backend=dispatch (local pipeline scripts only; no Claude CLI) ollama=gemma4:e2b (christ gen + task_followup unless --no-followup)
Reopened T-0113.
=== 2026-04-10T06:28:48Z start Worker001 ===
[Worker001] claimed T-0113: Donaldson — 1_chronicles_1: add commentary JSON
[Worker001] models: backend=dispatch (local pipeline scripts only; no Claude CLI) ollama=gemma4:e2b (christ gen + task_followup unless --no-followup)
[Worker001] checking for pending tasks…
[Worker001] claimed T-0113: Donaldson — 1_chronicles_1: add commentary JSON
[Worker001] models: backend=dispatch (local pipeline scripts only; no Claude CLI) ollama=gemma4:e2b (christ gen + task_followup unless --no-followup)
Reopened T-0113.
Reopened T-0113.
=== 2026-04-10T06:28:49Z start Worker001 ===
[Worker001] checking for pending tasks…
[Worker001] claimed T-0113: Donaldson — 1_chronicles_1: add commentary JSON
[Worker001] models: backend=dispatch (local pipeline scripts only; no Claude CLI) ollama=gemma4:e2b (christ gen + task_followup unless --no-followup)
  push failed (non-fatal): Command '['git', 'push', 'origin', 'main']' returned non-zero exit status 1.
[Worker001] T-0113 no dispatch rule — reopened.
  push failed (non-fatal): Command '['git', 'push', 'origin', 'main']' returned non-zero exit status 1.
[Worker001] T-0113 no dispatch rule — reopened.
  push failed (non-fatal): Command '['git', 'push', 'origin', 'main']' returned non-zero exit status 1.
[Worker001] T-0113 no dispatch rule — reopened.
Reopened T-0113.
  push failed (non-fatal): Command '['git', 'push', 'origin', 'main']' returned non-zero exit status 1.
[Worker001] T-0113 no dispatch rule — reopened.
=== 2026-04-10T06:29:16Z start Worker001 ===
[Worker001] checking for pending tasks…
[Worker001] claimed T-0113: Donaldson — 1_chronicles_1: add commentary JSON
[Worker001] models: backend=dispatch (local pipeline scripts only; no Claude CLI) ollama=gemma4:e2b (christ gen + task_followup unless --no-followup)
Reopened T-0113.
=== 2026-04-10T06:29:19Z start Worker001 ===
[Worker001] checking for pending tasks…
[Worker001] claimed T-0113: Donaldson — 1_chronicles_1: add commentary JSON
[Worker001] models: backend=dispatch (local pipeline scripts only; no Claude CLI) ollama=gemma4:e2b (christ gen + task_followup unless --no-followup)
=== 2026-04-10T06:29:19Z start Worker001 ===
[Worker001] checking for pending tasks…
Reopened T-0113.
  push failed (non-fatal): Command '['git', 'push', 'origin', 'main']' returned non-zero exit status 1.
[Worker001] T-0113 no dispatch rule — reopened.
[Worker001] claimed T-0117: Donaldson — 1_chronicles_10: add commentary JSON
[Worker001] models: backend=dispatch (local pipeline scripts only; no Claude CLI) ollama=gemma4:e2b (christ gen + task_followup unless --no-followup)
=== 2026-04-10T06:29:21Z start Worker001 ===
[Worker001] checking for pending tasks…
Reopened T-0117.
[Worker001] claimed T-0113: Donaldson — 1_chronicles_1: add commentary JSON
[Worker001] models: backend=dispatch (local pipeline scripts only; no Claude CLI) ollama=gemma4:e2b (christ gen + task_followup unless --no-followup)
  pushed to origin
[Worker001] T-0113 no dispatch rule — reopened.
  push failed (non-fatal): Command '['git', 'push', 'origin', 'main']' returned non-zero exit status 1.
[Worker001] T-0117 no dispatch rule — reopened.
Reopened T-0113.
  pushed to origin
[Worker001] T-0113 no dispatch rule — reopened.
=== 2026-04-10T06:29:48Z start Worker001 ===
[Worker001] checking for pending tasks…
=== 2026-04-10T06:29:48Z start Worker001 ===
[Worker001] checking for pending tasks…
=== 2026-04-10T06:29:51Z start Worker001 ===
[Worker001] checking for pending tasks…
[Worker001] claimed T-0117: Donaldson — 1_chronicles_10: add commentary JSON
[Worker001] models: backend=dispatch (local pipeline scripts only; no Claude CLI) ollama=gemma4:e2b (christ gen + task_followup unless --no-followup)
=== 2026-04-10T06:29:52Z start Worker001 ===
[Worker001] checking for pending tasks…
[Worker001] claimed T-0117: Donaldson — 1_chronicles_10: add commentary JSON
[Worker001] models: backend=dispatch (local pipeline scripts only; no Claude CLI) ollama=gemma4:e2b (christ gen + task_followup unless --no-followup)
[Worker001] claimed T-0113: Donaldson — 1_chronicles_1: add commentary JSON
[Worker001] models: backend=dispatch (local pipeline scripts only; no Claude CLI) ollama=gemma4:e2b (christ gen + task_followup unless --no-followup)
Reopened T-0117.
Reopened T-0113.
[Worker001] claimed T-0113: Donaldson — 1_chronicles_1: add commentary JSON
[Worker001] models: backend=dispatch (local pipeline scripts only; no Claude CLI) ollama=gemma4:e2b (christ gen + task_followup unless --no-followup)
  push failed (non-fatal): Command '['git', 'push', 'origin', 'main']' returned non-zero exit status 1.
[Worker001] T-0117 no dispatch rule — reopened.
  push failed (non-fatal): Command '['git', 'push', 'origin', 'main']' returned non-zero exit status 1.
[Worker001] T-0113 no dispatch rule — reopened.
Reopened T-0117.
Reopened T-0113.
  [ledger] pushed to origin
  push failed (non-fatal): Command '['git', 'push', 'origin', 'main']' returned non-zero exit status 1.
[Worker001] T-0117 no dispatch rule — reopened.
  pushed to origin
[Worker001] T-0113 no dispatch rule — reopened.
=== 2026-04-10T06:30:17Z start Worker001 ===
[Worker001] checking for pending tasks…
[Worker001] claimed T-0113: Donaldson — 1_chronicles_1: add commentary JSON
[Worker001] models: backend=dispatch (local pipeline scripts only; no Claude CLI) ollama=gemma4:e2b (christ gen + task_followup unless --no-followup)
=== 2026-04-10T06:30:18Z start Worker001 ===
Reopened T-0113.
[Worker001] checking for pending tasks…
[Worker001] claimed T-0113: Donaldson — 1_chronicles_1: add commentary JSON
[Worker001] models: backend=dispatch (local pipeline scripts only; no Claude CLI) ollama=gemma4:e2b (christ gen + task_followup unless --no-followup)
Reopened T-0113.
=== 2026-04-10T06:30:20Z start Worker001 ===
[Worker001] checking for pending tasks…
[Worker001] claimed T-0113: Donaldson — 1_chronicles_1: add commentary JSON
[Worker001] models: backend=dispatch (local pipeline scripts only; no Claude CLI) ollama=gemma4:e2b (christ gen + task_followup unless --no-followup)
  push failed (non-fatal): Command '['git', 'push', 'origin', 'main']' returned non-zero exit status 1.
[Worker001] T-0113 no dispatch rule — reopened.
=== 2026-04-10T06:30:22Z start Worker001 ===
  push failed (non-fatal): Command '['git', 'push', 'origin', 'main']' returned non-zero exit status 1.
[Worker001] T-0113 no dispatch rule — reopened.
[Worker001] checking for pending tasks…
[Worker001] claimed T-0113: Donaldson — 1_chronicles_1: add commentary JSON
[Worker001] models: backend=dispatch (local pipeline scripts only; no Claude CLI) ollama=gemma4:e2b (christ gen + task_followup unless --no-followup)
Reopened T-0113.
Reopened T-0113.
  push failed (non-fatal): Command '['git', 'push', 'origin', 'main']' returned non-zero exit status 1.
[Worker001] T-0113 no dispatch rule — reopened.
  pushed to origin
[Worker001] T-0113 no dispatch rule — reopened.
=== 2026-04-10T06:30:46Z start Worker001 ===
[Worker001] checking for pending tasks…
[Worker001] claimed T-0113: Donaldson — 1_chronicles_1: add commentary JSON
[Worker001] models: backend=dispatch (local pipeline scripts only; no Claude CLI) ollama=gemma4:e2b (christ gen + task_followup unless --no-followup)
Reopened T-0113.
=== 2026-04-10T06:30:47Z start Worker001 ===
[Worker001] checking for pending tasks…
[Worker001] claimed T-0113: Donaldson — 1_chronicles_1: add commentary JSON
[Worker001] models: backend=dispatch (local pipeline scripts only; no Claude CLI) ollama=gemma4:e2b (christ gen + task_followup unless --no-followup)
Reopened T-0113.
  push failed (non-fatal): Command '['git', 'push', 'origin', 'main']' returned non-zero exit status 1.
[Worker001] T-0113 no dispatch rule — reopened.
=== 2026-04-10T06:30:51Z start Worker001 ===
  push failed (non-fatal): Command '['git', 'push', 'origin', 'main']' returned non-zero exit status 1.
[Worker001] T-0113 no dispatch rule — reopened.
[Worker001] checking for pending tasks…
[Worker001] claimed T-0113: Donaldson — 1_chronicles_1: add commentary JSON
[Worker001] models: backend=dispatch (local pipeline scripts only; no Claude CLI) ollama=gemma4:e2b (christ gen + task_followup unless --no-followup)
Reopened T-0113.
=== 2026-04-10T06:30:53Z start Worker001 ===
[Worker001] checking for pending tasks…
[Worker001] claimed T-0113: Donaldson — 1_chronicles_1: add commentary JSON
[Worker001] models: backend=dispatch (local pipeline scripts only; no Claude CLI) ollama=gemma4:e2b (christ gen + task_followup unless --no-followup)
Reopened T-0113.
  push failed (non-fatal): Command '['git', 'push', 'origin', 'main']' returned non-zero exit status 1.
[Worker001] T-0113 no dispatch rule — reopened.
  push failed (non-fatal): Command '['git', 'push', 'origin', 'main']' returned non-zero exit status 1.
[Worker001] T-0113 no dispatch rule — reopened.
=== 2026-04-10T06:31:19Z start Worker001 ===
[Worker001] checking for pending tasks…
=== 2026-04-10T06:31:21Z start Worker001 ===
[Worker001] checking for pending tasks…
=== 2026-04-10T06:31:22Z start Worker001 ===
[Worker001] checking for pending tasks…
[Worker001] claimed T-0117: Donaldson — 1_chronicles_10: add commentary JSON
[Worker001] models: backend=dispatch (local pipeline scripts only; no Claude CLI) ollama=gemma4:e2b (christ gen + task_followup unless --no-followup)
[Worker001] claimed T-0113: Donaldson — 1_chronicles_1: add commentary JSON
[Worker001] models: backend=dispatch (local pipeline scripts only; no Claude CLI) ollama=gemma4:e2b (christ gen + task_followup unless --no-followup)
Reopened T-0117.
Reopened T-0113.
=== 2026-04-10T06:31:25Z start Worker001 ===
[Worker001] checking for pending tasks…
[Worker001] claimed T-0113: Donaldson — 1_chronicles_1: add commentary JSON
[Worker001] models: backend=dispatch (local pipeline scripts only; no Claude CLI) ollama=gemma4:e2b (christ gen + task_followup unless --no-followup)
  push failed (non-fatal): Command '['git', 'push', 'origin', 'main']' returned non-zero exit status 1.
[Worker001] T-0117 no dispatch rule — reopened.
[Worker001] claimed T-0113: Donaldson — 1_chronicles_1: add commentary JSON
[Worker001] models: backend=dispatch (local pipeline scripts only; no Claude CLI) ollama=gemma4:e2b (christ gen + task_followup unless --no-followup)
Reopened T-0113.
  push failed (non-fatal): Command '['git', 'push', 'origin', 'main']' returned non-zero exit status 1.
[Worker001] T-0113 no dispatch rule — reopened.
Reopened T-0113.
  pushed to origin
[Worker001] T-0113 no dispatch rule — reopened.
  push failed (non-fatal): Command '['git', 'push', 'origin', 'main']' returned non-zero exit status 1.
[Worker001] T-0113 no dispatch rule — reopened.
=== 2026-04-10T06:31:49Z start Worker001 ===
[Worker001] checking for pending tasks…
[Worker001] claimed T-0113: Donaldson — 1_chronicles_1: add commentary JSON
[Worker001] models: backend=dispatch (local pipeline scripts only; no Claude CLI) ollama=gemma4:e2b (christ gen + task_followup unless --no-followup)
=== 2026-04-10T06:31:50Z start Worker001 ===
[Worker001] checking for pending tasks…
Reopened T-0113.
[Worker001] claimed T-0117: Donaldson — 1_chronicles_10: add commentary JSON
[Worker001] models: backend=dispatch (local pipeline scripts only; no Claude CLI) ollama=gemma4:e2b (christ gen + task_followup unless --no-followup)
Reopened T-0117.
=== 2026-04-10T06:31:52Z start Worker001 ===
[Worker001] checking for pending tasks…
[Worker001] claimed T-0113: Donaldson — 1_chronicles_1: add commentary JSON
[Worker001] models: backend=dispatch (local pipeline scripts only; no Claude CLI) ollama=gemma4:e2b (christ gen + task_followup unless --no-followup)
Reopened T-0113.
  push failed (non-fatal): Command '['git', 'push', 'origin', 'main']' returned non-zero exit status 1.
[Worker001] T-0113 no dispatch rule — reopened.
  push failed (non-fatal): Command '['git', 'push', 'origin', 'main']' returned non-zero exit status 1.
[Worker001] T-0117 no dispatch rule — reopened.
  push failed (non-fatal): Command '['git', 'push', 'origin', 'main']' returned non-zero exit status 1.
[Worker001] T-0113 no dispatch rule — reopened.
=== 2026-04-10T06:31:57Z start Worker001 ===
[Worker001] checking for pending tasks…
[Worker001] claimed T-0113: Donaldson — 1_chronicles_1: add commentary JSON
[Worker001] models: backend=dispatch (local pipeline scripts only; no Claude CLI) ollama=gemma4:e2b (christ gen + task_followup unless --no-followup)
Reopened T-0113.
  push failed (non-fatal): Command '['git', 'push', 'origin', 'main']' returned non-zero exit status 1.
[Worker001] T-0113 no dispatch rule — reopened.
=== 2026-04-10T06:32:20Z start Worker001 ===
[Worker001] checking for pending tasks…
=== 2026-04-10T06:32:21Z start Worker001 ===
[Worker001] checking for pending tasks…
[Worker001] claimed T-0113: Donaldson — 1_chronicles_1: add commentary JSON
[Worker001] models: backend=dispatch (local pipeline scripts only; no Claude CLI) ollama=gemma4:e2b (christ gen + task_followup unless --no-followup)
Reopened T-0113.
[Worker001] claimed T-0113: Donaldson — 1_chronicles_1: add commentary JSON
[Worker001] models: backend=dispatch (local pipeline scripts only; no Claude CLI) ollama=gemma4:e2b (christ gen + task_followup unless --no-followup)
=== 2026-04-10T06:32:25Z start Worker001 ===
[Worker001] checking for pending tasks…
  push failed (non-fatal): Command '['git', 'push', 'origin', 'main']' returned non-zero exit status 1.
[Worker001] T-0113 no dispatch rule — reopened.
[Worker001] claimed T-0113: Donaldson — 1_chronicles_1: add commentary JSON
[Worker001] models: backend=dispatch (local pipeline scripts only; no Claude CLI) ollama=gemma4:e2b (christ gen + task_followup unless --no-followup)
=== 2026-04-10T06:32:26Z start Worker001 ===
[Worker001] checking for pending tasks…
Reopened T-0113.
[Worker001] claimed T-0113: Donaldson — 1_chronicles_1: add commentary JSON
[Worker001] models: backend=dispatch (local pipeline scripts only; no Claude CLI) ollama=gemma4:e2b (christ gen + task_followup unless --no-followup)
Reopened T-0113.
  [ledger] pushed to origin
  push failed (non-fatal): Command '['git', 'push', 'origin', 'main']' returned non-zero exit status 1.
[Worker001] T-0113 no dispatch rule — reopened.
  pushed to origin
[Worker001] T-0113 no dispatch rule — reopened.
Reopened T-0113.
  push failed (non-fatal): Command '['git', 'push', 'origin', 'main']' returned non-zero exit status 1.
[Worker001] T-0113 no dispatch rule — reopened.
=== 2026-04-10T06:32:51Z start Worker001 ===
[Worker001] checking for pending tasks…
[Worker001] claimed T-0113: Donaldson — 1_chronicles_1: add commentary JSON
[Worker001] models: backend=dispatch (local pipeline scripts only; no Claude CLI) ollama=gemma4:e2b (christ gen + task_followup unless --no-followup)
Reopened T-0113.
=== 2026-04-10T06:32:52Z start Worker001 ===
[Worker001] checking for pending tasks…
[Worker001] claimed T-0113: Donaldson — 1_chronicles_1: add commentary JSON
[Worker001] models: backend=dispatch (local pipeline scripts only; no Claude CLI) ollama=gemma4:e2b (christ gen + task_followup unless --no-followup)
Reopened T-0113.
  push failed (non-fatal): Command '['git', 'push', 'origin', 'main']' returned non-zero exit status 1.
[Worker001] T-0113 no dispatch rule — reopened.
=== 2026-04-10T06:32:57Z start Worker001 ===
[Worker001] checking for pending tasks…
  push failed (non-fatal): Command '['git', 'push', 'origin', 'main']' returned non-zero exit status 1.
[Worker001] T-0113 no dispatch rule — reopened.
[Worker001] claimed T-0113: Donaldson — 1_chronicles_1: add commentary JSON
[Worker001] models: backend=dispatch (local pipeline scripts only; no Claude CLI) ollama=gemma4:e2b (christ gen + task_followup unless --no-followup)
=== 2026-04-10T06:32:58Z start Worker001 ===
Reopened T-0113.
[Worker001] checking for pending tasks…
[Worker001] claimed T-0113: Donaldson — 1_chronicles_1: add commentary JSON
[Worker001] models: backend=dispatch (local pipeline scripts only; no Claude CLI) ollama=gemma4:e2b (christ gen + task_followup unless --no-followup)
Reopened T-0113.
  push failed (non-fatal): Command '['git', 'push', 'origin', 'main']' returned non-zero exit status 1.
[Worker001] T-0113 no dispatch rule — reopened.
  push failed (non-fatal): Command '['git', 'push', 'origin', 'main']' returned non-zero exit status 1.
[Worker001] T-0113 no dispatch rule — reopened.
=== 2026-04-10T06:33:23Z start Worker001 ===
[Worker001] checking for pending tasks…
[Worker001] claimed T-0113: Donaldson — 1_chronicles_1: add commentary JSON
[Worker001] models: backend=dispatch (local pipeline scripts only; no Claude CLI) ollama=gemma4:e2b (christ gen + task_followup unless --no-followup)
Reopened T-0113.
=== 2026-04-10T06:33:25Z start Worker001 ===
[Worker001] checking for pending tasks…
[Worker001] claimed T-0113: Donaldson — 1_chronicles_1: add commentary JSON
[Worker001] models: backend=dispatch (local pipeline scripts only; no Claude CLI) ollama=gemma4:e2b (christ gen + task_followup unless --no-followup)
Reopened T-0113.
  push failed (non-fatal): Command '['git', 'push', 'origin', 'main']' returned non-zero exit status 1.
[Worker001] T-0113 no dispatch rule — reopened.
=== 2026-04-10T06:33:28Z start Worker001 ===
[Worker001] checking for pending tasks…
  push failed (non-fatal): Command '['git', 'push', 'origin', 'main']' returned non-zero exit status 1.
[Worker001] T-0113 no dispatch rule — reopened.
[Worker001] claimed T-0113: Donaldson — 1_chronicles_1: add commentary JSON
[Worker001] models: backend=dispatch (local pipeline scripts only; no Claude CLI) ollama=gemma4:e2b (christ gen + task_followup unless --no-followup)
Reopened T-0113.
=== 2026-04-10T06:33:29Z start Worker001 ===
[Worker001] checking for pending tasks…
[Worker001] claimed T-0113: Donaldson — 1_chronicles_1: add commentary JSON
[Worker001] models: backend=dispatch (local pipeline scripts only; no Claude CLI) ollama=gemma4:e2b (christ gen + task_followup unless --no-followup)
Reopened T-0113.
  push failed (non-fatal): Command '['git', 'push', 'origin', 'main']' returned non-zero exit status 1.
[Worker001] T-0113 no dispatch rule — reopened.
  push failed (non-fatal): Command '['git', 'push', 'origin', 'main']' returned non-zero exit status 1.
[Worker001] T-0113 no dispatch rule — reopened.
=== 2026-04-10T06:33:54Z start Worker001 ===
[Worker001] checking for pending tasks…
[Worker001] claimed T-0113: Donaldson — 1_chronicles_1: add commentary JSON
[Worker001] models: backend=dispatch (local pipeline scripts only; no Claude CLI) ollama=gemma4:e2b (christ gen + task_followup unless --no-followup)
Reopened T-0113.
=== 2026-04-10T06:33:55Z start Worker001 ===
[Worker001] checking for pending tasks…
[Worker001] claimed T-0113: Donaldson — 1_chronicles_1: add commentary JSON
[Worker001] models: backend=dispatch (local pipeline scripts only; no Claude CLI) ollama=gemma4:e2b (christ gen + task_followup unless --no-followup)
Reopened T-0113.
  push failed (non-fatal): Command '['git', 'push', 'origin', 'main']' returned non-zero exit status 1.
[Worker001] T-0113 no dispatch rule — reopened.
  push failed (non-fatal): Command '['git', 'push', 'origin', 'main']' returned non-zero exit status 1.
[Worker001] T-0113 no dispatch rule — reopened.
=== 2026-04-10T06:33:59Z start Worker001 ===
[Worker001] checking for pending tasks…
[Worker001] claimed T-0113: Donaldson — 1_chronicles_1: add commentary JSON
[Worker001] models: backend=dispatch (local pipeline scripts only; no Claude CLI) ollama=gemma4:e2b (christ gen + task_followup unless --no-followup)
=== 2026-04-10T06:33:59Z start Worker001 ===
[Worker001] checking for pending tasks…
Reopened T-0113.
[Worker001] claimed T-0113: Donaldson — 1_chronicles_1: add commentary JSON
[Worker001] models: backend=dispatch (local pipeline scripts only; no Claude CLI) ollama=gemma4:e2b (christ gen + task_followup unless --no-followup)
Reopened T-0113.
  push failed (non-fatal): Command '['git', 'push', 'origin', 'main']' returned non-zero exit status 1.
[Worker001] T-0113 no dispatch rule — reopened.
  push failed (non-fatal): Command '['git', 'push', 'origin', 'main']' returned non-zero exit status 1.
[Worker001] T-0113 no dispatch rule — reopened.
=== 2026-04-10T06:34:24Z start Worker001 ===
[Worker001] checking for pending tasks…
=== 2026-04-10T06:34:26Z start Worker001 ===
[Worker001] checking for pending tasks…
[Worker001] claimed T-0113: Donaldson — 1_chronicles_1: add commentary JSON
[Worker001] models: backend=dispatch (local pipeline scripts only; no Claude CLI) ollama=gemma4:e2b (christ gen + task_followup unless --no-followup)
[Worker001] claimed T-0113: Donaldson — 1_chronicles_1: add commentary JSON
[Worker001] models: backend=dispatch (local pipeline scripts only; no Claude CLI) ollama=gemma4:e2b (christ gen + task_followup unless --no-followup)
=== 2026-04-10T06:34:28Z start Worker001 ===
[Worker001] checking for pending tasks…
[Worker001] claimed T-0113: Donaldson — 1_chronicles_1: add commentary JSON
[Worker001] models: backend=dispatch (local pipeline scripts only; no Claude CLI) ollama=gemma4:e2b (christ gen + task_followup unless --no-followup)
=== 2026-04-10T06:34:29Z start Worker001 ===
[Worker001] checking for pending tasks…
Reopened T-0113.
[Worker001] claimed T-0113: Donaldson — 1_chronicles_1: add commentary JSON
[Worker001] models: backend=dispatch (local pipeline scripts only; no Claude CLI) ollama=gemma4:e2b (christ gen + task_followup unless --no-followup)
Reopened T-0113.
  [ledger] pushed to origin
  push failed (non-fatal): Command '['git', 'push', 'origin', 'main']' returned non-zero exit status 1.
[Worker001] T-0113 no dispatch rule — reopened.
Reopened T-0113.
  pushed to origin
[Worker001] T-0113 no dispatch rule — reopened.
Reopened T-0113.
  pushed to origin
[Worker001] T-0113 no dispatch rule — reopened.
  pushed to origin
[Worker001] T-0113 no dispatch rule — reopened.
=== 2026-04-10T06:34:54Z start Worker001 ===
[Worker001] checking for pending tasks…
[Worker001] claimed T-0113: Donaldson — 1_chronicles_1: add commentary JSON
[Worker001] models: backend=dispatch (local pipeline scripts only; no Claude CLI) ollama=gemma4:e2b (christ gen + task_followup unless --no-followup)
=== 2026-04-10T06:34:55Z start Worker001 ===
[Worker001] checking for pending tasks…
=== 2026-04-10T06:34:56Z start Worker001 ===
[Worker001] checking for pending tasks…
[Worker001] claimed T-0117: Donaldson — 1_chronicles_10: add commentary JSON
[Worker001] models: backend=dispatch (local pipeline scripts only; no Claude CLI) ollama=gemma4:e2b (christ gen + task_followup unless --no-followup)
Reopened T-0117.
=== 2026-04-10T06:34:58Z start Worker001 ===
[Worker001] checking for pending tasks…
[Worker001] claimed T-0113: Donaldson — 1_chronicles_1: add commentary JSON
[Worker001] models: backend=dispatch (local pipeline scripts only; no Claude CLI) ollama=gemma4:e2b (christ gen + task_followup unless --no-followup)
Reopened T-0113.
Reopened T-0113.
[Worker001] claimed T-0113: Donaldson — 1_chronicles_1: add commentary JSON
[Worker001] models: backend=dispatch (local pipeline scripts only; no Claude CLI) ollama=gemma4:e2b (christ gen + task_followup unless --no-followup)
  push failed (non-fatal): Command '['git', 'push', 'origin', 'main']' returned non-zero exit status 1.
[Worker001] T-0117 no dispatch rule — reopened.
  push failed (non-fatal): Command '['git', 'push', 'origin', 'main']' returned non-zero exit status 1.
[Worker001] T-0113 no dispatch rule — reopened.
  push failed (non-fatal): Command '['git', 'push', 'origin', 'main']' returned non-zero exit status 1.
[Worker001] T-0113 no dispatch rule — reopened.
Reopened T-0113.
  [ledger] pushed to origin
  pushed to origin
[Worker001] T-0113 no dispatch rule — reopened.
=== 2026-04-10T06:35:24Z start Worker001 ===
[Worker001] checking for pending tasks…
[Worker001] claimed T-0113: Donaldson — 1_chronicles_1: add commentary JSON
[Worker001] models: backend=dispatch (local pipeline scripts only; no Claude CLI) ollama=gemma4:e2b (christ gen + task_followup unless --no-followup)
Reopened T-0113.
=== 2026-04-10T06:35:26Z start Worker001 ===
[Worker001] checking for pending tasks…
=== 2026-04-10T06:35:27Z start Worker001 ===
[Worker001] checking for pending tasks…
  push failed (non-fatal): Command '['git', 'push', 'origin', 'main']' returned non-zero exit status 1.
[Worker001] T-0113 no dispatch rule — reopened.
[Worker001] claimed T-0113: Donaldson — 1_chronicles_1: add commentary JSON
[Worker001] models: backend=dispatch (local pipeline scripts only; no Claude CLI) ollama=gemma4:e2b (christ gen + task_followup unless --no-followup)
=== 2026-04-10T06:35:29Z start Worker001 ===
[Worker001] checking for pending tasks…
Reopened T-0113.
[Worker001] claimed T-0117: Donaldson — 1_chronicles_10: add commentary JSON
[Worker001] models: backend=dispatch (local pipeline scripts only; no Claude CLI) ollama=gemma4:e2b (christ gen + task_followup unless --no-followup)
Reopened T-0117.
[Worker001] claimed T-0113: Donaldson — 1_chronicles_1: add commentary JSON
[Worker001] models: backend=dispatch (local pipeline scripts only; no Claude CLI) ollama=gemma4:e2b (christ gen + task_followup unless --no-followup)
  push failed (non-fatal): Command '['git', 'push', 'origin', 'main']' returned non-zero exit status 1.
[Worker001] T-0113 no dispatch rule — reopened.
  push failed (non-fatal): Command '['git', 'push', 'origin', 'main']' returned non-zero exit status 1.
[Worker001] T-0117 no dispatch rule — reopened.
Reopened T-0113.
  pushed to origin
[Worker001] T-0113 no dispatch rule — reopened.
=== 2026-04-10T06:35:58Z start Worker001 ===
[Worker001] checking for pending tasks…
=== 2026-04-10T06:35:58Z start Worker001 ===
[Worker001] checking for pending tasks…
[Worker001] claimed T-0113: Donaldson — 1_chronicles_1: add commentary JSON
[Worker001] models: backend=dispatch (local pipeline scripts only; no Claude CLI) ollama=gemma4:e2b (christ gen + task_followup unless --no-followup)
[Worker001] claimed T-0117: Donaldson — 1_chronicles_10: add commentary JSON
[Worker001] models: backend=dispatch (local pipeline scripts only; no Claude CLI) ollama=gemma4:e2b (christ gen + task_followup unless --no-followup)
Reopened T-0117.
=== 2026-04-10T06:35:59Z start Worker001 ===
[Worker001] checking for pending tasks…
=== 2026-04-10T06:36:00Z start Worker001 ===
[Worker001] checking for pending tasks…
[Worker001] claimed T-0113: Donaldson — 1_chronicles_1: add commentary JSON
[Worker001] models: backend=dispatch (local pipeline scripts only; no Claude CLI) ollama=gemma4:e2b (christ gen + task_followup unless --no-followup)
Reopened T-0113.
  push failed (non-fatal): Command '['git', 'push', 'origin', 'main']' returned non-zero exit status 1.
[Worker001] T-0117 no dispatch rule — reopened.
Reopened T-0113.
  pushed to origin
[Worker001] T-0113 no dispatch rule — reopened.
[Worker001] claimed T-0117: Donaldson — 1_chronicles_10: add commentary JSON
[Worker001] models: backend=dispatch (local pipeline scripts only; no Claude CLI) ollama=gemma4:e2b (christ gen + task_followup unless --no-followup)
  push failed (non-fatal): Command '['git', 'push', 'origin', 'main']' returned non-zero exit status 1.
[Worker001] T-0113 no dispatch rule — reopened.
Reopened T-0117.
  pushed to origin
[Worker001] T-0117 no dispatch rule — reopened.
=== 2026-04-10T06:36:24Z start Worker001 ===
[Worker001] checking for pending tasks…
[Worker001] claimed T-0113: Donaldson — 1_chronicles_1: add commentary JSON
[Worker001] models: backend=dispatch (local pipeline scripts only; no Claude CLI) ollama=gemma4:e2b (christ gen + task_followup unless --no-followup)
Reopened T-0113.
  push failed (non-fatal): Command '['git', 'push', 'origin', 'main']' returned non-zero exit status 1.
[Worker001] T-0113 no dispatch rule — reopened.
=== 2026-04-10T06:36:30Z start Worker001 ===
[Worker001] checking for pending tasks…
=== 2026-04-10T06:36:30Z start Worker001 ===
[Worker001] checking for pending tasks…
[Worker001] claimed T-0113: Donaldson — 1_chronicles_1: add commentary JSON
[Worker001] models: backend=dispatch (local pipeline scripts only; no Claude CLI) ollama=gemma4:e2b (christ gen + task_followup unless --no-followup)
=== 2026-04-10T06:36:31Z start Worker001 ===
[Worker001] checking for pending tasks…
Reopened T-0113.
[Worker001] claimed T-0117: Donaldson — 1_chronicles_10: add commentary JSON
[Worker001] models: backend=dispatch (local pipeline scripts only; no Claude CLI) ollama=gemma4:e2b (christ gen + task_followup unless --no-followup)
Reopened T-0117.
[Worker001] claimed T-0113: Donaldson — 1_chronicles_1: add commentary JSON
[Worker001] models: backend=dispatch (local pipeline scripts only; no Claude CLI) ollama=gemma4:e2b (christ gen + task_followup unless --no-followup)
  push failed (non-fatal): Command '['git', 'push', 'origin', 'main']' returned non-zero exit status 1.
[Worker001] T-0113 no dispatch rule — reopened.
  push failed (non-fatal): Command '['git', 'push', 'origin', 'main']' returned non-zero exit status 1.
[Worker001] T-0117 no dispatch rule — reopened.
Reopened T-0113.
  push failed (non-fatal): Command '['git', 'push', 'origin', 'main']' returned non-zero exit status 1.
[Worker001] T-0113 no dispatch rule — reopened.
=== 2026-04-10T06:36:56Z start Worker001 ===
[Worker001] checking for pending tasks…
[Worker001] claimed T-0113: Donaldson — 1_chronicles_1: add commentary JSON
[Worker001] models: backend=dispatch (local pipeline scripts only; no Claude CLI) ollama=gemma4:e2b (christ gen + task_followup unless --no-followup)
Reopened T-0113.
  pushed to origin
[Worker001] T-0113 no dispatch rule — reopened.
=== 2026-04-10T06:37:00Z start Worker001 ===
[Worker001] checking for pending tasks…
[Worker001] claimed T-0113: Donaldson — 1_chronicles_1: add commentary JSON
[Worker001] models: backend=dispatch (local pipeline scripts only; no Claude CLI) ollama=gemma4:e2b (christ gen + task_followup unless --no-followup)
=== 2026-04-10T06:37:01Z start Worker001 ===
=== 2026-04-10T06:37:01Z start Worker001 ===
Reopened T-0113.
[Worker001] checking for pending tasks…
[Worker001] checking for pending tasks…
[Worker001] claimed T-0113: Donaldson — 1_chronicles_1: add commentary JSON
[Worker001] models: backend=dispatch (local pipeline scripts only; no Claude CLI) ollama=gemma4:e2b (christ gen + task_followup unless --no-followup)
[Worker001] claimed T-0113: Donaldson — 1_chronicles_1: add commentary JSON
[Worker001] models: backend=dispatch (local pipeline scripts only; no Claude CLI) ollama=gemma4:e2b (christ gen + task_followup unless --no-followup)
Reopened T-0113.
Reopened T-0113.
  push failed (non-fatal): Command '['git', 'push', 'origin', 'main']' returned non-zero exit status 1.
[Worker001] T-0113 no dispatch rule — reopened.
  push failed (non-fatal): Command '['git', 'push', 'origin', 'main']' returned non-zero exit status 1.
[Worker001] T-0113 no dispatch rule — reopened.
  push failed (non-fatal): Command '['git', 'push', 'origin', 'main']' returned non-zero exit status 1.
[Worker001] T-0113 no dispatch rule — reopened.
=== 2026-04-10T06:37:27Z start Worker001 ===
[Worker001] checking for pending tasks…
[Worker001] claimed T-0113: Donaldson — 1_chronicles_1: add commentary JSON
[Worker001] models: backend=dispatch (local pipeline scripts only; no Claude CLI) ollama=gemma4:e2b (christ gen + task_followup unless --no-followup)
=== 2026-04-10T06:37:30Z start Worker001 ===
[Worker001] checking for pending tasks…
Reopened T-0113.
[Worker001] claimed T-0113: Donaldson — 1_chronicles_1: add commentary JSON
[Worker001] models: backend=dispatch (local pipeline scripts only; no Claude CLI) ollama=gemma4:e2b (christ gen + task_followup unless --no-followup)
=== 2026-04-10T06:37:31Z start Worker001 ===
[Worker001] checking for pending tasks…
=== 2026-04-10T06:37:32Z start Worker001 ===
  pushed to origin
[Worker001] T-0113 no dispatch rule — reopened.
[Worker001] checking for pending tasks…
[Worker001] claimed T-0117: Donaldson — 1_chronicles_10: add commentary JSON
[Worker001] models: backend=dispatch (local pipeline scripts only; no Claude CLI) ollama=gemma4:e2b (christ gen + task_followup unless --no-followup)
Reopened T-0117.
Reopened T-0113.
[Worker001] claimed T-0113: Donaldson — 1_chronicles_1: add commentary JSON
[Worker001] models: backend=dispatch (local pipeline scripts only; no Claude CLI) ollama=gemma4:e2b (christ gen + task_followup unless --no-followup)
  push failed (non-fatal): Command '['git', 'push', 'origin', 'main']' returned non-zero exit status 1.
[Worker001] T-0117 no dispatch rule — reopened.
  push failed (non-fatal): Command '['git', 'push', 'origin', 'main']' returned non-zero exit status 1.
[Worker001] T-0113 no dispatch rule — reopened.
Reopened T-0113.
  [ledger] pushed to origin
  pushed to origin
[Worker001] T-0113 no dispatch rule — reopened.
=== 2026-04-10T06:37:56Z start Worker001 ===
[Worker001] checking for pending tasks…
[Worker001] claimed T-0113: Donaldson — 1_chronicles_1: add commentary JSON
[Worker001] models: backend=dispatch (local pipeline scripts only; no Claude CLI) ollama=gemma4:e2b (christ gen + task_followup unless --no-followup)
Reopened T-0113.
  pushed to origin
[Worker001] T-0113 no dispatch rule — reopened.
=== 2026-04-10T06:38:01Z start Worker001 ===
[Worker001] checking for pending tasks…
=== 2026-04-10T06:38:02Z start Worker001 ===
[Worker001] checking for pending tasks…
[Worker001] claimed T-0117: Donaldson — 1_chronicles_10: add commentary JSON
[Worker001] models: backend=dispatch (local pipeline scripts only; no Claude CLI) ollama=gemma4:e2b (christ gen + task_followup unless --no-followup)
=== 2026-04-10T06:38:02Z start Worker001 ===
[Worker001] checking for pending tasks…
[Worker001] claimed T-0118: Registry Wikipedia — scripture_people batch 2/46 (1 entries)
[Worker001] models: backend=dispatch (local pipeline scripts only; no Claude CLI) ollama=gemma4:e2b (christ gen + task_followup unless --no-followup)
  [dispatch] /Library/Developer/CommandLineTools/usr/bin/python3 /Users/reify/Classified/wescripture/lds_pipeline/build_entity_wikipedia.py --scripture-people --limit 1
Reopened T-0117.
[Worker001] claimed T-0118: Registry Wikipedia — scripture_people batch 2/46 (1 entries)
[Worker001] models: backend=dispatch (local pipeline scripts only; no Claude CLI) ollama=gemma4:e2b (christ gen + task_followup unless --no-followup)
  [dispatch] /Library/Developer/CommandLineTools/usr/bin/python3 /Users/reify/Classified/wescripture/lds_pipeline/build_entity_wikipedia.py --scripture-people --limit 1
  push failed (non-fatal): Command '['git', 'push', 'origin', 'main']' returned non-zero exit status 1.
[Worker001] T-0117 no dispatch rule — reopened.
